Track name,Artist name,Album name,Spotify ID,Spotify URL,Taste Match,Mood,Local Filename
Exemption,Jan Martin,2018 September,13UfVeRCkCYeFJMImLiRmk,https://open.spotify.com/track/13UfVeRCkCYeFJMImLiRmk,99%,Hypnotic Trance,Jan Martin - Exemption [www.slider.kz].mp3
Exemption (Abstract Vision & Elite Electronic Remix),Jan Martin,2018 September,13UfVeRCkCYeFJMImLiRmk,https://open.spotify.com/track/13UfVeRCkCYeFJMImLiRmk,99%,Hypnotic Trance,Jan Martin - Exemption (Abstract Vision & Elite Electronic Remix) [www.slider.kz].mp3
Exemption (Abstract Vision and Elite Electronic Remix) [Enhanced Progressive],Jan Martin,2018 September,13UfVeRCkCYeFJMImLiRmk,https://open.spotify.com/track/13UfVeRCkCYeFJMImLiRmk,99%,Hypnotic Trance,Jan Martin - Exemption (Abstract Vision and Elite Electronic Remix) [Enhanced Progressive] [www.slider.kz].mp3
Come With Me,Nora En Pure,2017 November,1Ht4NJdY8adMsW540P5vG0,https://open.spotify.com/track/1Ht4NJdY8adMsW540P5vG0,99%,Sunset Deep House,Nora En Pure - Come With Me.mp3
Come With Me (Satin Jackets Remix),Nora En Pure,2017 November,1Ht4NJdY8adMsW540P5vG0,https://open.spotify.com/track/1Ht4NJdY8adMsW540P5vG0,99%,Sunset Deep House,Nora En Pure - Come With Me (Satin Jackets Remix).mp3
Need To Feel Loved (Adam K & Soha Vocal Mix),Reflekt,Root,30cjLreSF4Xq0uAB89i2Ac,https://open.spotify.com/track/30cjLreSF4Xq0uAB89i2Ac,99%,Hypnotic Trance,Reflekt - Need To Feel Loved (Adam K & Soha Vocal Mix) FULL HD.mp3
Need To Feel Loved (Chillion rework),Reflekt,2017 Febuary,30cjLreSF4Xq0uAB89i2Ac,https://open.spotify.com/track/30cjLreSF4Xq0uAB89i2Ac,99%,Hypnotic Trance,Reflekt - Need To Feel Loved (Chillion rework).mp3
Bella Monaco,Rex Mundi,2018 November,6aKtq5pTv4vgvr3X1ypR8U,https://open.spotify.com/track/6aKtq5pTv4vgvr3X1ypR8U,99%,Hypnotic Trance,Rex Mundi - Bella Monaco [www.slider.kz].mp3
Bella Monaco (Original Mix),Rex Mundi,2018 November,6aKtq5pTv4vgvr3X1ypR8U,https://open.spotify.com/track/6aKtq5pTv4vgvr3X1ypR8U,99%,Hypnotic Trance,Rex Mundi  -  Bella Monaco (Original Mix) [www.slider.kz].mp3
Sokana Makana,Vijay & Sofia,2020 July,0ArTTqQ0eRCwiXCcyA46jk,https://open.spotify.com/track/0ArTTqQ0eRCwiXCcyA46jk,99%,Sunset Deep House,Vijay & Sofia - Sokana Makana.mp3
Sokana Makana (Ådå Afro Remix),Vijay & Sofia,2020 July,0ArTTqQ0eRCwiXCcyA46jk,https://open.spotify.com/track/0ArTTqQ0eRCwiXCcyA46jk,99%,Sunset Deep House,Vijay & Sofia - Sokana Makana (Ådå Afro House Remix).mp3
Perfect Strangers,Jonas Blue ft. JP Cooper,2016 December,1BUqLKA2wDKrA5VGNVNo2N,https://open.spotify.com/track/1BUqLKA2wDKrA5VGNVNo2N,97%,Sunset Deep House,Jonas Blue ft. JP Cooper - Perfect Strangers.mp3
jubel--video,Klingande,2016 June,50iiZEZm96c3SLZAhZfXBa,https://open.spotify.com/track/50iiZEZm96c3SLZAhZfXBa,97%,Sunset Deep House,klingande-jubel-official-video-hd[mp3freex].mp3
Till Dawn (feat. Audrey Janssens),Lexer,2017 Febuary,3fus3Mu9Q1KtJoVudfOY7b,https://open.spotify.com/track/3fus3Mu9Q1KtJoVudfOY7b,97%,Sunset Deep House,Lexer - Till Dawn (feat. Audrey Janssens).mp3
6 Days,"Mahmut Orhan, Colonel Bagshot",2018 August,5ilKR6ucV43TXQFLoLVpsb,https://open.spotify.com/track/5ilKR6ucV43TXQFLoLVpsb,97%,Sunset Deep House,"Mahmut Orhan, Colonel Bagshot - 6 Days [www.slider.kz].mp3"
No Man No Cry (Jimmy Sax Version),"Oliver Koletzki, Jimmy Sax",2018 August,426lDtGrejS1wga7gmAmDv,https://open.spotify.com/track/426lDtGrejS1wga7gmAmDv,97%,Sunset Deep House,"Oliver Koletzki, Jimmy Sax - No Man No Cry (Jimmy Sax Version) [www.slider.kz].mp3"
Holdin' On,Pascal Junior,2019 July,0MCZksPtemC2ZTS8yzKnrr,https://open.spotify.com/track/0MCZksPtemC2ZTS8yzKnrr,97%,Sunset Deep House,Pascal Junior - Holdin' On [www.slider.kz].mp3
Sugar (feat. Francesco Yates),Robin Schulz feat. Francesco Yates,2019 July,010pkr75M88nolpgOK3KP0,https://open.spotify.com/track/010pkr75M88nolpgOK3KP0,97%,Sunset Deep House,Robin Schulz feat. Francesco Yates - Sugar (feat. Francesco Yates) [www.slider.kz].mp3
Fast Car ft. River,Tobtok,2016 December,0zYKkOvUgOL8gceY8Eh1Wh,https://open.spotify.com/track/0zYKkOvUgOL8gceY8Eh1Wh,97%,Sunset Deep House,Tobtok - Fast Car ft. River.mp3
imany-vs-syntheticsax-you-will-never-know-ivan-spell-daniel-magre-reboot,Various Artists,2016 November,3hPk3yCkqQBUoxl5RnwiGF,https://open.spotify.com/track/3hPk3yCkqQBUoxl5RnwiGF,97%,Sunset Deep House,imany-vs-syntheticsax-you-will-never-know-ivan-spell-daniel-magre-reboot[mp3freex].mp3
Aleya,Vijay & Sofia,2020 July,3NyGXWv6mBCdXtFZRIDzeq,https://open.spotify.com/track/3NyGXWv6mBCdXtFZRIDzeq,97%,Sunset Deep House,Vijay & Sofia - Aleya.mp3
Aquadrops,Vijay & Sofia,2020 July,5BXWBYrH2eGbAN02whXD7Z,https://open.spotify.com/track/5BXWBYrH2eGbAN02whXD7Z,97%,Sunset Deep House,Vijay & Sofia - Aquadrops.mp3
Breathe,Vijay & Sofia,2020 July,0dwgRdKAQSRhKplopg6aaH,https://open.spotify.com/track/0dwgRdKAQSRhKplopg6aaH,97%,Sunset Deep House,Vijay & Sofia - Breathe.mp3
Hello,Vijay & Sofia,2020 July,3X8QRzvLn2S3xPVg7CmpmU,https://open.spotify.com/track/3X8QRzvLn2S3xPVg7CmpmU,97%,Sunset Deep House,Vijay & Sofia - Hello.mp3
Sunshine,Vijay & Sofia,2020 July,2MWcJ3kfKjfnJ8h8HePT15,https://open.spotify.com/track/2MWcJ3kfKjfnJ8h8HePT15,97%,Sunset Deep House,Vijay & Sofia - Sunshine.mp3
Take Me With You,Vijay & Sofia,2020 July,5zwSfemmqipIz1UXPE0ElM,https://open.spotify.com/track/5zwSfemmqipIz1UXPE0ElM,97%,Sunset Deep House,Vijay & Sofia - Take Me With You.mp3
The Silence Speaks,Vijay & Sofia,2020 July,3isM0GMCzZtZbklWeVYFCu,https://open.spotify.com/track/3isM0GMCzZtZbklWeVYFCu,97%,Sunset Deep House,Vijay & Sofia - The Silence Speaks.mp3
Jai Ho! (You Are My Destiny),"A.R. Rahman, The Pussycat Dolls feat. Nicole Scherzinger",2018 August,7Kpqjspw4Y7HrvItIRcBiW,https://open.spotify.com/track/7Kpqjspw4Y7HrvItIRcBiW,96%,Desi Soul & Sufi,"A.R. Rahman, The Pussycat Dolls feat. Nicole Scherzinger - Jai Ho! (You Are My Destiny) [www.slider.kz].mp3"
Fantasy (Felix Jaehn Remix),Alina Baraz,2020 April,20YOJ81BuTLbLcBCYnFmQ1,https://open.spotify.com/track/20YOJ81BuTLbLcBCYnFmQ1,96%,Sunset Deep House,Alina Baraz - Fantasy (Felix Jaehn Remix).mp3
She Moves (Mi Ka Remix),Alle Farben,2017 March,6ggAYREO7PlFwI2vbOG3dp,https://open.spotify.com/track/6ggAYREO7PlFwI2vbOG3dp,96%,Sunset Deep House,Alle Farben - She Moves (Mi Ka Remix).mp3
Ecstasy,ATB feat. Tiff Lacey,2018 September,2E09FnAzgoLEw8RzEJEEy9,https://open.spotify.com/track/2E09FnAzgoLEw8RzEJEEy9,96%,Hypnotic Trance,ATB feat. Tiff Lacey - Ecstasy  [www.slider.kz].mp3
Dream (Original Mix),Autograf,2017 March,1RggBIp7p6x0lShTp2KvWp,https://open.spotify.com/track/1RggBIp7p6x0lShTp2KvWp,96%,Sunset Deep House,Autograf - Dream (Original Mix).mp3
Broken Arrows,Avicii,2020 April,260jSxvzkFt71ksvkcy2ke,https://open.spotify.com/track/260jSxvzkFt71ksvkcy2ke,96%,Gym / High Energy,Avicii - Broken Arrows.mp3
Levels (Radio Edit),Avicii,2018 August,6Xe9wT5xeZETPwtaP2ynUz,https://open.spotify.com/track/6Xe9wT5xeZETPwtaP2ynUz,96%,Gym / High Energy,Avicii - Levels (Radio Edit) [www.slider.kz].mp3
Lonely Together,Avicii,2017 December,75NhhYjHO43mvZgYtnXgti,https://open.spotify.com/track/75NhhYjHO43mvZgYtnXgti,96%,Gym / High Energy,Avicii - Lonely Together.mp3
The Nights,Avicii,2018 August,0ct6r3EGTcMLPtrXHDvVjc,https://open.spotify.com/track/0ct6r3EGTcMLPtrXHDvVjc,96%,Gym / High Energy,Avicii - The Nights [www.slider.kz].mp3
Waiting For Love (original),Avicii,2018 August,2P4OICZRVAQcYAV2JReRfj,https://open.spotify.com/track/2P4OICZRVAQcYAV2JReRfj,96%,Gym / High Energy,Avicii - Waiting For Love (original) [www.slider.kz].mp3
You Make Me,Avicii,2017 December,52RK8UVEDgUAgpecOpTQM3,https://open.spotify.com/track/52RK8UVEDgUAgpecOpTQM3,96%,Gym / High Energy,Avicii - You Make Me.mp3
Something New (Robin Schulz Remix),Axwell Λ Ingrosso,2017 Febuary,5C4NMi4fPpdFPnMZVsyG8H,https://open.spotify.com/track/5C4NMi4fPpdFPnMZVsyG8H,96%,Sunset Deep House,Axwell Λ Ingrosso - Something New (Robin Schulz Remix).mp3
Without You (Jon Bach Remix),Blood Groove & Kikis,2018 December,12SaLeLIHGo68hMDW4HzIp,https://open.spotify.com/track/12SaLeLIHGo68hMDW4HzIp,96%,Sunset Deep House,Blood Groove & Kikis - Without You (Jon Bach Remix) [www.slider.kz].mp3
One Kiss,Calvin Harris & Dua Lipa,2018 June,5K4ihcq7sw3imhegdvz5gU,https://open.spotify.com/track/5K4ihcq7sw3imhegdvz5gU,96%,Gym / High Energy,03 - Calvin Harris & Dua Lipa - One Kiss.mp3
Lone Digger,Caravan Palace,2020 May,1TAC5SANfK7l6wGHtUQ7MX,https://open.spotify.com/track/1TAC5SANfK7l6wGHtUQ7MX,96%,Gym / High Energy,Caravan Palace - Lone Digger.mp3
Window Shopper,Cent,2020 July,3hwwIr2pcL2IWBpEUj5Hya,https://open.spotify.com/track/3hwwIr2pcL2IWBpEUj5Hya,96%,Gym / High Energy,50 Cent - Window Shopper.mp3
Follow (Lizot Remix),Charming Horses ft. Jona Bird,2017 March,1R0240tvMsvpsa9coStGgP,https://open.spotify.com/track/1R0240tvMsvpsa9coStGgP,96%,Sunset Deep House,Charming Horses ft. Jona Bird - Follow (Lizot Remix).mp3
Starlight (Blood Groove & Kikis Remix),Claes Rosen,2019 January,00P5cJ8I9pNKkWXtHm6BDK,https://open.spotify.com/track/00P5cJ8I9pNKkWXtHm6BDK,96%,Sunset Deep House,Claes Rosen - Starlight (Blood Groove & Kikis Remix) [www.slider.kz].mp3
Gasolina,Daddy Yankee,2018 August,7hwk1C0AlOV27IWhAANBo1,https://open.spotify.com/track/7hwk1C0AlOV27IWhAANBo1,96%,Gym / High Energy,014 - Daddy Yankee - Gasolina.mp3
Rompe,Daddy Yankee,2018 August,4Xtlw8oXkIOvzV7crUBKeZ,https://open.spotify.com/track/4Xtlw8oXkIOvzV7crUBKeZ,96%,Gym / High Energy,Daddy Yankee - Rompe .mp3
Saade Dil Te Chhuriyan Chaliyan,Daler Mehndi,2020 October,4MmlE62E59WSZtH90Kbu5C,https://open.spotify.com/track/4MmlE62E59WSZtH90Kbu5C,96%,Desi Soul & Sufi,Daler Mehndi - Saade Dil Te Chhuriyan Chaliyan.mp3
Moving Right (Juloboy Remix) [Media Blackout],Dana Jean Phoenix & Medsound,2018 August,1KemfAFRxQOBJ00AEuLzhg,https://open.spotify.com/track/1KemfAFRxQOBJ00AEuLzhg,96%,Sunset Deep House,Dana Jean Phoenix & Medsound - Moving Right (Juloboy Remix) [Media Blackout].mp3
Titanium (feat. Sia),David Guetta feat. Sia,2018 August,004cm4dIZxfnXp5nBUv5TS,https://open.spotify.com/track/004cm4dIZxfnXp5nBUv5TS,96%,Gym / High Energy,David Guetta feat. Sia - Titanium (feat. Sia) [www.slider.kz].mp3
The Veldt ( Kasual Edit),Deadmau5,2017 May,1GD5ooLHgV9nolrem1DBiB,https://open.spotify.com/track/1GD5ooLHgV9nolrem1DBiB,96%,Hypnotic Trance,Deadmau5 - The Veldt ( Kasual Edit).mp3
Gotta Tell You (Original Mix) - Lion Bar,"Deepjack, Mr.Nu",2017 Febuary,2NHSYwGkAvPHzCinY0KwXo,https://open.spotify.com/track/2NHSYwGkAvPHzCinY0KwXo,96%,Sunset Deep House,"Deepjack, Mr.Nu - Gotta Tell You (Original Mix) - Lion Bar -.mp3"
Jolene (GAMPER & DADONI Remix),Dolly Parton,2016 June,6XzM8wBEznCteSOdeHMyTE,https://open.spotify.com/track/6XzM8wBEznCteSOdeHMyTE,96%,Sunset Deep House,Dolly Parton - Jolene (GAMPER & DADONI Remix).mp3
Promises,Dubdogz,2020 April,1mM7gIijwtto0tUNvEyksB,https://open.spotify.com/track/1mM7gIijwtto0tUNvEyksB,96%,Gym / High Energy,Dubdogz - Promises.mp3
Lost In You (Blood Groove & Kikis Remix),Dusky feat. Janai,2019 January,3wv4SOSBnYo7vziDu25SzV,https://open.spotify.com/track/3wv4SOSBnYo7vziDu25SzV,96%,Sunset Deep House,Dusky feat. Janai - Lost In You (Blood Groove & Kikis Remix) [www.slider.kz].mp3
In My Memory (Blood Groove & Kikis Remix),EDU & Susie Ledge,2019 January,0fbmUp2FNhFGqTZvm71y6t,https://open.spotify.com/track/0fbmUp2FNhFGqTZvm71y6t,96%,Sunset Deep House,EDU & Susie Ledge - In My Memory (Blood Groove & Kikis Remix).mp3
Goodbye Feat. Lyse (Alex Schulz Remix),Feder Feat. Lyse,2017 March,28LzmRnsiidhiBBUvdi6Aj,https://open.spotify.com/track/28LzmRnsiidhiBBUvdi6Aj,96%,Sunset Deep House,Feder Feat. Lyse - Goodbye Feat. Lyse (Alex Schulz Remix).mp3
Believers (Blood Groove & Kikis Remix),Fresh Produce,2019 January,3cWD4SwoytQnAKKxXExBRM,https://open.spotify.com/track/3cWD4SwoytQnAKKxXExBRM,96%,Sunset Deep House,Fresh Produce - Believers (Blood Groove & Kikis Remix) [www.slider.kz].mp3
Klanga (De Hofnar Remix),Gostan,2016 December,1RMXNaUZ8AdmANVYyNjNum,https://open.spotify.com/track/1RMXNaUZ8AdmANVYyNjNum,96%,Sunset Deep House,Gostan - Klanga (De Hofnar Remix).mp3
Klanga (Henri Pfr Remix),Gostan,2016 December,1RMXNaUZ8AdmANVYyNjNum,https://open.spotify.com/track/1RMXNaUZ8AdmANVYyNjNum,96%,Sunset Deep House,Gostan - Klanga (Henri Pfr Remix).mp3
Don't Be So Shy (Filatov & Karas Remix)( Viduta Bootleg ),Imany,2018 September,3fd4XsfabB2aPXGKywbM21,https://open.spotify.com/track/3fd4XsfabB2aPXGKywbM21,96%,Sunset Deep House,Imany - Don't Be So Shy (Filatov & Karas Remix)( Viduta Bootleg ).mp3
Hold Me Down,Jan Martin,2020 October,0RPOLKYY5KU20jVGOyFKx2,https://open.spotify.com/track/0RPOLKYY5KU20jVGOyFKx2,96%,Hypnotic Trance,Jan Martin - Hold Me Down.mp3
Jubin Nautiyal - Palak Muchhal,Kaabil Hoon,2017 November,7ihzht5YbmiyJXhnhQCHWR,https://open.spotify.com/track/7ihzht5YbmiyJXhnhQCHWR,96%,Desi Soul & Sufi,Kaabil Hoon (320 Kbps) - Jubin Nautiyal - Palak Muchhal.mp3
Tauba Tauba,Kailash Kher,2020 October,5nLnhHK9MUN7rhrFZNvnJe,https://open.spotify.com/track/5nLnhHK9MUN7rhrFZNvnJe,96%,Desi Soul & Sufi,Kailash Kher - Tauba Tauba.mp3
Candy (Original Mix) RA,Kungs feat. Jasmine Thompson,2017 Febuary,3c8iiZGfEammKJuWTErE5x,https://open.spotify.com/track/3c8iiZGfEammKJuWTErE5x,96%,Sunset Deep House,Kungs feat. Jasmine Thompson - Candy (Original Mix) RA.mp3
Boardwalks (Sonny Alven Remix),Little May,2017 Febuary,5z16txnOAgiPxxV2Qb8YlO,https://open.spotify.com/track/5z16txnOAgiPxxV2Qb8YlO,96%,Sunset Deep House,Little May - Boardwalks (Sonny Alven Remix).mp3
Arjit Singh - Neha Kakkar,Main Tera Boyfriend,2017 November,0bElUnqWc9qri7bCIPG5eZ,https://open.spotify.com/track/0bElUnqWc9qri7bCIPG5eZ,96%,Desi Soul & Sufi,Main Tera Boyfriend @ IndiaMp3.Com - Arjit Singh - Neha Kakkar.mp3
Our Home (Vince Forwards Remix),Mark & Lukas,2020 October,3B06OO0Lgise2fSXhOl6ri,https://open.spotify.com/track/3B06OO0Lgise2fSXhOl6ri,96%,Sunset Deep House,Mark & Lukas - Our Home (Vince Forwards Remix).mp3
Together [Anton Ishutin Remix] DI,Moe Turk,2019 July,2dScQNl2aWvCHqkZEhbWNd,https://open.spotify.com/track/2dScQNl2aWvCHqkZEhbWNd,96%,Sunset Deep House,Moe Turk - Together [Anton Ishutin Remix] DI [www.slider.kz].mp3
The Cornerstone (nick Remix),Nikko Culture,2018 September,6R4wp6VLIhgXBt6xIPbHhZ,https://open.spotify.com/track/6R4wp6VLIhgXBt6xIPbHhZ,96%,Sunset Deep House,Nikko Culture  - The Cornerstone (Housenick Remix) [www.slider.kz].mp3
Miss Mood (Satin Jackets Remix),Novika,2017 November,1uGCIOWwJYrI9ODZZOQ6HO,https://open.spotify.com/track/1uGCIOWwJYrI9ODZZOQ6HO,96%,Sunset Deep House,Novika - Miss Mood (Satin Jackets Remix).mp3
Around The Fire (Laykkah Relax Remix),Ofenbach,2018 September,1q3GQX1a1VUd7qBtrNsctg,https://open.spotify.com/track/1q3GQX1a1VUd7qBtrNsctg,96%,Sunset Deep House,Ofenbach - Around The Fire (Laykkah Relax Remix) [www.slider.kz].mp3
Pushing On,Oliver $,2020 May,2xO5HHSZq0LwWRNqtDKhFo,https://open.spotify.com/track/2xO5HHSZq0LwWRNqtDKhFo,96%,Gym / High Energy,Oliver $ - Pushing On.mp3
Ahista,Pankaj Udhas,2020 October,3GIxNehfNB1vsDCTWBoGiU,https://open.spotify.com/track/3GIxNehfNB1vsDCTWBoGiU,96%,Desi Soul & Sufi,Pankaj Udhas - Ahista.mp3
Gone (Vijay & Sofia Zlatko Remix),Patrick Baker,2017 March,5gs50EsDAWfxLjr5no47jd,https://open.spotify.com/track/5gs50EsDAWfxLjr5no47jd,96%,Sunset Deep House,Patrick Baker - Gone (Vijay & Sofia Zlatko Remix).mp3
Arijit Singh - Shashaa Tirupati,Phir Bhi Tumko Chaahunga,2017 November,2SVwrS1emTCTQG5k42361f,https://open.spotify.com/track/2SVwrS1emTCTQG5k42361f,96%,Desi Soul & Sufi,Phir Bhi Tumko Chaahunga (128 Kbps) - Arijit Singh - Shashaa Tirupati.mp3
Kuaga (Sonny Alven Remix),Pierce Fulton,2017 March,0jVjBo2LkUy50FYODALvrA,https://open.spotify.com/track/0jVjBo2LkUy50FYODALvrA,96%,Sunset Deep House,Pierce Fulton  - Kuaga (Sonny Alven Remix).mp3
Loving You,Pryda,2017 November,3ivn6JLGUbrFbhETQ4oikh,https://open.spotify.com/track/3ivn6JLGUbrFbhETQ4oikh,96%,Hypnotic Trance,Pryda - Loving You .mp3
Night Breed,Pryda,2018 September,1lMEhRiT5Q1VSZOxZhuauo,https://open.spotify.com/track/1lMEhRiT5Q1VSZOxZhuauo,96%,Hypnotic Trance,Pryda - Night Breed.mp3
Good Day (Blood Groove & Kikis Remix),Purple Cocktail & V.Ray,2019 January,7HwV62H6nuYbz7S7LVnGbO,https://open.spotify.com/track/7HwV62H6nuYbz7S7LVnGbO,96%,Sunset Deep House,Purple Cocktail & V.Ray - Good Day (Blood Groove & Kikis Remix) [www.slider.kz].mp3
We Found Love ft. Calvin Harris,Rihanna,2017 April,2C7GTQqS60jTWFWAQY45js,https://open.spotify.com/track/2C7GTQqS60jTWFWAQY45js,96%,Gym / High Energy,Rihanna  - We Found Love ft. Calvin Harris.mp3
Summer On You (Original Mix),Sam Feldt x Lucas & Steve feat. Wulf,2016 December,0o8PAzsSLDa4MVQJixGVty,https://open.spotify.com/track/0o8PAzsSLDa4MVQJixGVty,96%,Sunset Deep House,Sam Feldt x Lucas & Steve feat. Wulf - Summer On You (Original Mix).mp3
Summer Nights (Radio Mix) [EERS],Scheinizzl & Chroph ft. David Lageder,2017 March,34cA8s7U6ATzNMDyrCX0Bx,https://open.spotify.com/track/34cA8s7U6ATzNMDyrCX0Bx,96%,Sunset Deep House,Scheinizzl & Chroph ft. David Lageder - Summer Nights (Radio Mix) [EERS] .mp3
Bloodflows (Sonny Alven Remix),SOHN,2017 Febuary,6I3aXlhgyCOaQlVBph51qU,https://open.spotify.com/track/6I3aXlhgyCOaQlVBph51qU,96%,Sunset Deep House,SOHN - Bloodflows (Sonny Alven Remix).mp3
2 Roads (Blood Groove & Kikis Remix),Trebland,2019 January,0ILBAAJpeHdgpHotSq3cu5,https://open.spotify.com/track/0ILBAAJpeHdgpHotSq3cu5,96%,Sunset Deep House,Trebland - 2 Roads (Blood Groove & Kikis Remix) [www.slider.kz].mp3
Stars (feat. Tania Zygar),Vijay & Sofia,2020 July,7sH6HGCK9qgHjrx0KFnwlG,https://open.spotify.com/track/7sH6HGCK9qgHjrx0KFnwlG,96%,Sunset Deep House,Vijay & Sofia - Stars (feat. Tania Zygar).mp3
Stay The Night (Featuring Hayley Williams Of Paramore),Zedd feat. Hayley Williams,2018 August,4bT2zLVv2T4GiK9q9KtI0v,https://open.spotify.com/track/4bT2zLVv2T4GiK9q9KtI0v,96%,Gym / High Energy,Zedd feat. Hayley Williams - Stay The Night (Featuring Hayley Williams Of Paramore) [www.slider.kz].mp3
Tangled Vine (Jesse Javan Remix),[TRLF] Andreas Moe,2017 March,0NL2M63Em2rH5PD8idftkm,https://open.spotify.com/track/0NL2M63Em2rH5PD8idftkm,95%,Gym / High Energy,[TRLF] Andreas Moe - Tangled Vine (Jesse Javan Remix).mp3
Passion (Original Mix),Aleksey Yakovlev & Cloudive,2020 October,2cod0JNBzF6ryxRCCmWGqA,https://open.spotify.com/track/2cod0JNBzF6ryxRCCmWGqA,95%,Hypnotic Trance,Aleksey Yakovlev & Cloudive - Passion (Original Mix).mp3
Turn It Around (Original Mix),Alena,2016 December,1Y7ttvLqOOOC4cGnzKQL3J,https://open.spotify.com/track/1Y7ttvLqOOOC4cGnzKQL3J,95%,Gym / High Energy,Alena - Turn It Around (Original Mix).mp3
A New Beginning (original mix),Alex H,2018 December,0KmtdtrRxtwPsAZ4qRQF4P,https://open.spotify.com/track/0KmtdtrRxtwPsAZ4qRQF4P,95%,Hypnotic Trance,Alex H - A New Beginning (original mix) [www.slider.kz].mp3
Angel of the North,Alex H,2020 October,0jVKrZbbzCeiyzKj3xH0o6,https://open.spotify.com/track/0jVKrZbbzCeiyzKj3xH0o6,95%,Hypnotic Trance,Alex H - Angel of the North.mp3
Auf Wiedersehen (Original Mix),Alex H,2018 December,1JpbwMXGLY8o4NuvxLVh3B,https://open.spotify.com/track/1JpbwMXGLY8o4NuvxLVh3B,95%,Hypnotic Trance,Alex H - Auf Wiedersehen (Original Mix) [www.slider.kz].mp3
In Common (Jako Diaz Remix),Alicia Keys,2019 July,45gbor15xy5IXj2P5oXQNf,https://open.spotify.com/track/45gbor15xy5IXj2P5oXQNf,95%,Gym / High Energy,Alicia Keys - In Common (Jako Diaz Remix) [www.slider.kz].mp3
Blossom (Extended Mix),Alpha 9,2020 May,62BXx06p8PlxP9WlR6otS4,https://open.spotify.com/track/62BXx06p8PlxP9WlR6otS4,95%,Hypnotic Trance,Alpha 9 - Blossom (Extended Mix).mp3
Lily (CC533),Alpha 9,2020 May,60H45mR1HTEyAloAuBQ21x,https://open.spotify.com/track/60H45mR1HTEyAloAuBQ21x,95%,Hypnotic Trance,Alpha 9 - Lily (CC533).mp3
The Night Is Ours,Alpha 9,2020 May,4pElBNn0tiwxxTz2sntX5a,https://open.spotify.com/track/4pElBNn0tiwxxTz2sntX5a,95%,Hypnotic Trance,Alpha 9 - The Night Is Ours.mp3
You Bring Me Joy (Chris Karpas Remix),Amelia Lily,2017 Febuary,39iTGaqVWf5U33Diug1oG0,https://open.spotify.com/track/39iTGaqVWf5U33Diug1oG0,95%,Gym / High Energy,Amelia Lily - You Bring Me Joy (Chris Karpas Remix).mp3
In And Out Of Love (Lost Frequencies Remix),Armin van Buuren ft. Sharon den Adel,2017 March,1FzbOPWCZiNxnLjAhY1jAR,https://open.spotify.com/track/1FzbOPWCZiNxnLjAhY1jAR,95%,Hypnotic Trance,Armin van Buuren ft. Sharon den Adel - In And Out Of Love (Lost Frequencies Remix).mp3
Must Be The Love (Original Mix),"Arty, Nadia Ali & BT",Root,0EszN5bMG6yBcPNIg743Sm,https://open.spotify.com/track/0EszN5bMG6yBcPNIg743Sm,95%,Hypnotic Trance,"Arty, Nadia Ali & BT - Must Be The Love (Original Mix).mp3"
Must Be The Love (Radio Edit),"Arty, Nadia Ali & BT",2020 May,0EszN5bMG6yBcPNIg743Sm,https://open.spotify.com/track/0EszN5bMG6yBcPNIg743Sm,95%,Hypnotic Trance,"Arty, Nadia Ali & BT - Must Be The Love (Radio Edit).mp3"
Talk (Jerry Folk Remix),Atlas Bound,2017 March,3ez9vaqwG32N8bMwh5j9xS,https://open.spotify.com/track/3ez9vaqwG32N8bMwh5j9xS,95%,Gym / High Energy,Atlas Bound - Talk (Jerry Folk Remix).mp3
Saffire (Original Mix]),Biologik,2020 April,2unVFVEHSenwJqtSMnKhF0,https://open.spotify.com/track/2unVFVEHSenwJqtSMnKhF0,95%,Hypnotic Trance,Biologik - Saffire (Original Mix].mp3
Stories (Verve Dub Mix]),Biologik,2020 April,13QiSxAB3ITHlrywpxhSsr,https://open.spotify.com/track/13QiSxAB3ITHlrywpxhSsr,95%,Hypnotic Trance,Biologik - Stories (Verve Dub Mix].mp3
Diamond Beach (Original Mix),Blend,2017 May,04TJBpYbbr2lh582xeUmz6,https://open.spotify.com/track/04TJBpYbbr2lh582xeUmz6,95%,Gym / High Energy,Blend - Diamond Beach (Original Mix).mp3
Sub Pielea Mea (Midi Culture Remix),Carla's Dreams,2018 August,2oQh2s9ZM1Pp0EDViQsOq8,https://open.spotify.com/track/2oQh2s9ZM1Pp0EDViQsOq8,95%,Gym / High Energy,Carla's Dreams - Sub Pielea Mea (Midi Culture Remix) [www.slider.kz].mp3
MiddleDistanceRunner (Mihell & Pinkfinger Remix),Chicane,2016 June,38W1IohVo9EB2gaGIozGig,https://open.spotify.com/track/38W1IohVo9EB2gaGIozGig,95%,Hypnotic Trance,Chicane - MiddleDistanceRunner (Mihell & Pinkfinger Remix).mp3
midnight-urban-contact-remix,Coldplay,2016 June,4YnmQG1fnJR9LnTZtix70T,https://open.spotify.com/track/4YnmQG1fnJR9LnTZtix70T,95%,Gym / High Energy,coldplay-midnight-urban-contact-remix[mp3freex].mp3
What's the Altitude (She Wants Revenge Remix) [feat. Hymnal],Cut Chemist,2020 April,3XT7cOVsRYUeD6r75QsO6r,https://open.spotify.com/track/3XT7cOVsRYUeD6r75QsO6r,95%,Gym / High Energy,Cut Chemist - What's the Altitude (She Wants Revenge Remix) [feat. Hymnal].mp3
Who's Got Ya Love (Club Edit),DANK (USA),2018 September,4c1l80VTPkrhRYHJpqJwaw,https://open.spotify.com/track/4c1l80VTPkrhRYHJpqJwaw,95%,Gym / High Energy,DANK (USA) - Who's Got Ya Love (Club Edit) [www.slider.kz].mp3
Sweet Lullaby (Martin Mittone Remix),Deep,2017 May,63DbSt9yX4TPiCenkvvn0a,https://open.spotify.com/track/63DbSt9yX4TPiCenkvvn0a,95%,Gym / High Energy,Deep - Sweet Lullaby (Martin Mittone Remix).mp3
Airwash (Original Mix]),Deepshader & Nazca,2020 April,1JDbUJLabd3yWAes9qk2cV,https://open.spotify.com/track/1JDbUJLabd3yWAes9qk2cV,95%,Hypnotic Trance,Deepshader & Nazca - Airwash (Original Mix].mp3
We Didn't Love (Original Mix) [StereoBAR],Desusino Boys,2017 Febuary,13UxBxkgfD6XZQcAGXZ6NA,https://open.spotify.com/track/13UxBxkgfD6XZQcAGXZ6NA,95%,Gym / High Energy,Desusino Boys - We Didn't Love (Original Mix) [StereoBAR].mp3
Constant Sorrow (Original Mix),Dinka,2016 June,4mWMW7XTEsK57CVTmIWvyq,https://open.spotify.com/track/4mWMW7XTEsK57CVTmIWvyq,95%,Hypnotic Trance,Dinka - Constant Sorrow (Original Mix).mp3
Flowers (Sowlmate Remix),Diviners ft. Dom Robinson,2017 March,3t1aht10ibv7gh6aafV1iy,https://open.spotify.com/track/3t1aht10ibv7gh6aafV1iy,95%,Gym / High Energy,Diviners ft. Dom Robinson - Flowers (Sowlmate Remix).mp3
Techno Prank,Dubdogz,2020 May,2JqbTRtUZmkTIHxPyBkurQ,https://open.spotify.com/track/2JqbTRtUZmkTIHxPyBkurQ,95%,Gym / High Energy,Dubdogz - Techno Prank.mp3
It's Not Enough (Jozif's Voxatron Remix),Dusky,2017 May,35N6vLbB8EPnWrAXPXi3QT,https://open.spotify.com/track/35N6vLbB8EPnWrAXPXi3QT,95%,Gym / High Energy,Dusky - It's Not Enough (Jozif's Voxatron Remix).mp3
I See Fire (Kygo Remix),Ed Sheeran,2017 Febuary,1fu5IQSRgPxJL2OTP7FVLW,https://open.spotify.com/track/1fu5IQSRgPxJL2OTP7FVLW,95%,Gym / High Energy,Ed Sheeran - I See Fire (Kygo Remix).mp3
Next Level (original mix),Estiva,2016 June,0DETosHmtHU6ph6LhReOPH,https://open.spotify.com/track/0DETosHmtHU6ph6LhReOPH,95%,Gym / High Energy,Estiva - Next Level (original mix).mp3
Swing (Win & Woo Remix),EVVY,2017 November,6gZ7I9hebPoi6QmsQr59hh,https://open.spotify.com/track/6gZ7I9hebPoi6QmsQr59hh,95%,Gym / High Energy,EVVY - Swing (Win & Woo Remix).mp3
What To Do Now (Original Mix),Fabricio Pecanha,2017 March,3pMuBMooVHgZItvBNhFFJD,https://open.spotify.com/track/3pMuBMooVHgZItvBNhFFJD,95%,Gym / High Energy,Fabricio Pecanha - What To Do Now (Original Mix).mp3
Where Has Your Love Gone (Aleksey Beloozerov Remix]),Fawn & Digital Sixable,2020 April,3GFrO9rgUVSZ8u8PqCxk8C,https://open.spotify.com/track/3GFrO9rgUVSZ8u8PqCxk8C,95%,Hypnotic Trance,Fawn & Digital Sixable - Where Has Your Love Gone (Aleksey Beloozerov Remix].mp3
Winter Is All Over You (FG Remix),First Aid Kit,2017 March,2zpr8O5RgvUC0dxTZ25LoC,https://open.spotify.com/track/2zpr8O5RgvUC0dxTZ25LoC,95%,Gym / High Energy,First Aid Kit - Winter Is All Over You (FG Remix).mp3
Fire May Save You (Cesare Remix)[ ra² ],Frances,2019 July,58tLZbI10rRAbYo1lVFCuM,https://open.spotify.com/track/58tLZbI10rRAbYo1lVFCuM,95%,Gym / High Energy,Frances - Fire May Save You (Cesare Remix)[ ra² ] [www.slider.kz].mp3
Cross Winds (Richard Bass Remix),Gate Faze,2020 October,4KjK6wy54Mc7n7c3zixJST,https://open.spotify.com/track/4KjK6wy54Mc7n7c3zixJST,95%,Hypnotic Trance,Gate Faze - Cross Winds (Richard Bass Remix).mp3
First & Last (Glastrophobie Remix),GEMOLOGY,2017 March,2e3NJBZLnnISI2fysTDYQB,https://open.spotify.com/track/2e3NJBZLnnISI2fysTDYQB,95%,Gym / High Energy,GEMOLOGY - First & Last (Glastrophobie Remix).mp3
Tom's Diner [Original mix] [SM],Gianni Kosta,2017 March,0oA9wBGDY4uyILLg4GymWP,https://open.spotify.com/track/0oA9wBGDY4uyILLg4GymWP,95%,Gym / High Energy,Gianni Kosta - Tom's Diner [Original mix] [SM].mp3
Evening Flight (Jon Bach Remix),Gregory,2017 May,3DLnGwtA7DUYF4BqQfPsuX,https://open.spotify.com/track/3DLnGwtA7DUYF4BqQfPsuX,95%,Gym / High Energy,Gregory - Evening Flight (Jon Bach Remix).mp3
Lucky (Glastrophobie Remix),Hafdis Huld,2017 March,6T3WfvHV86MYGIWlJXd5Pj,https://open.spotify.com/track/6T3WfvHV86MYGIWlJXd5Pj,95%,Gym / High Energy,Hafdis Huld  - Lucky (Glastrophobie Remix).mp3
Way Ahead of Me (Original Mix),Hysteria! & Jan Martin,2019 July,7h9dxnYfoP1q4rFZT0TEvW,https://open.spotify.com/track/7h9dxnYfoP1q4rFZT0TEvW,95%,Hypnotic Trance,Hysteria! & Jan Martin - Way Ahead of Me (Original Mix) [www.slider.kz].mp3
Heaven (DJ Asher Remix),INNA,2016 December,6KKMScVZhJFtd1M6IUEYBg,https://open.spotify.com/track/6KKMScVZhJFtd1M6IUEYBg,95%,Gym / High Energy,INNA - Heaven (DJ Asher Remix).mp3
Only You (Alex H Remix)[PM],"James Lowndes, Paul Lowndes",2018 December,2fSp6Vfl5n68HVypQ5WoL8,https://open.spotify.com/track/2fSp6Vfl5n68HVypQ5WoL8,95%,Hypnotic Trance,"James Lowndes, Paul Lowndes - Only You (Alex H Remix)[PM] [www.slider.kz].mp3"
Would I Lie (Innomine bootleg remix),Jamie Woon,2017 Febuary,4PdJSsESm34djLfBde9Pr2,https://open.spotify.com/track/4PdJSsESm34djLfBde9Pr2,95%,Gym / High Energy,Jamie Woon - Would I Lie (Innomine bootleg remix).mp3
The Secret Life of Us (Director's Cut Signature Mix),"Joey Negro, The Sunburst Band, Frankie Knuckles",2019 April,7oGHk1oV75xpM2oXnjE4m3,https://open.spotify.com/track/7oGHk1oV75xpM2oXnjE4m3,95%,Gym / High Energy,"Joey Negro, The Sunburst Band, Frankie Knuckles - The Secret Life of Us (Director's Cut Signature Mix) [www.slider.kz].mp3"
Blue Dream (Original Mix),Jon,2017 May,6PFF5yUbzQwH7O0RMUKVZs,https://open.spotify.com/track/6PFF5yUbzQwH7O0RMUKVZs,95%,Gym / High Energy,Jon - Blue Dream (Original Mix).mp3
A Distant Space (Original Mix),Justin,2017 May,7dkDpTP7zwaAAvaqlghFMD,https://open.spotify.com/track/7dkDpTP7zwaAAvaqlghFMD,95%,Gym / High Energy,Justin - A Distant Space (Original Mix).mp3
Castle In The Snow [Ivan Spell Remix](160115),Kadebostany,2017 Febuary,7KZw49EgpR1BxOAzy5WIXx,https://open.spotify.com/track/7KZw49EgpR1BxOAzy5WIXx,95%,Gym / High Energy,Kadebostany - Castle In The Snow [Ivan Spell Remix](160115).mp3
All I Need (Dub Mix]),Kaisa Martina & Denis Laurent,2020 April,2SgxHL2VrcNHAkPl7ikXfo,https://open.spotify.com/track/2SgxHL2VrcNHAkPl7ikXfo,95%,Gym / High Energy,Kaisa Martina & Denis Laurent - All I Need (Dub Mix].mp3
Progressive Soul,Kalsy,2018 December,1XCbbMW6DwpKHIKAhQ7xSs,https://open.spotify.com/track/1XCbbMW6DwpKHIKAhQ7xSs,95%,Hypnotic Trance,Kalsy - Progressive Soul [www.slider.kz].mp3
Wonderful People (Original Mix]),Kamron Schrader,2020 October,1dr9SqWoQsCq8wzuRbZIdB,https://open.spotify.com/track/1dr9SqWoQsCq8wzuRbZIdB,95%,Hypnotic Trance,Kamron Schrader - Wonderful People (Original Mix].mp3
Bonzai (Lumidelic Remix),Keith Harris,2020 October,68jCn3fm2SDBRcCTCX9Yg6,https://open.spotify.com/track/68jCn3fm2SDBRcCTCX9Yg6,95%,Hypnotic Trance,Keith Harris - Bonzai (Lumidelic Remix).mp3
The Last Stand (Biologik Remix]),Koda,2020 April,08HxWD0TUiBWPbqRYxCjkj,https://open.spotify.com/track/08HxWD0TUiBWPbqRYxCjkj,95%,Hypnotic Trance,Koda - The Last Stand (Biologik Remix].mp3
New Way To Be Happy (Matvey Emerson Remix),"Le Visiteur, Jova Radevska",2017 Febuary,36d6jYjM0djQZFXWsAfWpa,https://open.spotify.com/track/36d6jYjM0djQZFXWsAfWpa,95%,Gym / High Energy,"Le Visiteur, Jova Radevska - New Way To Be Happy (Matvey Emerson Remix).mp3"
New Way To Be Happy (Mitchell Southam Remix),"Le Visiteur, Jova Radevska",2017 Febuary,36d6jYjM0djQZFXWsAfWpa,https://open.spotify.com/track/36d6jYjM0djQZFXWsAfWpa,95%,Gym / High Energy,"Le Visiteur, Jova Radevska - New Way To Be Happy (Mitchell Southam Remix).mp3"
Bleeding Love (Maxim Andreev Nu Disco Mix),Leona Lewis,2017 April,7wZUrN8oemZfsEd1CGkbXE,https://open.spotify.com/track/7wZUrN8oemZfsEd1CGkbXE,95%,Gym / High Energy,Leona Lewis - Bleeding Love (Maxim Andreev Nu Disco Mix).mp3
Evening Embrace (Lumidelic Remix),Leonety,2018 December,5cjnYXEz2XW3Wy8FZZ3v4Z,https://open.spotify.com/track/5cjnYXEz2XW3Wy8FZZ3v4Z,95%,Hypnotic Trance,Leonety - Evening Embrace (Lumidelic Remix) [www.slider.kz].mp3
Ever After (Hazem Beltagui's Sunset Mix),Lessov,2017 May,2vmdYfQh4RFEd2V69HKRNc,https://open.spotify.com/track/2vmdYfQh4RFEd2V69HKRNc,95%,Hypnotic Trance,Lessov - Ever After (Hazem Beltagui's Sunset Mix).mp3
Party Rock Anthem,LMFAO ft. Lauren Bennett & Goonrock,2018 June,0yI5rX9iTeOOzpHCpST8eX,https://open.spotify.com/track/0yI5rX9iTeOOzpHCpST8eX,95%,Hypnotic Trance,LMFAO ft. Lauren Bennett & Goonrock - Party Rock Anthem.mp3
If The Stars Could Speak (LTN Remix),LTN,2017 May,4b8BuloYTTv92mgyJazoeZ,https://open.spotify.com/track/4b8BuloYTTv92mgyJazoeZ,95%,Hypnotic Trance,LTN - If The Stars Could Speak (LTN Remix).mp3
Magic Garden (2018 Rework),Lumidelic,2018 December,3qf36vElzwAP8CyWDQlJhW,https://open.spotify.com/track/3qf36vElzwAP8CyWDQlJhW,95%,Hypnotic Trance,Lumidelic - Magic Garden (2018 Rework) [www.slider.kz].mp3
Synesthesia (Original Mix),Lumidelic,2018 December,5rwv9bFZrw2ywfKtvf5TMe,https://open.spotify.com/track/5rwv9bFZrw2ywfKtvf5TMe,95%,Hypnotic Trance,Lumidelic - Synesthesia (Original Mix) [www.slider.kz].mp3
Wanderlust (Cj Stone Remix) (2015),Mad Kingz,2018 August,3Fy4C4vfZ4UX3UwZCV3qzk,https://open.spotify.com/track/3Fy4C4vfZ4UX3UwZCV3qzk,95%,Gym / High Energy,485 - Mad Kingz - Wanderlust (Cj Stone Remix) (2015).mp3
Sayonara (original mix),Mango,2017 May,4kQgw42XXtflmarri3Od0d,https://open.spotify.com/track/4kQgw42XXtflmarri3Od0d,95%,Hypnotic Trance,Mango - Sayonara (original mix).mp3
Sunahama (Original Mix),Mango,2017 May,4SXSwG7Y9e708P3dyE7BOO,https://open.spotify.com/track/4SXSwG7Y9e708P3dyE7BOO,95%,Hypnotic Trance,Mango - Sunahama (Original Mix).mp3
That's Love (Matt DiMona Remix),Marc E. Bassy & Ty Dolla $ign,2018 August,2TTR0ttcMdSzeprkoxBTcE,https://open.spotify.com/track/2TTR0ttcMdSzeprkoxBTcE,95%,Gym / High Energy,19 Marc E. Bassy & Ty Dolla $ign - That's Love (Matt DiMona Remix).mp3
Superman (Original Mix),Mat,2016 June,4woTEX1wYOTGDqNXuavlRC,https://open.spotify.com/track/4woTEX1wYOTGDqNXuavlRC,95%,Gym / High Energy,Mat - Superman (Original Mix).mp3
Sixty Six (Original Mix),Matt,2017 May,3CAir1B1lmq0FfU4qbBQeJ,https://open.spotify.com/track/3CAir1B1lmq0FfU4qbBQeJ,95%,Gym / High Energy,Matt - Sixty Six (Original Mix).mp3
Apollo (Original Mix),MATZINGHA,2017 April,2qPj9IVIlNt8N0k7ImG5Eg,https://open.spotify.com/track/2qPj9IVIlNt8N0k7ImG5Eg,95%,Gym / High Energy,MATZINGHA -  Apollo (Original Mix).mp3
I'm Movin On (West.K Remix),Maxim Kurtys Feat. Becky Rutherford,2019 August,6wpHpEJxCbkrWzAvytDgzo,https://open.spotify.com/track/6wpHpEJxCbkrWzAvytDgzo,95%,Gym / High Energy,Maxim Kurtys Feat. Becky Rutherford - I'm Movin On (West.K Remix).mp3
I'm Movin On (Alexander Hristov Remix),"Maxim Kurtys, Becky Rutherford",2019 July,5GT057VDRV3hpGaOZavj5j,https://open.spotify.com/track/5GT057VDRV3hpGaOZavj5j,95%,Gym / High Energy,"Telegram- @DeepHouse_cafe - Maxim Kurtys, Becky Rutherford - I'm Movin On (Alexander Hristov Remix) [www.slider.kz].mp3"
Eyes Wide ( Back Whistle Remix),Meadowlark,2017 March,3v5jwygCCHqghrB628F0qA,https://open.spotify.com/track/3v5jwygCCHqghrB628F0qA,95%,Gym / High Energy,Meadowlark - Eyes Wide ( Back Whistle Remix).mp3
The Latin Track (Original Mix),Mele,2020 May,3KMTY5Ozj9JXzt0iy70OKX,https://open.spotify.com/track/3KMTY5Ozj9JXzt0iy70OKX,95%,Gym / High Energy,Mele - The Latin Track (Original Mix).mp3
Cooler Than Me (Single Mix),Mike Posner,2020 April,2V4bv1fNWfTcyRJKmej6Sj,https://open.spotify.com/track/2V4bv1fNWfTcyRJKmej6Sj,95%,Gym / High Energy,Mike Posner - Cooler Than Me (Single Mix).mp3
I Took A Pill In Ibiza (Seeb Remix) (Explicit),Mike Posner,2020 May,0vbtURX4qv1l7besfwmnD8,https://open.spotify.com/track/0vbtURX4qv1l7besfwmnD8,95%,Gym / High Energy,Mike Posner - I Took A Pill In Ibiza (Seeb Remix) (Explicit) (320 kbps) ().mp3
Feeling Good (Original Mix),"Mollono.Bass, Ava Asante",2018 August,08kUvBzSfcVIsR6oo4d4Np,https://open.spotify.com/track/08kUvBzSfcVIsR6oo4d4Np,95%,Gym / High Energy,"#ODM▶DEEPOGRAF® - Mollono.Bass, Ava Asante - Feeling Good (Original Mix) [www.slider.kz].mp3"
Get on the Floor (Original Mix),Naxsy,2017 March,1aHzFmZL4HkSUo9ZxHW7i5,https://open.spotify.com/track/1aHzFmZL4HkSUo9ZxHW7i5,95%,Gym / High Energy,Naxsy - Get on the Floor (Original Mix).mp3
One More Time (Solarity Vocal Mix),Noel,2017 May,6bwfyJcDT7mZO0NfosYfEn,https://open.spotify.com/track/6bwfyJcDT7mZO0NfosYfEn,95%,Gym / High Energy,Noel - One More Time (Solarity Vocal Mix).mp3
Restless (Signalrunners Remix),Oliver,2017 May,3anaNa5x0b07Z4KUKkZ9ug,https://open.spotify.com/track/3anaNa5x0b07Z4KUKkZ9ug,95%,Hypnotic Trance,Oliver - Restless (Signalrunners Remix).mp3
Friendships (Original Mix),Pascal Letoublon,2020 June,0ztqey3VhIZ3WINFu8kCo1,https://open.spotify.com/track/0ztqey3VhIZ3WINFu8kCo1,95%,Gym / High Energy,Pascal Letoublon - Friendships (Original Mix).mp3
Summer Vibes (Forteba Remix]),Peter Illias,2020 April,0NK4uMzSjB6sczeP257fVX,https://open.spotify.com/track/0NK4uMzSjB6sczeP257fVX,95%,Gym / High Energy,Peter Illias - Summer Vibes (Forteba Remix].mp3
In The Air Tonight (Panski & John Skyfield Remix),Phil Collins,2018 December,18AXbzPzBS8Y3AkgSxzJPb,https://open.spotify.com/track/18AXbzPzBS8Y3AkgSxzJPb,95%,Gym / High Energy,Phil Collins  -  In The Air Tonight  (Panski & John Skyfield Remix) [www.slider.kz].mp3
Heavens (Original Mix) (WCM),Pitt Leffer & Robert Cristian,2018 August,2QBX5NQRU9xdYztDt9e81m,https://open.spotify.com/track/2QBX5NQRU9xdYztDt9e81m,95%,Gym / High Energy,Pitt Leffer & Robert Cristian - Heavens  (Original Mix) (WCM) [www.slider.kz].mp3
Symmetry (Infinity State Remix]),Richard Bass,2020 October,3VDOvnz3MyGw2QBuOQpOeB,https://open.spotify.com/track/3VDOvnz3MyGw2QBuOQpOeB,95%,Hypnotic Trance,Richard Bass - Symmetry (Infinity State Remix].mp3
Wonderful Nights,Richard Bass & South Pole,2020 October,0cehZvfIRNkXFmFpIuvqed,https://open.spotify.com/track/0cehZvfIRNkXFmFpIuvqed,95%,Hypnotic Trance,Richard Bass & South Pole - Wonderful Nights.mp3
Last Sunset,Roald Velden,2019 April,4h9gG7vJ1ajiUsLJoAMQZk,https://open.spotify.com/track/4h9gG7vJ1ajiUsLJoAMQZk,95%,Hypnotic Trance,Roald Velden - Last Sunset [www.slider.kz].mp3
Without Regret (Original Mix),Roald Velden,2019 April,0Nuw5taw5s7gd76RDMcEHQ,https://open.spotify.com/track/0Nuw5taw5s7gd76RDMcEHQ,95%,Hypnotic Trance,Roald Velden - Without Regret (Original Mix) [www.slider.kz].mp3
Is It Love (Original Mix),"SevenEver, Svet",2018 August,7tsuo9HzsfWzzUDf5i7C6m,https://open.spotify.com/track/7tsuo9HzsfWzzUDf5i7C6m,95%,Gym / High Energy,"SevenEver, Svet - Is It Love (Original Mix) [www.slider.kz].mp3"
Move On (Original Mix),Shingo,2016 June,6CSTZXJaLBAqGDiyhMENDt,https://open.spotify.com/track/6CSTZXJaLBAqGDiyhMENDt,95%,Hypnotic Trance,Shingo - Move On (Original Mix).mp3
Silver Medallion - Slave (The Girls Can Hear Us Remix),Silver Medallion,2018 December,3uCyVCR7oMoCoi80PLa1Ff,https://open.spotify.com/track/3uCyVCR7oMoCoi80PLa1Ff,95%,Gym / High Energy,Silver Medallion - Silver Medallion - Slave (The Girls Can Hear Us Remix)  [www.slider.kz].mp3
Beautiful Change (Zan Prevee Dub Remix]),"SNR,Rikkaz, Jan Johnston",2020 April,3K3xNSl8qTZxUn3iX7uCnM,https://open.spotify.com/track/3K3xNSl8qTZxUn3iX7uCnM,95%,Hypnotic Trance,"SNR,Rikkaz, Jan Johnston - Beautiful Change (Zan Prevee Dub Remix].mp3"
More (LTN Extended Remix),Somna,2020 October,0jS9Y3DVAIxcYLzJlyau50,https://open.spotify.com/track/0jS9Y3DVAIxcYLzJlyau50,95%,Hypnotic Trance,Somna - More (LTN Extended Remix).mp3
About You (Original Mix]),Sound Quelle,2020 April,4AkbnzvZgoEuC1GOVNw9qb,https://open.spotify.com/track/4AkbnzvZgoEuC1GOVNw9qb,95%,Hypnotic Trance,Sound Quelle - About You (Original Mix].mp3
Antigua,Sunlight Project,2020 October,4JefheUixt5ZKDdkPlo1mk,https://open.spotify.com/track/4JefheUixt5ZKDdkPlo1mk,95%,Hypnotic Trance,Sunlight Project - Antigua.mp3
Desert Flower,Sunlight Project,2020 October,0IXX8nLaWqJ7z8Zbe8YA9N,https://open.spotify.com/track/0IXX8nLaWqJ7z8Zbe8YA9N,95%,Hypnotic Trance,Sunlight Project - Desert Flower.mp3
What I Wanted (Denis Neve Remix),Sunlight Project,2020 October,2KmS4tAa0XegfGt5LOHCsj,https://open.spotify.com/track/2KmS4tAa0XegfGt5LOHCsj,95%,Hypnotic Trance,Sunlight Project - What I Wanted (Denis Neve Remix).mp3
Savannah (Original mix),"Talamanca, Roald Velden & Morrison Kiers",2017 November,02z64UucLKm2ffPwFEP7FG,https://open.spotify.com/track/02z64UucLKm2ffPwFEP7FG,95%,Hypnotic Trance,"Talamanca, Roald Velden & Morrison Kiers -  Savannah (Original mix).mp3"
A Call From the Future (Konektiv Remix]),Technical Lovers,2020 April,3KZXI9CGYW1eoGP6q6swgq,https://open.spotify.com/track/3KZXI9CGYW1eoGP6q6swgq,95%,Hypnotic Trance,Technical Lovers - A Call From the Future (Konektiv Remix].mp3
The Last Ones Standing (Original Mix ),Tep No,2017 Febuary,2lraO4YutU0N07ZXiFXHwz,https://open.spotify.com/track/2lraO4YutU0N07ZXiFXHwz,95%,Gym / High Energy,Tep No -  The Last Ones Standing (Original Mix ).mp3
Just Let Me (Original Mix),Tesal & Giulia Jean,2019 August,3pd5mecEBkzJHCCmED24uI,https://open.spotify.com/track/3pd5mecEBkzJHCCmED24uI,95%,Gym / High Energy,Tesal & Giulia Jean - Just Let Me (Original Mix).mp3
Gotta Have U (Original Mix),Touch And Go,2017 March,3Mbj3KSy9EOA8m0ybqCXG9,https://open.spotify.com/track/3Mbj3KSy9EOA8m0ybqCXG9,95%,Gym / High Energy,Touch And Go - Gotta Have U (Original Mix).mp3
Flowers (Bruno Motta Remix),"Tramp2Heaven, Bruno Motta",2019 July,4nAgnLecS9JrsMsKjjXITV,https://open.spotify.com/track/4nAgnLecS9JrsMsKjjXITV,95%,Gym / High Energy,"Tramp2Heaven, Bruno Motta - Flowers (Bruno Motta Remix) [www.slider.kz].mp3"
Sweet Disposition (Leandro da Silva Remix),Tribú,2020 July,0DkDdziZQNIyJ0EWVLi5f6,https://open.spotify.com/track/0DkDdziZQNIyJ0EWVLi5f6,95%,Gym / High Energy,Tribú - Sweet Disposition (Leandro da Silva Remix).mp3
Departures (Yuri Kane Remix),Trilucid,2016 June,5yEDq2zYJhL5F9kwc7Eyma,https://open.spotify.com/track/5yEDq2zYJhL5F9kwc7Eyma,95%,Hypnotic Trance,Trilucid - Departures (Yuri Kane Remix).mp3
Stressed Out (Bruno Be & Ownboss Remix),Twenty One Pilots,2016 December,05aSRUb2615HpHdFLDEtOT,https://open.spotify.com/track/05aSRUb2615HpHdFLDEtOT,95%,Gym / High Energy,Twenty One Pilots  - Stressed Out (Bruno Be & Ownboss Remix).mp3
babylonia-mahmut-orhan-feat-sena-sener-feel-original-mix-preview,Various Artists,2016 June,7Is0OPWVcN8DdZpcNuClcy,https://open.spotify.com/track/7Is0OPWVcN8DdZpcNuClcy,95%,Gym / High Energy,babylonia-mahmut-orhan-feat-sena-sener-feel-original-mix-preview[mp3freex].mp3
blonde-feat-melissa-steel-i-loved-you-extended-mix,Various Artists,2016 November,03sVr0WuOZzHWDauRcVDiM,https://open.spotify.com/track/03sVr0WuOZzHWDauRcVDiM,95%,Gym / High Energy,blonde-feat-melissa-steel-i-loved-you-extended-mix[mp3freex].mp3
diversion-ft-tania-zygar-bright-lights-original-mix,Various Artists,2016 November,4XVEuDJtDIAkZfIh3zcHCa,https://open.spotify.com/track/4XVEuDJtDIAkZfIh3zcHCa,95%,Gym / High Energy,diversion-ft-tania-zygar-bright-lights-original-mix[mp3freex].mp3
fly-o-tech-funk-me-down-original-mix,Various Artists,2016 June,3wybC6LbkIf5JoznTcrRUe,https://open.spotify.com/track/3wybC6LbkIf5JoznTcrRUe,95%,Gym / High Energy,fly-o-tech-funk-me-down-original-mix[mp3freex].mp3
jay-sean-ride-it-bentley-grey-remix,Various Artists,2016 June,56AMYGJzxBO6p8v0wEe9de,https://open.spotify.com/track/56AMYGJzxBO6p8v0wEe9de,95%,Gym / High Energy,jay-sean-ride-it-bentley-grey-remix[mp3freex].mp3
me-amp-my-toothbrush-sundown-croatia-squad-remix-enormous-tunes,Various Artists,2016 June,5MImt0I0G5E4ErPXT8l4tC,https://open.spotify.com/track/5MImt0I0G5E4ErPXT8l4tC,95%,Gym / High Energy,me-amp-my-toothbrush-sundown-croatia-squad-remix-enormous-tunes[mp3freex].mp3
new-world-sound-amp-thomas-newson-flute-original-mix,Various Artists,2016 June,3atriedqbOamjcbIK5Plaj,https://open.spotify.com/track/3atriedqbOamjcbIK5Plaj,95%,Gym / High Energy,new-world-sound-amp-thomas-newson-flute-original-mix[mp3freex].mp3
oh-wonder-all-we-do-achtabahn-remix,Various Artists,2016 June,5NEKjqTQPKiqOiOG8YxLdS,https://open.spotify.com/track/5NEKjqTQPKiqOiOG8YxLdS,95%,Gym / High Energy,oh-wonder-all-we-do-achtabahn-remix[mp3freex].mp3
onebyone-i-wanna-feel-original-mix,Various Artists,2016 November,3wb4iqwGfKARDluEnjdxAZ,https://open.spotify.com/track/3wb4iqwGfKARDluEnjdxAZ,95%,Gym / High Energy,onebyone-i-wanna-feel-original-mix[mp3freex].mp3
Remady Manu L In My Dreams ( REMIX ),Various Artists,2017 March,2WEk2wwMzTJDa4eOyo9IcT,https://open.spotify.com/track/2WEk2wwMzTJDa4eOyo9IcT,95%,Gym / High Energy,Remady  Manu L   In My Dreams ( REMIX ).mp3
route-94-ft-jess-glynne-my-love-tom-budin-remix,Various Artists,2016 November,4N1MFKjziFHH4IS3RYYUrU,https://open.spotify.com/track/4N1MFKjziFHH4IS3RYYUrU,95%,Gym / High Energy,route-94-ft-jess-glynne-my-love-tom-budin-remix[mp3freex].mp3
royksopp-here-she-comes-again-dj-antonio-remix,Various Artists,2016 June,1te1tkSJOUJwMxq6nNqie0,https://open.spotify.com/track/1te1tkSJOUJwMxq6nNqie0,95%,Gym / High Energy,royksopp-here-she-comes-again-dj-antonio-remix[mp3freex].mp3
shana-out-original-mix,Various Artists,2016 June,6p5DYy9z9bFH89dzFVjb0j,https://open.spotify.com/track/6p5DYy9z9bFH89dzFVjb0j,95%,Gym / High Energy,shana-out-original-mix[mp3freex].mp3
sonnengruss-storyteller-vijay-amp-sofia-zlatko-remix-sm,Various Artists,2016 June,0DNyWmZMk8S1ErQ7TVAjbP,https://open.spotify.com/track/0DNyWmZMk8S1ErQ7TVAjbP,95%,Gym / High Energy,sonnengruss-storyteller-vijay-amp-sofia-zlatko-remix-sm[mp3freex].mp3
tali-muss-you-know-original-mix,Various Artists,2016 June,0EVYAO4BuT1DqiRfErpxll,https://open.spotify.com/track/0EVYAO4BuT1DqiRfErpxll,95%,Gym / High Energy,tali-muss-you-know-original-mix[mp3freex].mp3
three_drives-greece_2000__original_mix-tgx,Various Artists,2019 August,4MJtNThu1V9UzfOiujtgLu,https://open.spotify.com/track/4MJtNThu1V9UzfOiujtgLu,95%,Gym / High Energy,04-three_drives-greece_2000__original_mix-tgx.mp3
Living The Moment (Original Mix),Vinylsurfer,2018 August,4jCmASszVXwzBpNQfl9Dc0,https://open.spotify.com/track/4jCmASszVXwzBpNQfl9Dc0,95%,Gym / High Energy,Vinylsurfer - Living The Moment (Original Mix) [www.slider.kz].mp3
Between The Devil And The Deep Blue Sea (Matt DiMona Remix),XYLØ,2018 August,3FqE5nHIx0VAZ9AMvfwE8J,https://open.spotify.com/track/3FqE5nHIx0VAZ9AMvfwE8J,95%,Gym / High Energy,XYLØ - Between The Devil And The Deep Blue Sea (Matt DiMona Remix).mp3
Nazali Mabe,4th Dimension,2017 March,36g0zON7pp2QPYFRLeDd8t,https://open.spotify.com/track/36g0zON7pp2QPYFRLeDd8t,94%,Retro Dance & Pop-Rock,4th Dimension - Nazali Mabe.mp3
Beyond The Moon,A.M.R & Ai Takekawa,2018 December,58XmNUTCCPqzFNAD78qoQ6,https://open.spotify.com/track/58XmNUTCCPqzFNAD78qoQ6,94%,Retro Dance & Pop-Rock,A.M.R & Ai Takekawa - Beyond The Moon  [www.slider.kz].mp3
My Own Little World,Afterglow,2020 July,48iE8wisGgWv58z7ovsmw4,https://open.spotify.com/track/48iE8wisGgWv58z7ovsmw4,94%,Retro Dance & Pop-Rock,Afterglow - My Own Little World.mp3
Without You,Air Supply,2020 July,5YoH2S74oJCyot9CW6Fy1T,https://open.spotify.com/track/5YoH2S74oJCyot9CW6Fy1T,94%,Retro Dance & Pop-Rock,Air Supply - Without You.mp3
Pianissimo (Original),Alfred Azzetto Feat. Vincent Valler,2019 April,3GMdaSzCZs1q8PVqPGJOtF,https://open.spotify.com/track/3GMdaSzCZs1q8PVqPGJOtF,94%,Retro Dance & Pop-Rock,Alfred Azzetto Feat. Vincent Valler - Pianissimo (Original) [www.slider.kz].mp3
Until You Come Back to Me (That's What I Am Going to Do),Aretha Franklin,2020 July,2LpZH5SMNIyNLU31eJ0kWu,https://open.spotify.com/track/2LpZH5SMNIyNLU31eJ0kWu,94%,Retro Dance & Pop-Rock,Aretha Franklin - Until You Come Back to Me (That's What I Am Going to Do).mp3
One Week,Barenaked Ladies,2020 July,6R2QkjqfhsQhn3MsTYvMEz,https://open.spotify.com/track/6R2QkjqfhsQhn3MsTYvMEz,94%,Retro Dance & Pop-Rock,Barenaked Ladies - One Week.mp3
Sleep Alone,Ben Phipps ft. Ashe,2017 March,5wle96dAvXwXdbxeJHAVXZ,https://open.spotify.com/track/5wle96dAvXwXdbxeJHAVXZ,94%,Retro Dance & Pop-Rock,Ben Phipps ft. Ashe - Sleep Alone.mp3
Time to Say Goodbye (Single Version),Bettye Swann,2020 July,11qnPywHp7HBczPnoO8L5s,https://open.spotify.com/track/11qnPywHp7HBczPnoO8L5s,94%,Retro Dance & Pop-Rock,Bettye Swann - Time to Say Goodbye (Single Version).mp3
Beautiful Liar,Beyoncé & Shakira,2018 September,76Y07hjDi7fjJnZKsQbEaF,https://open.spotify.com/track/76Y07hjDi7fjJnZKsQbEaF,94%,Retro Dance & Pop-Rock,10 - Beyoncé & Shakira - Beautiful Liar.mp3
bad guy,Billie Eilish,2019 July,2Fxmhks0bxGSBdJ92vM42m,https://open.spotify.com/track/2Fxmhks0bxGSBdJ92vM42m,94%,Retro Dance & Pop-Rock,Billie Eilish - bad guy [www.slider.kz].mp3
Cinderella (She Said Her Name) [Radio Edit],Bob Sinclar,2018 September,0RE5GndnCpO83GK7SYxF9W,https://open.spotify.com/track/0RE5GndnCpO83GK7SYxF9W,94%,Retro Dance & Pop-Rock,Bob Sinclar - Cinderella (She Said Her Name) [Radio Edit] [www.slider.kz].mp3
Because you loved me,Celine Dion,Root,2c4rr33mgGC4c9cWzqdYxN,https://open.spotify.com/track/2c4rr33mgGC4c9cWzqdYxN,94%,Retro Dance & Pop-Rock,Celine Dion - Because you loved me.mp3
After the Love Has Gone,Damage,2020 July,4g4eWSqKANb546ZN87t8mW,https://open.spotify.com/track/4g4eWSqKANb546ZN87t8mW,94%,Retro Dance & Pop-Rock,Damage - After the Love Has Gone.mp3
Time to Say Goodbye (Instrumental Version),David Abel & Orchestra,2020 July,0GJP1kbCK1aFBsRtp2OquJ,https://open.spotify.com/track/0GJP1kbCK1aFBsRtp2OquJ,94%,Retro Dance & Pop-Rock,David Abel & Orchestra - Time to Say Goodbye (Instrumental Version).mp3
Delusion ft. Monna - Fight For Love,Delusion,2020 April,3lC2gnXn27FLgJgcFYMEAR,https://open.spotify.com/track/3lC2gnXn27FLgJgcFYMEAR,94%,Retro Dance & Pop-Rock,Delusion - Delusion ft. Monna - Fight For Love.mp3
Dancing in the dark,Dev,2017 November,01GiKL2VdUWqk00gbK2Z7i,https://open.spotify.com/track/01GiKL2VdUWqk00gbK2Z7i,94%,Retro Dance & Pop-Rock,Dev - Dancing in the dark.mp3
Walk On By,Dionne Warwick,2020 July,3xsOtNxtBW0oTI1OWKAzTm,https://open.spotify.com/track/3xsOtNxtBW0oTI1OWKAzTm,94%,Retro Dance & Pop-Rock,Dionne Warwick - Walk On By.mp3
Savannah (feat. Philly K) [NCS Release],Diviners,2017 Febuary,63gocOBVVq8hEj0AVMvdeZ,https://open.spotify.com/track/63gocOBVVq8hEj0AVMvdeZ,94%,Retro Dance & Pop-Rock,Diviners - Savannah (feat. Philly K) [NCS Release].mp3
Moskau,Dschinghis Khan,2018 August,5t77UGzgSBRDDnaxJvE9R3,https://open.spotify.com/track/5t77UGzgSBRDDnaxJvE9R3,94%,Retro Dance & Pop-Rock,A - Dschinghis Khan - Moskau.mp3
Flow,Dub FX,2020 April,1hipWHQ2FDMP2rXUMY02FO,https://open.spotify.com/track/1hipWHQ2FDMP2rXUMY02FO,94%,Retro Dance & Pop-Rock,Dub FX - Flow.mp3
Love Someone,Dub FX,2020 April,2gpeZFm3eA3PN1Zui5Hgin,https://open.spotify.com/track/2gpeZFm3eA3PN1Zui5Hgin,94%,Retro Dance & Pop-Rock,Dub FX - Love Someone.mp3
Save Tonight,Eagle-Eye Cherry,2019 April,1UnBgNb8NPtLBB96yarlCV,https://open.spotify.com/track/1UnBgNb8NPtLBB96yarlCV,94%,Retro Dance & Pop-Rock,Eagle-Eye Cherry - Save Tonight [www.slider.kz].mp3
Shape of You,Ed Sheeran,2018 August,7qiZfU4dY1lWllzX7mPBI3,https://open.spotify.com/track/7qiZfU4dY1lWllzX7mPBI3,94%,Retro Dance & Pop-Rock,Ed Sheeran - Shape of You [www.slider.kz].mp3
Everdream,Epic Soul Factory,2018 September,3j8kt4pX9Cwr5YJNafHR22,https://open.spotify.com/track/3j8kt4pX9Cwr5YJNafHR22,94%,Retro Dance & Pop-Rock,Epic Soul Factory - Everdream [www.sly.kz].mp3
I'm Still Crying,Eternal,2020 July,2PCAd77NIx0C3gmUj48D2P,https://open.spotify.com/track/2PCAd77NIx0C3gmUj48D2P,94%,Retro Dance & Pop-Rock,Eternal - I'm Still Crying.mp3
Circles,Evren Furtuna,2019 April,11xaeGazwUZ4GF5buWhYOd,https://open.spotify.com/track/11xaeGazwUZ4GF5buWhYOd,94%,Retro Dance & Pop-Rock,Evren Furtuna - Circles [www.slider.kz].mp3
I Was There,Faithless,2020 April,5A0XLs6Yh3CCGDqyETgr8C,https://open.spotify.com/track/5A0XLs6Yh3CCGDqyETgr8C,94%,Retro Dance & Pop-Rock,Faithless - I Was There.mp3
Pushing On,Francesco Dinoia,2020 May,3MG0JHlkQbsq4GW332olhK,https://open.spotify.com/track/3MG0JHlkQbsq4GW332olhK,94%,Retro Dance & Pop-Rock,Francesco Dinoia - Pushing On.mp3
The Whistle Song,Frankie Knuckles,2020 June,0DwAc0Z8Td3jv5frUznqu1,https://open.spotify.com/track/0DwAc0Z8Td3jv5frUznqu1,94%,Retro Dance & Pop-Rock,Frankie Knuckles - The Whistle Song.mp3
The Whistle Song (Re-Directed),Frankie Knuckles,2020 June,0DwAc0Z8Td3jv5frUznqu1,https://open.spotify.com/track/0DwAc0Z8Td3jv5frUznqu1,94%,Retro Dance & Pop-Rock,Frankie Knuckles - The Whistle Song (Re-Directed).mp3
Careless Whisper,George Michael,2019 April,5ac3D4hNLW7NFhYFCThXgh,https://open.spotify.com/track/5ac3D4hNLW7NFhYFCThXgh,94%,Retro Dance & Pop-Rock,George Michael - Careless Whisper [www.slider.kz].mp3
I Hate U I Love U,Gnash,2020 April,06SfocHeW2m0LoJw7fLvGu,https://open.spotify.com/track/06SfocHeW2m0LoJw7fLvGu,94%,Retro Dance & Pop-Rock,Gnash - I Hate U I Love U.mp3
Love Hurts,Gram Parsons,2020 July,3cTwv4Z5lXX8AvzofQ46LR,https://open.spotify.com/track/3cTwv4Z5lXX8AvzofQ46LR,94%,Retro Dance & Pop-Rock,Gram Parsons - Love Hurts.mp3
My Friend,Groove Armada,2020 October,5LRxSyiIRHQD26h1mdM0Ir,https://open.spotify.com/track/5LRxSyiIRHQD26h1mdM0Ir,94%,Retro Dance & Pop-Rock,Groove Armada - My Friend.mp3
500 miles (from Inside Llewyn Davis),Halia Meguid,2017 April,6oMZhY0f1ReI6AJDDYfuSb,https://open.spotify.com/track/6oMZhY0f1ReI6AJDDYfuSb,94%,Retro Dance & Pop-Rock,Halia Meguid  - 500 miles (from Inside Llewyn Davis).mp3
Because I Love You (The Postman Song),Hit Crew Masters,2017 April,06VZvIMIAxtBcP2incU67v,https://open.spotify.com/track/06VZvIMIAxtBcP2incU67v,94%,Retro Dance & Pop-Rock,Hit Crew Masters - Because I Love You (The Postman Song).mp3
I'm Lonely,Hollis P. Monroe,2020 May,6rpayK1hzzw5jbQGt5cVG0,https://open.spotify.com/track/6rpayK1hzzw5jbQGt5cVG0,94%,Retro Dance & Pop-Rock,Hollis P. Monroe - I'm Lonely.mp3
Like You,Hot Since 82,2020 June,4Jez17mG05paOW8JcZTygK,https://open.spotify.com/track/4Jez17mG05paOW8JcZTygK,94%,Retro Dance & Pop-Rock,Hot Since 82 - Like You.mp3
Yalla,INNA,2016 December,1Pe6N8JzZbdhM7eqopif3u,https://open.spotify.com/track/1Pe6N8JzZbdhM7eqopif3u,94%,Retro Dance & Pop-Rock,INNA - Yalla.mp3
Afterglow,INXS,2020 July,28ifPHns96vaSFxC47C57t,https://open.spotify.com/track/28ifPHns96vaSFxC47C57t,94%,Retro Dance & Pop-Rock,INXS - Afterglow.mp3
Reunite (Niklas Thal Edit),Isbells,2017 March,3stIYspWCgBe0JxbQvkKsv,https://open.spotify.com/track/3stIYspWCgBe0JxbQvkKsv,94%,Retro Dance & Pop-Rock,Isbells - Reunite (Niklas Thal Edit).mp3
Hymn,Jhonny,2017 May,6PKlg0o353xc1WDjX4LHdP,https://open.spotify.com/track/6PKlg0o353xc1WDjX4LHdP,94%,Retro Dance & Pop-Rock,Jhonny - Hymn.mp3
Ain't Nobody Gonna Take That From Me,Joe Nichols,2018 September,3uDFn1dqJHvq8TkQMJgNWB,https://open.spotify.com/track/3uDFn1dqJHvq8TkQMJgNWB,94%,Retro Dance & Pop-Rock,Joe Nichols - Ain't Nobody Gonna Take That From Me [www.slider.kz].mp3
I don't trust myself ( Dotan Cover ) [Oliver Flohr Edit],John Mayer,2017 March,12wg5BSwRKCTY6iPfGFx9r,https://open.spotify.com/track/12wg5BSwRKCTY6iPfGFx9r,94%,Retro Dance & Pop-Rock,John Mayer  - I don't trust myself ( Dotan Cover ) [Oliver Flohr Edit].mp3
Love Me Again,John Newman,2018 June,5TbzAWWc5eJaANpA9kfGCd,https://open.spotify.com/track/5TbzAWWc5eJaANpA9kfGCd,94%,Retro Dance & Pop-Rock,John Newman - Love Me Again.mp3
Further on up the road,Johnny Cash,2018 June,7wnWqdOIM00a2OGkV22KVf,https://open.spotify.com/track/7wnWqdOIM00a2OGkV22KVf,94%,Retro Dance & Pop-Rock,Johnny Cash - Further on up the road.mp3
Leave [Get Out],Jojo,2018 September,1KvoW6HPuW7Mu9i55XaibE,https://open.spotify.com/track/1KvoW6HPuW7Mu9i55XaibE,94%,Retro Dance & Pop-Rock,Jojo - Leave [Get Out].mp3
"Too Little, Too Late",Jojo,2018 September,2H5YDS0csmS7gEuruC6LQt,https://open.spotify.com/track/2H5YDS0csmS7gEuruC6LQt,94%,Retro Dance & Pop-Rock,"Jojo - Too Little, Too Late.mp3"
Love On A Real Train,"Judah, Fatum",2018 November,0fFIg6EppP01yQ2pOMzSkS,https://open.spotify.com/track/0fFIg6EppP01yQ2pOMzSkS,94%,Retro Dance & Pop-Rock,"Judah, Fatum - Love On A Real Train [www.slider.kz].mp3"
Teri Deewani,Kailash,2016 June,2iNqdCchlUZEgjJbQyZf8T,https://open.spotify.com/track/2iNqdCchlUZEgjJbQyZf8T,94%,Retro Dance & Pop-Rock,Kailash - Teri Deewani.mp3
Suno To Diwana Dil,Kamaal Khan,2020 October,0dy1K248fA7trNCGJfjKmV,https://open.spotify.com/track/0dy1K248fA7trNCGJfjKmV,94%,Retro Dance & Pop-Rock,Kamaal Khan - Suno To Diwana Dil.mp3
Lambada,Kaoma,2019 April,6xepovPqjvrkEw9Y5AMmTm,https://open.spotify.com/track/6xepovPqjvrkEw9Y5AMmTm,94%,Retro Dance & Pop-Rock,Kaoma - Lambada [www.slider.kz].mp3
Rattlin' Bones,Kasey Chambers & Shane Nicholson,2017 April,7M6oKJS7dCDQYgaViybJh9,https://open.spotify.com/track/7M6oKJS7dCDQYgaViybJh9,94%,Retro Dance & Pop-Rock,Kasey Chambers & Shane Nicholson - Rattlin' Bones.mp3
Walk Away,Kelly Clarkson,2018 September,25sA1vM4BFkTb5cJGWftFo,https://open.spotify.com/track/25sA1vM4BFkTb5cJGWftFo,94%,Retro Dance & Pop-Rock,Kelly Clarkson - Walk Away.mp3
Tears Won't Wash Away These Heartaches,Ken Dodd,2020 July,3pOsAJxZpZEubKXxH06HXT,https://open.spotify.com/track/3pOsAJxZpZEubKXxH06HXT,94%,Retro Dance & Pop-Rock,Ken Dodd - Tears Won't Wash Away These Heartaches.mp3
Evolution,KoЯn,2020 May,4PaPZk1Ozg0TfDTBnbXX38,https://open.spotify.com/track/4PaPZk1Ozg0TfDTBnbXX38,94%,Retro Dance & Pop-Rock,KoЯn - Evolution.mp3
Feel Your Love,KRYGA,2018 August,0HRTzguByF80nRKS6G3IMH,https://open.spotify.com/track/0HRTzguByF80nRKS6G3IMH,94%,Retro Dance & Pop-Rock,KRYGA - Feel Your Love [www.slider.kz].mp3
Raindrops,Levi & Harry D,2019 July,77zLPrUmenlgzMQENMfDMh,https://open.spotify.com/track/77zLPrUmenlgzMQENMfDMh,94%,Retro Dance & Pop-Rock,Levi & Harry D - Raindrops [www.slider.kz].mp3
Stay with Me,Lorraine Ellison,2020 July,3DIxoxoeNJvKTZpVGBAMQf,https://open.spotify.com/track/3DIxoxoeNJvKTZpVGBAMQf,94%,Retro Dance & Pop-Rock,Lorraine Ellison - Stay with Me.mp3
Are You With Me (Radio Edit),Lost,2016 June,4255amV4enzl28KAn16rUO,https://open.spotify.com/track/4255amV4enzl28KAn16rUO,94%,Retro Dance & Pop-Rock,Lost - Are You With Me (Radio Edit).mp3
Dooriyan,Love Aaj Kal,2018 August,4Nu6be6Wgvqq60hFoRMqsc,https://open.spotify.com/track/4Nu6be6Wgvqq60hFoRMqsc,94%,Retro Dance & Pop-Rock,Love Aaj Kal - Dooriyan [www.slider.kz].mp3
Sad Eyes,Maria Muldaur,2020 July,7LrwM44MZEx5PvzOP0awlg,https://open.spotify.com/track/7LrwM44MZEx5PvzOP0awlg,94%,Retro Dance & Pop-Rock,Maria Muldaur - Sad Eyes.mp3
Uptown Funk,Mark Ronson feat. Bruno Mars,2018 August,32OlwWuMpZ6b0aN2RZOeMS,https://open.spotify.com/track/32OlwWuMpZ6b0aN2RZOeMS,94%,Retro Dance & Pop-Rock,Mark Ronson feat. Bruno Mars - Uptown Funk [www.slider.kz].mp3
Unwell,matchbox twenty,2020 July,3P0DZ53GdMzwP3brAHaMkU,https://open.spotify.com/track/3P0DZ53GdMzwP3brAHaMkU,94%,Retro Dance & Pop-Rock,matchbox twenty - Unwell.mp3
Fill Your Life,Mauro Valdemi,2017 March,1tTg2IHnbisvMLYM3WTK1t,https://open.spotify.com/track/1tTg2IHnbisvMLYM3WTK1t,94%,Retro Dance & Pop-Rock,Mauro Valdemi - Fill Your Life.mp3
Conmigo,Max Oazo,2020 April,7vdihCV62kwUQq56ogHK1Q,https://open.spotify.com/track/7vdihCV62kwUQq56ogHK1Q,94%,Retro Dance & Pop-Rock,Max Oazo - Conmigo.mp3
Take Me Away (Original Edit),"Meines, Lenny",2019 July,3lAI9CDyznkAxU1dSK7iTw,https://open.spotify.com/track/3lAI9CDyznkAxU1dSK7iTw,94%,Retro Dance & Pop-Rock,"Meines, Lenny - Take Me Away (Original Edit) [www.slider.kz].mp3"
Driftwood Seat (Markus Toepfer Edit),Mighty Oaks,2017 March,4P2M9cWgs2k5Jn2fP6e1V7,https://open.spotify.com/track/4P2M9cWgs2k5Jn2fP6e1V7,94%,Retro Dance & Pop-Rock,Mighty Oaks - Driftwood Seat (Markus Toepfer Edit).mp3
Her Shining Eyes,Mindset,2018 December,4bH4oaJ2q8q7Tb89jhjtK8,https://open.spotify.com/track/4bH4oaJ2q8q7Tb89jhjtK8,94%,Retro Dance & Pop-Rock,Mindset - Her Shining Eyes [www.slider.kz].mp3
Life of Sin Pt. 5,MitiS,2017 May,7tN7yfTYNScQFXeRx212yK,https://open.spotify.com/track/7tN7yfTYNScQFXeRx212yK,94%,Retro Dance & Pop-Rock,MitiS - Life of Sin Pt. 5.mp3
Chillin,Modjo,2020 April,3Nxw6eeFpBwUbxVuSY6NC0,https://open.spotify.com/track/3Nxw6eeFpBwUbxVuSY6NC0,94%,Retro Dance & Pop-Rock,Modjo - Chillin'.mp3
Why Am I Crying,Molly Sandén,2020 July,0hNu9mP4Fp5hqiitdrzDKo,https://open.spotify.com/track/0hNu9mP4Fp5hqiitdrzDKo,94%,Retro Dance & Pop-Rock,Molly Sandén - Why Am I Crying.mp3
Do It All Again,Mr. Probz,2017 April,30BmXzCbYI1BXAEW0ybelV,https://open.spotify.com/track/30BmXzCbYI1BXAEW0ybelV,94%,Retro Dance & Pop-Rock,Mr. Probz - Do It All Again.mp3
These Words,Natasha Bedingfield,2017 April,7leW1Dmvs9A4oDh9i5Qwpz,https://open.spotify.com/track/7leW1Dmvs9A4oDh9i5Qwpz,94%,Retro Dance & Pop-Rock,Natasha Bedingfield - These Words.mp3
Gravity (ft. Marie Beeckman),Nicolas Haelg,2017 March,0dfyqostAKpoocV5er24Y6,https://open.spotify.com/track/0dfyqostAKpoocV5er24Y6,94%,Retro Dance & Pop-Rock,Nicolas Haelg - Gravity (ft. Marie Beeckman).mp3
Push The Feeling On (Mk Dub Revisited Edit),Nightcrawlers,2020 July,1EWsVHU4FNAdtN4R8FETag,https://open.spotify.com/track/1EWsVHU4FNAdtN4R8FETag,94%,Retro Dance & Pop-Rock,Nightcrawlers - Push The Feeling On (Mk Dub Revisited Edit).mp3
Bring Me Home,Oliver Koletzki,2018 December,2ubcWBXdlKChdJYZBmJ7Vw,https://open.spotify.com/track/2ubcWBXdlKChdJYZBmJ7Vw,94%,Retro Dance & Pop-Rock,Oliver Koletzki - Bring Me Home [www.slider.kz].mp3
Rich Love,OneRepublic,2020 April,7dOeiXeTSfA1ixaYmQcWu7,https://open.spotify.com/track/7dOeiXeTSfA1ixaYmQcWu7,94%,Retro Dance & Pop-Rock,OneRepublic - Rich Love.mp3
Canon In D (Piano and Violin Duet),Pachelbel's Canon In D Major,2020 April,1c3GkbZBnyrQ1cm4TGHFrK,https://open.spotify.com/track/1c3GkbZBnyrQ1cm4TGHFrK,94%,Retro Dance & Pop-Rock,Pachelbel's Canon In D Major - Canon In D (Piano and Violin Duet).mp3
Song for Sienna (Piano and Cello Duet),Pachelbel's Canon In D Major,2020 April,5Slzwrokrrh2TgyfzE9Vfi,https://open.spotify.com/track/5Slzwrokrrh2TgyfzE9Vfi,94%,Retro Dance & Pop-Rock,Pachelbel's Canon In D Major - Song for Sienna (Piano and Cello Duet).mp3
Crying In the Rain,Peter And Gordon,2020 July,6Vc4ALuxIAZWjtlEqhSd0a,https://open.spotify.com/track/6Vc4ALuxIAZWjtlEqhSd0a,94%,Retro Dance & Pop-Rock,Peter And Gordon - Crying In the Rain.mp3
One Day I'll Fly Away,Randy Crawford,2020 July,0J8A1ZVyJcRZxFNvtp6jRh,https://open.spotify.com/track/0J8A1ZVyJcRZxFNvtp6jRh,94%,Retro Dance & Pop-Rock,Randy Crawford - One Day I'll Fly Away.mp3
Livin' la Vida Loca,Ricky Martin,2019 April,0Ph6L4l8dYUuXFmb71Ajnd,https://open.spotify.com/track/0Ph6L4l8dYUuXFmb71Ajnd,94%,Retro Dance & Pop-Rock,Ricky Martin - Livin' la Vida Loca [www.slider.kz].mp3
María,Ricky Martin,2019 April,4bNqBlJkoueiFla9YsyNg9,https://open.spotify.com/track/4bNqBlJkoueiFla9YsyNg9,94%,Retro Dance & Pop-Rock,Ricky Martin - María [www.slider.kz].mp3
Disturbia,Rihanna,2018 August,2VOomzT6VavJOGBeySqaMc,https://open.spotify.com/track/2VOomzT6VavJOGBeySqaMc,94%,Retro Dance & Pop-Rock,Rihanna - Disturbia.mp3
sos,rihanna,2016 June,30cSNer6TV8x2utjULVeQ5,https://open.spotify.com/track/30cSNer6TV8x2utjULVeQ5,94%,Retro Dance & Pop-Rock,rihanna-sos[mp3freex].mp3
I Want to Thank You,Robin S,2020 June,3mOCAHNmIp2kGP7QdnJFup,https://open.spotify.com/track/3mOCAHNmIp2kGP7QdnJFup,94%,Retro Dance & Pop-Rock,Robin S - I Want to Thank You.mp3
Love Don't Live Here Anymore,Rose Royce,2020 July,0BFE1yb6HN2lZ0VoGXnYLl,https://open.spotify.com/track/0BFE1yb6HN2lZ0VoGXnYLl,94%,Retro Dance & Pop-Rock,Rose Royce - Love Don't Live Here Anymore.mp3
The Look,Roxette,2019 April,1Pf6bdSTw4EpyDY9H5I2Eg,https://open.spotify.com/track/1Pf6bdSTw4EpyDY9H5I2Eg,94%,Retro Dance & Pop-Rock,Roxette - The Look [www.slider.kz].mp3
Smooth,Santana feat. Rob Thomas,2019 April,2pX4FpOgwItRVPPUFdRcxA,https://open.spotify.com/track/2pX4FpOgwItRVPPUFdRcxA,94%,Retro Dance & Pop-Rock,Santana feat. Rob Thomas - Smooth [www.slider.kz].mp3
Breathe,SeeB,2020 April,0CvTKt7jr68v4YEg9oATjX,https://open.spotify.com/track/0CvTKt7jr68v4YEg9oATjX,94%,Retro Dance & Pop-Rock,SeeB - Breathe.mp3
"Whenever, Wherever",Shakira,2019 April,2lnzGkdtDj5mtlcOW2yRtG,https://open.spotify.com/track/2lnzGkdtDj5mtlcOW2yRtG,94%,Retro Dance & Pop-Rock,"Shakira - Whenever, Wherever [www.slider.kz].mp3"
Ev'ry Time We Say Goodbye,Shirley Bassey,2020 July,6bRW2pcapPwvZmZOFeYX5m,https://open.spotify.com/track/6bRW2pcapPwvZmZOFeYX5m,94%,Retro Dance & Pop-Rock,Shirley Bassey - Ev'ry Time We Say Goodbye.mp3
Dil La Ley,Shweta Shetty,2020 October,2mND0PX2tmQEylwfZDTF2F,https://open.spotify.com/track/2mND0PX2tmQEylwfZDTF2F,94%,Retro Dance & Pop-Rock,Shweta Shetty - Dil La Ley.mp3
cheap thrills ft. sean paul,sia,2018 June,6b3b7lILUJqXcp6w9wNQSm,https://open.spotify.com/track/6b3b7lILUJqXcp6w9wNQSm,94%,Retro Dance & Pop-Rock,sia - cheap thrills ft. sean paul.mp3
Never Give Up,Sia,2016 December,1ssmjAYSU5PbmsjLq5yrNH,https://open.spotify.com/track/1ssmjAYSU5PbmsjLq5yrNH,94%,Retro Dance & Pop-Rock,Sia - Never Give Up.mp3
Everchanging Times (From _Baby Boom_),Siedah Garrett,2020 July,2bePeU6mGQy4s5kaRt1Eov,https://open.spotify.com/track/2bePeU6mGQy4s5kaRt1Eov,94%,Retro Dance & Pop-Rock,Siedah Garrett - Everchanging Times (From _Baby Boom_).mp3
Love The Way You Move,Slightly Left of Centre,2020 May,1xjWiOCXBADVo6NUfbPgGR,https://open.spotify.com/track/1xjWiOCXBADVo6NUfbPgGR,94%,Retro Dance & Pop-Rock,Slightly Left of Centre - Love The Way You Move.mp3
All Star,Smash Mouth,2019 April,3cfOd4CMv2snFaKAnMdnvK,https://open.spotify.com/track/3cfOd4CMv2snFaKAnMdnvK,94%,Retro Dance & Pop-Rock,Smash Mouth - All Star [www.slider.kz].mp3
Music Sounds Better with You,Stardust,2017 November,303ccTay2FiDTZ9fZ2AdBt,https://open.spotify.com/track/303ccTay2FiDTZ9fZ2AdBt,94%,Retro Dance & Pop-Rock,Stardust - Music Sounds Better with You.mp3
Alors On Danse,Stromae,2018 September,2zijZVGwRB9vAP2UkOS9nF,https://open.spotify.com/track/2zijZVGwRB9vAP2UkOS9nF,94%,Retro Dance & Pop-Rock,01. Stromae - Alors On Danse.mp3
Hey Mamma,Sunstroke Project,2017 November,7EfS0QO3m5tZlKZEzcvWaG,https://open.spotify.com/track/7EfS0QO3m5tZlKZEzcvWaG,94%,Retro Dance & Pop-Rock,Sunstroke Project - Hey Mamma.mp3
Sweet Like Candy,"Terry Lex, Sean David",2018 September,2TQC9X8fjMKVqkjxMXOdQX,https://open.spotify.com/track/2TQC9X8fjMKVqkjxMXOdQX,94%,Retro Dance & Pop-Rock,"Terry Lex, Sean David - Sweet Like Candy [www.slider.kz].mp3"
Back & Forth,The Aston Shuffle feat. Elizabeth Rose,2018 September,6Qs59N0gv9DDwqDMjtSQLq,https://open.spotify.com/track/6Qs59N0gv9DDwqDMjtSQLq,94%,Retro Dance & Pop-Rock,The Aston Shuffle feat. Elizabeth Rose - Back & Forth [www.slider.kz].mp3
Goodbye My Lover Goodbye,The Jimmy Castor Bunch,2020 July,6swJqx96cWSJ7D8LhRBvtu,https://open.spotify.com/track/6swJqx96cWSJ7D8LhRBvtu,94%,Retro Dance & Pop-Rock,The Jimmy Castor Bunch - Goodbye My Lover Goodbye.mp3
The Wolven Storm (ENG),The Witcher,2019 January,3AAjrih6L1KkXNmMR9w8hf,https://open.spotify.com/track/3AAjrih6L1KkXNmMR9w8hf,94%,Retro Dance & Pop-Rock,The Witcher - The Wolven Storm (ENG) [www.slider.kz].mp3
Intro,The XX,2018 September,2usrT8QIbIk9y0NEtQwS4j,https://open.spotify.com/track/2usrT8QIbIk9y0NEtQwS4j,94%,Buddha Bar Lounge,The XX - Intro  [www.slider.kz].mp3
Morning After Dark (Featuring Nelly Furtado & SoShy),Timbaland,2018 August,6mmtxbG5pzkrJ0BrSdg9uW,https://open.spotify.com/track/6mmtxbG5pzkrJ0BrSdg9uW,94%,Retro Dance & Pop-Rock,Timbaland - Morning After Dark (Featuring Nelly Furtado & SoShy) [www.slider.kz].mp3
Time (From _Inception_),Tina Guo,2020 June,0S5aqKj50T09c3zgW8QJer,https://open.spotify.com/track/0S5aqKj50T09c3zgW8QJer,94%,Retro Dance & Pop-Rock,Tina Guo - Time (From _Inception_).mp3
Tarzan & Jane,Toy-Box,2019 April,2R3gfyDoBo0uXZSwTiKysZ,https://open.spotify.com/track/2R3gfyDoBo0uXZSwTiKysZ,94%,Retro Dance & Pop-Rock,Toy-Box - Tarzan & Jane [www.slider.kz].mp3
Tara,Vanotek feat. Eneli,2018 August,6iT9eBCKqdGn9oVVfy1Icj,https://open.spotify.com/track/6iT9eBCKqdGn9oVVfy1Icj,94%,Retro Dance & Pop-Rock,Vanotek feat. Eneli - Tara [www.slider.kz].mp3
alanis-morissette-crazy,Various Artists,2016 June,7bYNwDlRsuMnELAat8w612,https://open.spotify.com/track/7bYNwDlRsuMnELAat8w612,94%,Retro Dance & Pop-Rock,alanis-morissette-crazy[mp3freex].mp3
atif-aslam-tere-bin-tere-bin-main-yun-kaise-jiya-kaise-jiya-tere-bin,Various Artists,2016 June,3DpedytYku64Hjf51064vO,https://open.spotify.com/track/3DpedytYku64Hjf51064vO,94%,Retro Dance & Pop-Rock,atif-aslam-tere-bin-tere-bin-main-yun-kaise-jiya-kaise-jiya-tere-bin[mp3freex].mp3
blank-amp-jones-with-katja-werker-cruel-love,Various Artists,2016 June,5M1t034NRzglxdfbYUSjSg,https://open.spotify.com/track/5M1t034NRzglxdfbYUSjSg,94%,Retro Dance & Pop-Rock,blank-amp-jones-with-katja-werker-cruel-love[mp3freex].mp3
Chittiyaan Kalaiyaan,Various Artists,2017 November,6XjJXPP3UiGtAQpYkD01c0,https://open.spotify.com/track/6XjJXPP3UiGtAQpYkD01c0,94%,Retro Dance & Pop-Rock,Chittiyaan Kalaiyaan @ IndiaMp3.Com.mp3
dai-dear-you-instrumental,Various Artists,2016 June,0B8Ev2BkRG8WMfjm6x7rLb,https://open.spotify.com/track/0B8Ev2BkRG8WMfjm6x7rLb,94%,Retro Dance & Pop-Rock,dai-dear-you-instrumental[mp3freex].mp3
dj-tandu-velvet,Various Artists,2016 June,2Nwj37iOobohLGeYfdL8Zi,https://open.spotify.com/track/2Nwj37iOobohLGeYfdL8Zi,94%,Retro Dance & Pop-Rock,dj-tandu-velvet[mp3freex].mp3
duke-dumont-i-got-you,Various Artists,2016 November,023H4I7HJnxRqsc9cqeFKV,https://open.spotify.com/track/023H4I7HJnxRqsc9cqeFKV,94%,Retro Dance & Pop-Rock,duke-dumont-i-got-you[mp3freex].mp3
keating-ronan-when-you-say-nothing-at-all-ost-noting-hill,Various Artists,2016 June,0gcjc7Vt5xtcfmJgf6g2IO,https://open.spotify.com/track/0gcjc7Vt5xtcfmJgf6g2IO,94%,Retro Dance & Pop-Rock,keating-ronan-when-you-say-nothing-at-all-ost-noting-hill[mp3freex].mp3
kygo-feat-conrad-firestone,Various Artists,2016 June,1I8tHoNBFTuoJAlh4hfVVE,https://open.spotify.com/track/1I8tHoNBFTuoJAlh4hfVVE,94%,Retro Dance & Pop-Rock,01-kygo-feat-conrad-firestone[mp3freex].mp3
leonard-cohen-in-my-secret-life,Various Artists,2016 June,31TADh49q4s4jm6lGDeIrd,https://open.spotify.com/track/31TADh49q4s4jm6lGDeIrd,94%,Retro Dance & Pop-Rock,leonard-cohen-in-my-secret-life[mp3freex].mp3
little-giants-lately-love-love-love,Various Artists,2016 June,2eiSU5oJ6Q8YfvaRhHBcmf,https://open.spotify.com/track/2eiSU5oJ6Q8YfvaRhHBcmf,94%,Retro Dance & Pop-Rock,little-giants-lately-love-love-love[mp3freex].mp3
netzwerk-koloman-vuchs-chill-edit,Various Artists,2016 June,2UEW0yVFK6AtGFF6IctO6d,https://open.spotify.com/track/2UEW0yVFK6AtGFF6IctO6d,94%,Retro Dance & Pop-Rock,netzwerk-koloman-vuchs-chill-edit.mp3
ortopilot-you-can-call-me-al-koloman-vuchs-edit,Various Artists,2016 June,0qxYx4F3vm1AOnfux6dDxP,https://open.spotify.com/track/0qxYx4F3vm1AOnfux6dDxP,94%,Retro Dance & Pop-Rock,ortopilot-you-can-call-me-al-koloman-vuchs-edit[mp3freex].mp3
Papaoutai,Various Artists,2018 September,4nRPe5CMD4HfM1mXuvxJx0,https://open.spotify.com/track/4nRPe5CMD4HfM1mXuvxJx0,94%,Retro Dance & Pop-Rock,02-Papaoutai.mp3
passenger-let-her-go,Various Artists,2016 June,1nHKI4L5pWrN5CUvW07nHP,https://open.spotify.com/track/1nHKI4L5pWrN5CUvW07nHP,94%,Retro Dance & Pop-Rock,passenger-let-her-go-lyrics[mp3freex].mp3
radio-premium-eelke-kleijn-mistakes-i-ve-made-radio-edit,Various Artists,2016 June,5tkKIwo0R91Rp9ZPUilg7l,https://open.spotify.com/track/5tkKIwo0R91Rp9ZPUilg7l,94%,Retro Dance & Pop-Rock,radio-premium-eelke-kleijn-mistakes-i-ve-made-radio-edit[mp3freex].mp3
rihanna-please-dont-stop-the-music,Various Artists,2016 June,0GiFj3pmwd7JiERWBJxWYp,https://open.spotify.com/track/0GiFj3pmwd7JiERWBJxWYp,94%,Retro Dance & Pop-Rock,rihanna-please-dont-stop-the-music[mp3freex].mp3
system-of-a-down-chop-suey-original,Various Artists,2016 June,0tKMIMuO1BmRmoQEhpiEhK,https://open.spotify.com/track/0tKMIMuO1BmRmoQEhpiEhK,94%,Retro Dance & Pop-Rock,system-of-a-down-chop-suey-original[mp3freex].mp3
Traditional Japanese Modern Music Shamisen Epic,Various Artists,2018 June,2a4oh8KtklDrgtMSTJp98Z,https://open.spotify.com/track/2a4oh8KtklDrgtMSTJp98Z,94%,Retro Dance & Pop-Rock,Traditional Japanese Modern Music Shamisen Epic.mp3
What Is Love,Various Artists,2017 March,7JkZ2hQdDonRURJjlMuh8q,https://open.spotify.com/track/7JkZ2hQdDonRURJjlMuh8q,94%,Retro Dance & Pop-Rock,What Is Love.mp3
All By Myself,Wang Chieh,2020 July,4sZHHT4EpKdiIQ7riaiKab,https://open.spotify.com/track/4sZHHT4EpKdiIQ7riaiKab,94%,Retro Dance & Pop-Rock,Wang Chieh - All By Myself.mp3
I Will Always Love You,Whitney Houston,2017 April,0BsbPzgtF3Ljzgtp5WmvwO,https://open.spotify.com/track/0BsbPzgtF3Ljzgtp5WmvwO,94%,Retro Dance & Pop-Rock,Whitney Houston - I Will Always Love You.mp3
river-flows-in-you,Yiruma,2016 November,2agBDIr9MYDUducQPC1sFU,https://open.spotify.com/track/2agBDIr9MYDUducQPC1sFU,94%,Buddha Bar Lounge,yiruma-river-flows-in-you[mp3freex].mp3
Stubborn Love (FlicFlac Bootleg) (1),The Lumineers,Indie,4W7LccW7cQgSidRBHh3W2v,https://open.spotify.com/track/4W7LccW7cQgSidRBHh3W2v,91%,Sunset Deep House,The Lumineers- Stubborn Love (FlicFlac Bootleg) www.myfreemp3.re  (1).mp3
Walk Into The Night (Original Mix),Alex Hook Feat. Shyam,2017 Febuary,,,90%,Sunset Deep House,Alex Hook Feat. Shyam - Walk Into The Night (Original Mix).mp3
Mr. Saxobeat,Alexandra Stan,Root,,,90%,Sunset Deep House,Alexandra Stan - Mr. Saxobeat - LYRICS.mp3
Antoine Chambe & Otter Berry ft. Hi-Ly - Andalusia (Filatov & Karas Remix),Babylonia,2017 March,,,90%,Sunset Deep House,Babylonia - Antoine Chambe & Otter Berry ft. Hi-Ly - Andalusia (Filatov & Karas Remix).mp3
"DJ Crown, Juloboy - City Lights (Original Mix)",Babylonia,2017 Febuary,,,90%,Sunset Deep House,"Babylonia - DJ Crown, Juloboy - City Lights (Original Mix).mp3"
Voices (Original Mix),Blood Groove & Kikis,2018 December,,,90%,Sunset Deep House,04. Blood Groove & Kikis - Voices (Original Mix) [www.slider.kz].mp3
The Only Way feat Cosma (Supacooks Remix),CRAM,2019 July,,,90%,Sunset Deep House,CRAM - The Only Way feat Cosma (Supacooks Remix) [www.slider.kz].mp3
Keep On Dancing,Danijel Kostic & Shyam,2018 September,,,90%,Sunset Deep House,Danijel Kostic & Shyam - Keep On Dancing  [www.slider.kz].mp3
Vogelvlucht (Original Mix),De Hofnar,Indie,5CeTuypSIJIOq0nUs4uhBh,https://open.spotify.com/track/5CeTuypSIJIOq0nUs4uhBh,90%,Sunset Deep House,De Hofnar-Vogelvlucht (Original Mix) www.myfreemp3.re .mp3
Spring (Blood Groove & Kikis Remix),Elvin Ong,Root,,,90%,Sunset Deep House,Elvin Ong - Spring (Blood Groove & Kikis Remix).mp3
Klanga (Cedric Zeyenne Remix) (DEEP ONE radio edit) (DEEP ONE radio edit),Gostan,2016 December,,,90%,Sunset Deep House,Gostan - Klanga (Cedric Zeyenne Remix) (DEEP ONE radio edit) (DEEP ONE radio edit) - http---vk.com-deep1radio.mp3
The More I Want You (Original Mix),Larse,2017 March,,,90%,Sunset Deep House,06 Larse - The More I Want You (Original Mix).mp3
Reflections (Gryffin Remix),Misterwives,2019 August,,,90%,Sunset Deep House,Misterwives - Reflections (Gryffin Remix).mp3
Do It All Again Pascal Junior Remix MP3 downloads,MrProbz,Root,,,90%,Sunset Deep House,MrProbz - Do It All Again Pascal Junior Remix MP3 downloads _ www.MyFreeMp3.eu_2.MP3
This Is You feat. Sarah Clark (Blood Groove & Kikis Remix),Nigel Good,2018 December,,,90%,Sunset Deep House,Nigel Good - This Is You feat. Sarah Clark (Blood Groove & Kikis Remix) [www.slider.kz].mp3
BBC Essential Mix 2017 Deep Tech Indie Dance,Nora En Pure,Root,,,90%,Sunset Deep House,Nora En Pure - BBC Essential Mix 2017  Deep House  Tech House  Indie Dance.mp3
Turn It Around (Original Mix) - vk.com-lux.music,Nora En Pure,2017 Febuary,,,90%,Sunset Deep House,Nora En Pure - Turn It Around (Original Mix) - vk.com-lux.music.mp3
Love Song (Mahmut Orhan Remix) (1),"Playmen, Alceen feat. Mia",Indie,1BBbGyAkQNZKoJgqeZRuLI,https://open.spotify.com/track/1BBbGyAkQNZKoJgqeZRuLI,90%,Sunset Deep House,"Playmen, Alceen feat. Mia-Love Song (Mahmut Orhan Remix) www.myfreemp3.re  (1).mp3"
Prayer (Original Mix),Robin Schulz,Root,,,90%,Sunset Deep House,Robin Schulz - Prayer (Original Mix).mp3
Willst Du,Robin Schulz,Root,,,90%,Sunset Deep House,Robin Schulz  - Willst Du .mp3
Willst Du (Radio Mix),Robin Schulz & Alligatoah,Root,,,90%,Sunset Deep House,Robin Schulz & Alligatoah - Willst Du (Radio Mix).mp3
Can`t Get Away (Kungs Remix),Rodriguez,2017 March,,,90%,Sunset Deep House,Rodriguez - Can`t Get Away (Kungs Remix).mp3
frank-ocean-thinking-bout-you-motez-edit,Various Artists,2016 June,,,90%,Sunset Deep House,frank-ocean-thinking-bout-you-motez-edit[mp3freex].mp3
The Only One (Alex Hook Radio Remix),Various Artists,2020 July,,,90%,Sunset Deep House,04 - The Only One (Alex Hook Radio Remix).mp3
The Only One (Alex Hook Remix),Various Artists,2020 July,,,90%,Sunset Deep House,03 - The Only One (Alex Hook Remix).mp3
Light Up,Vijay & Sofia,2020 July,,,90%,Sunset Deep House,Vijay & Sofia - Light Up.mp3
World Of Colors,Vijay & Sofia,2020 July,,,90%,Sunset Deep House,Vijay & Sofia - World Of Colors.mp3
Earth Groove (Extended Mix),Vijay & Sofia Ft. Notte,Root,,,90%,Sunset Deep House,Vijay & Sofia Ft. Notte - Earth Groove (Extended Mix).mp3
Sense of grey (Blood Groove & Kikis rmx),Vince Forwards,2019 January,,,90%,Sunset Deep House,Vince Forwards - Sense of grey (Blood Groove & Kikis rmx) [www.slider.kz].mp3
You Don't Know (Feat. Lloyd Banks & Cashis) - AlbumJams.com,50 Cent,2018 September,,,89%,Gym / High Energy,08. 50 Cent - You Don't Know (Feat. Lloyd Banks & Cashis) - AlbumJams.com.mp3
Long Distance (Original mix),Adam K & Soha,Root,,,89%,Hypnotic Trance,Adam K & Soha - Long Distance (Original mix) -HD-.mp3
Who Cares Really (Original Mix),Adam K & Soha,Root,,,89%,Hypnotic Trance,Adam K & Soha - Who Cares Really (Original Mix) [HD].mp3
Tu Jo Nahi To,Ahmed Jahanzeb,Desi,,,89%,Desi Soul & Sufi,(Song) - Tu Jo Nahi  To - {Ahmed Jahanzeb}.mp3
Love Aaj Kal .flv,Ajj Din Chadheya,Desi,,,89%,Desi Soul & Sufi,Ajj Din Chadheya - Love Aaj Kal 1080p.flv.mp3
Pakistani song,Akhiyan By Fuzon,Desi,,,89%,Desi Soul & Sufi,Akhiyan By  Fuzon - Pakistani song.mp3
We Won't Forget (Alfoa 'In Memories' Remix) Progressive Breaks Music,Aleksey,2017 May,,,89%,Hypnotic Trance,Aleksey -  We Won't Forget (Alfoa 'In Memories' Remix) Progressive Breaks Music.mp3
Maula,Ali Azmat,Desi,,,89%,Desi Soul & Sufi,Ali Azmat - Maula  .mp3
Alpha 9 - Come Home,Alpha,2017 May,,,89%,Hypnotic Trance,Alpha - Alpha 9 - Come Home.mp3
You And I (Extended Mix),Alpha 9,2020 May,,,89%,Hypnotic Trance,Alpha 9 - You And I (Extended Mix).mp3
End of Time (Dub Mix),Anlaya Project,2020 October,,,89%,Hypnotic Trance,Anlaya Project - End of Time (Dub Mix).mp3
Maula Mere Maula Aankhein Teri Kitni Haseen Ke Inka Aashique - RoopKumar Rathod,Anwar,Desi,,,89%,Desi Soul & Sufi,Anwar - Maula Mere Maula Aankhein Teri Kitni Haseen Ke Inka Aashique - RoopKumar Rathod.mp3
Rang De Basanti (2006) - Movie Song,Apni Toh Paathshala,Desi,,,89%,Desi Soul & Sufi,Apni Toh Paathshala - Rang De Basanti (2006) - Movie Song.mp3
Jugni,Arif Lohar & Harshdeep Kaur,Desi,,,89%,Desi Soul & Sufi,Arif Lohar & Harshdeep Kaur - Jugni  .mp3
If you should go (Inpetto vs. Duderstadt remix),Armin Van Buuren ft. Susana,Root,,,89%,Hypnotic Trance,Armin Van Buuren ft. Susana - If you should go (Inpetto vs. Duderstadt remix).mp3
Aankhon Mein Tera Hi Chehra,Aryans,Desi,,,89%,Desi Soul & Sufi,Aryans - Aankhon Mein Tera Hi Chehra.mp3
All I Need (Progressive Mix),"Aurosonic, Katty Heath, Frainbreeze",2018 December,,,89%,Hypnotic Trance,"Aurosonic, Katty Heath, Frainbreeze - All I Need (Progressive Mix) [www.slider.kz].mp3"
Fade Into Darkness (Vocal Radio Edit) mp3,Avicii,Root,,,89%,Gym / High Energy,Avicii - Fade Into Darkness (Vocal Radio Edit) mp3.MP3
Lay Me Down (Avicii By Avicii),Avicii,2018 August,,,89%,Gym / High Energy,Avicii - Lay Me Down (Avicii By Avicii) [www.slider.kz].mp3
Silhouettes (Mau Kilauea's Tropical Remix),Avicii,Indie,0bLPAuVTardAaPBcoQOQJG,https://open.spotify.com/track/0bLPAuVTardAaPBcoQOQJG,89%,Gym / High Energy,Avicii-Silhouettes (Mau Kilauea's Tropical Remix) www.myfreemp3.re .mp3
Wake Me Up,Avicii,Root,,,89%,Gym / High Energy,Avicii - Wake Me Up.mp3
The Days (Mischa Weiß Remix),Avicii & Jasmine Thompson,2017 Febuary,,,89%,Gym / High Energy,Avicii & Jasmine Thompson - The Days (Mischa Weiß Remix).mp3
aaja nachle,Bally Sagoo,Desi,,,89%,Desi Soul & Sufi,aaja nachle bally sagoo.mp3
Back To The Pump (Original Mix),Benny Benassi,Root,,,89%,Gym / High Energy,Benny Benassi - Back To The Pump (Original Mix) www.powermuza.eu.mp3
Come Fly Away (Adam K & Soha remix),Benny Benassi,Root,,,89%,Hypnotic Trance,Benny Benassi - Come Fly Away (Adam K & Soha remix).mp3
Satisfaction,Benny Benassi & The Biz,2019 August,,,89%,Gym / High Energy,4. Benny Benassi & The Biz - Satisfaction.mp3
marjani HD kharian mohri sharif,billo barber,Desi,,,89%,Desi Soul & Sufi,marjani HD {billo barber} kharian mohri sharif.mp3
Kya Soorat Hai,BOMBAY VIKINGS,Desi,,,89%,Desi Soul & Sufi,BOMBAY VIKINGS - Kya Soorat Hai.mp3
Feel So Close,Calvin Harris,Root,,,89%,Gym / High Energy,Calvin Harris - Feel So Close.mp3
I'm Not Alone (Radio Edit),Calvin Harris,2019 August,,,89%,Gym / High Energy,13. Calvin Harris - I'm Not Alone (Radio Edit).mp3
I'm Not Alone DEADMAU5 REMIX,Calvin Harris,Root,,,89%,Hypnotic Trance,Calvin Harris I'm Not Alone DEADMAU5 REMIX.mp3
stars come out new 2009!!!!!,Calvin Harris,Root,,,89%,Gym / High Energy,calvin harris stars come out new 2009!!!!!.mp3
Best Friend ft. Olivia,Cent,Root,,,89%,Gym / High Energy,50 Cent - Best Friend ft. Olivia.mp3
Don't Give Up,Chicane,Root,,,89%,Hypnotic Trance,Chicane - Don't Give Up.mp3
Saltwater,Chicane feat. Moya Brennan,2018 September,,,89%,Hypnotic Trance,Chicane feat. Moya Brennan - Saltwater [www.slider.kz].mp3
I Wanna Know (Original Mix]),Cloudive,2020 April,,,89%,Hypnotic Trance,Cloudive - I Wanna Know (Original Mix].mp3
Try It Again (Original Mix]),Cloudive,2020 April,,,89%,Hypnotic Trance,Cloudive - Try It Again (Original Mix].mp3
Tere Mast Mast Do Nain,Dabangg,Desi,,,89%,Desi Soul & Sufi,Dabangg - Tere Mast Mast Do Nain.mp3
Limbo,Daddy Yankee,Root,,,89%,Gym / High Energy,Daddy Yankee-Limbo [myfreemp3.eu].mp3
NUSRAT FATEH ALI KHAN.flv,DAM MAST QLANDAR MAST MAST,Desi,,,89%,Desi Soul & Sufi,DAM MAST QLANDAR MAST MAST-NUSRAT FATEH ALI KHAN.flv.mp3
You & Me (Original Mix),DANIEL KANDI,2020 October,,,89%,Hypnotic Trance,DANIEL KANDI - You & Me (Original Mix).mp3
Without You ft. Usher,David Guetta,Root,,,89%,Gym / High Energy,David Guetta - Without You ft. Usher.mp3
Love is Gone,David Guetta &amp; Chris Willis,Root,,,89%,Gym / High Energy,David Guetta &amp; Chris Willis - Love is Gone (Official Video).mp3
Sexy Chick,David Guetta Feat Akon,Root,,,89%,Gym / High Energy,David Guetta Feat Akon - Sexy Chick (Official Video).mp3
Memories ( videoclip),David Guetta feat Kid Cudi,Root,,,89%,Gym / High Energy,David Guetta feat Kid Cudi - Memories (Official videoclip).mp3
Play Hard [New Edit],David Guetta Feat Ne-Yo & Akon,Root,,,89%,Gym / High Energy,David Guetta Feat Ne-Yo & Akon - Play Hard [New Edit].mp3
Contact,Deadmau5,2016 June,,,89%,Hypnotic Trance,Deadmau5 - Contact.mp3
Jaded (Original mix),Deadmau5,Root,,,89%,Hypnotic Trance,Deadmau5 - Jaded (Original mix).mp3
Right This Second,deadmau5,Root,,,89%,Hypnotic Trance,deadmau5 - Right This Second.mp3
Memory (Original Mix),Delcroix &amp; Delatour,Indie,1VwjBXql9Rc490LuoGkw90,https://open.spotify.com/track/1VwjBXql9Rc490LuoGkw90,89%,Gym / High Energy,Delcroix &amp; Delatour- Memory (Original Mix)  www.myfreemp3.re .mp3
Bhaag DK Bose - Extended Version (4mins) - Utvsongs,Delhi Belly,Desi,,,89%,Desi Soul & Sufi,Delhi Belly - Bhaag DK Bose - Extended Version (4mins) HD - Utvsongs.mp3
Saltwater (Original Mix)ph,DJ Tatana feat. Chicane,2018 September,,,89%,Hypnotic Trance,DJ Tatana feat. Chicane -  Saltwater (Original Mix)ph [www.slider.kz].mp3
Danza Kuduro ft. Lucenzo,Don Omar,Root,,,89%,Gym / High Energy,Don Omar - Danza Kuduro ft. Lucenzo.mp3
Waqt,Entity Paradigm (E.P.),Root,,,89%,Desi Soul & Sufi,E.P. Waqt.mp3
Call On Me,Eric Prydz,2019 August,,,89%,Hypnotic Trance,10. Eric Prydz - Call On Me.mp3
Niton (The Reason),Eric Prydz,Root,,,89%,Hypnotic Trance,Eric Prydz - Niton (The Reason) [Official Video HD].mp3
Opus,Eric Prydz,2018 September,,,89%,Hypnotic Trance,Eric Prydz - Opus [www.slider.kz].mp3
Pjanoo (New Ibiza 2008),Eric Prydz,Root,,,89%,Hypnotic Trance,Eric Prydz - Pjanoo (New Ibiza House 2008).mp3
Like A G6 ft. The Cataracs_ Dev,Far East Movement,Root,,,89%,Gym / High Energy,Far East Movement - Like A G6 ft. The Cataracs_ Dev.mp3
Praise You,Fatboy Slim,Root,,,89%,Gym / High Energy,Fatboy Slim - Praise You.mp3
Push The Tempo,Fatboy Slim,Root,,,89%,Gym / High Energy,Fatboy Slim - Push The Tempo.mp3
Right Here Right Now,Fatboy Slim,2019 August,,,89%,Gym / High Energy,1. Fatboy Slim - Right Here Right Now.mp3
Put Your Hands Up For Detroit,Fedde Le Grand,Root,,,89%,Gym / High Energy,Fedde Le Grand - Put Your Hands Up For Detroit.mp3
Club Can't Handle Me,Flo Rida feat David Guetta,Root,,,89%,Gym / High Energy,Flo Rida feat David Guetta - Club Can't Handle Me.mp3
Contact (Paul Novy mashup),Glenn Morrison & Deadmau5,Root,,,89%,Hypnotic Trance,Glenn Morrison & Deadmau5 - Contact (Paul Novy mashup).mp3
Ghajini,Guzarish,Desi,,,89%,Desi Soul & Sufi,Guzarish - Ghajini ( HD ).mp3
Clothes Off!,Gym Class Heroes,Root,,,89%,Gym / High Energy,Gym Class Heroes -Clothes Off! Lyrics.mp3
Cupid's Chokehold,Gym Class Heroes,Root,,,89%,Gym / High Energy,Cupid's Chokehold [lyrics].mp3
VIKAS BHALLA,"Hai Dhaun Hai Dhuan ,Har Taraf Hai Dhuan ,Do Jawan Dilon Keh Wadon Ka Hai Dhuan",Desi,,,89%,Desi Soul & Sufi,"Hai Dhaun Hai Dhuan ,Har Taraf Hai Dhuan ,Do Jawan Dilon Keh Wadon Ka Hai Dhuan -VIKAS BHALLA..mp3"
Love Until It Hurts (Aurosonic Progressive Mix),Headstrong feat. Stine Grove,2016 December,,,89%,Hypnotic Trance,Headstrong feat. Stine Grove - Love Until It Hurts (Aurosonic Progressive Mix).mp3
Aadat,JAL,Desi,,,89%,Desi Soul & Sufi,JAL - Aadat.mp3
Ik Din Aayega,Jal,Desi,,,89%,Desi Soul & Sufi,Jal - Ik Din Aayega.mp3
Jine Mera Dil Luteya,Jazzy B,Root,,,89%,Desi Soul & Sufi,Jazzy B - Jine Mera Dil Luteya HQ.mp3
On The Floor (Feat. Pitbull),Jennifer Lopez,Root,,,89%,Gym / High Energy,Jennifer Lopez - On The Floor (Feat. Pitbull).mp3
Na Tu Aaegi,Junaid Jamshed,Desi,,,89%,Desi Soul & Sufi,Na Tu Aaegi by Junaid Jamshed HQ.mp3
Ahmed Jahanzeb,Kaho Ek Din,Desi,,,89%,Desi Soul & Sufi,Kaho Ek Din - Ahmed Jahanzeb.mp3
Amar Arshi - Badshah - Neha Kakkar,Kala Chashma,2017 November,,,89%,Desi Soul & Sufi,Kala Chashma (320 Kbps) - Amar Arshi - Badshah - Neha Kakkar.mp3
Rahat Fateh Ali Khan - Jiya Dharak Dharak Jaye (Indian Movie Song),Kalyug,Desi,,,89%,Desi Soul & Sufi,Kalyug - Rahat Fateh Ali Khan - Jiya Dharak Dharak Jaye (Indian Movie Song).mp3
Agay hi agay,Karavan,Desi,,,89%,Desi Soul & Sufi,Agay hi agay by Karavan.mp3
4am,Kaskade,Root,,,89%,Gym / High Energy,Kaskade - 4am.mp3
Atmosphere,Kaskade,Root,,,89%,Gym / High Energy,Kaskade - Atmosphere (Official Video).mp3
Everything,Kaskade,Root,,,89%,Gym / High Energy,Kaskade - Everything.mp3
Feeling the Night,Kaskade,Root,,,89%,Gym / High Energy,Kaskade - Feeling the Night.mp3
Feeling The Night (Original Mix),Kaskade Feat. Becky Jean Williams,Root,,,89%,Gym / High Energy,Kaskade Feat. Becky Jean Williams - Feeling The Night (Original Mix).mp3
Race,Katrina Kaif _ Saif Ali Khan in Sexy Lady,Desi,,,89%,Desi Soul & Sufi,Katrina Kaif _ Saif Ali Khan in Sexy Lady - Race.mp3
Day 'N' Night (Crookers Remix),Kid Cudi,Root,,,89%,Gym / High Energy,Kid Cudi - Day 'N' Night (Crookers Remix).mp3
Day 'N' Nite,Kid Cudi,Root,,,89%,Gym / High Energy,Kid Cudi - Day 'N' Nite.mp3
Just Be / Find You're Gone,Kirsty Hawkshaw vs. Tiësto,Root,,,89%,Hypnotic Trance,Find You_'re Here _ Find You_'re Gone.mp3
The This This (Original Mix),Late Night Alumni,Indie,1qEmFfgcLObUfQm0j1W2CK,https://open.spotify.com/track/1qEmFfgcLObUfQm0j1W2CK,89%,Gym / High Energy,Late Night Alumni-The This This (Original Mix) www.myfreemp3.re .mp3
Nakali (Peter Illias Remix]),Lessov,2020 April,,,89%,Hypnotic Trance,Lessov - Nakali (Peter Illias Remix].mp3
O Sanam,Lucky Ali,Desi,,,89%,Desi Soul & Sufi,Lucky Ali O Sanam.mp3
Awakening Dreams (Original Mix),Lumidelic,2019 January,,,89%,Hypnotic Trance,Lumidelic - Awakening Dreams (Original Mix) [www.slider.kz].mp3
feat. M,Major Lazer DJ Snake Lean On,Root,,,89%,Gym / High Energy,Major Lazer  DJ Snake  Lean On feat M Official Music Video.mp3
Pillows (Original Mix),Mango & Jan Martin,2019 July,,,89%,Hypnotic Trance,Mango & Jan Martin - Pillows (Original Mix) [www.slider.kz].mp3
Zombies In Love,Manufactured Superstars,Root,,,89%,Gym / High Energy,Manufactured Superstars - Zombies In Love (Official Music Video).mp3
Take Me Over,Manufactured Superstars feat. Scarlett Quinn,Root,,,89%,Gym / High Energy,Manufactured Superstars feat. Scarlett Quinn - Take Me Over (Official Video HD).mp3
You & I (Deadmau5 Remix),Medina,Root,,,89%,Hypnotic Trance,Medina - You & I (Deadmau5 Remix).mp3
Remix Nusrat Fateh Ali Khan Feat.A1MelodyMaster,Mere Rashke Qamar,2017 December,,,89%,Desi Soul & Sufi,Mere Rashke Qamar-Remix Nusrat Fateh Ali Khan Feat.A1MelodyMaster.mp3
Prabhu Deva From Kadhalan,Mukkala,Desi,,,89%,Desi Soul & Sufi,Mukkala - Prabhu Deva From Kadhalan.mp3
Kariye Pyar Diyan Galan,Nazia Hasan,Desi,,,89%,Desi Soul & Sufi,Nazia Hasan - Kariye Pyar Diyan Galan.mp3
Daddy Yankee Ft. Wisin Y Yandel-Limbo ( Remix) [Beats♥Audio],Novinka 2013,Root,,,89%,Gym / High Energy,Novinka 2013 -  Daddy Yankee Ft. Wisin Y Yandel-Limbo (Official Remix) [Beats♥Audio]  [myfreemp3.eu].mp3
Rahat Fateh Ali Khan - YouTube,O Re Piya,Desi,,,89%,Desi Soul & Sufi,O Re Piya - Rahat Fateh Ali Khan      - YouTube.mp3
Maeri,Palash Sen,2020 October,,,89%,Desi Soul & Sufi,Palash Sen - Maeri.mp3
The Ocean,PAUL VAN DYK feat. Arty,2018 November,,,89%,Hypnotic Trance,PAUL VAN DYK feat. Arty - The Ocean [www.slider.kz].mp3
Jo Jeeta Wohi Sikander (1992),Pehla Nasha,Desi,,,89%,Desi Soul & Sufi,Pehla Nasha - Jo Jeeta Wohi Sikander (1992).mp3
Timber,Pitbull ft. Ke$ha,Root,,,89%,Gym / High Energy,Timber Mp3 Download.MP3
Nelly Furtado with Josh,Powerless(Remix),Desi,,,89%,Desi Soul & Sufi,Powerless(Remix) - Nelly Furtado with Josh.mp3
Ven Conmigo,Prince Royce ft. Daddy Yankee,Root,,,89%,Gym / High Energy,Prince Royce ft. Daddy Yankee-Ven Conmigo [myfreemp3.eu].mp3
The End Is Just The Beginning (Original Mix) ST,Pryda,2018 September,,,89%,Hypnotic Trance,Pryda - The End Is Just The Beginning (Original Mix) ST [www.slider.kz].mp3
Billy Jean Remix (Tigerstyle - Nachna Onda Ni),Punjabi Mc,Desi,,,89%,Desi Soul & Sufi,Punjabi Mc - Billy Jean Remix (Tigerstyle - Nachna Onda Ni).mp3
Bulla Ki Jaana Maen Kaun,Rabbi Shergill,Desi,,,89%,Desi Soul & Sufi,Rabbi Shergill - Bulla Ki Jaana Maen Kaun.mp3
LMFAO - Im Sexy And I Know It mp3,Radio Record,Root,,,89%,Gym / High Energy,Radio Record - LMFAO - Im Sexy And I Know It mp3.MP3
Main Jahaan Rahoon,Rahat Fateh Ali Khan & Krishna,Desi,,,89%,Desi Soul & Sufi,Rahat Fateh Ali Khan & Krishna - Main Jahaan Rahoon.mp3
Barso Re Megha (Guru),Rain Song,Desi,,,89%,Desi Soul & Sufi,Rain Song - Barso Re Megha (Guru).mp3
Symmetry (Original Mix]),Richard Bass,2020 October,,,89%,Hypnotic Trance,Richard Bass - Symmetry (Original Mix].mp3
We Found Love (Audio) ft. Calvin Harris,Rihanna,Root,,,89%,Gym / High Energy,Rihanna - We Found Love (Audio) ft. Calvin Harris.mp3
There She Was (Original Mix]),Roald Velden,2020 October,,,89%,Hypnotic Trance,Roald Velden - There She Was (Original Mix].mp3
One & One,Robert Miles,Root,,,89%,Hypnotic Trance,Robert Miles - One & One.mp3
Vicky Donor - Full Song .mp4_2,Rum whisky,Desi,,,89%,Desi Soul & Sufi,Rum whisky - Vicky Donor - Full Song HD.mp4_2.mp3
Junoon,Sayoni,Root,,,89%,Desi Soul & Sufi,Sayoni - Junoon.mp3
It's Morning (Talamanca Dub Mix),Sergey,2017 May,,,89%,Hypnotic Trance,Sergey - It's Morning (Talamanca Dub Mix).mp3
Dane Pe Dana,SHAHZIYA KHUSHK(AQEEL_ADNAN),Desi,,,89%,Desi Soul & Sufi,Dane Pe Dana by SHAHZIYA KHUSHK(AQEEL_ADNAN).mp3
Takes My Body Higher,Shoffy feat. Lincoln Jesser,2016 December,,,89%,Gym / High Energy,Shoffy feat. Lincoln Jesser - Takes My Body Higher.mp3
Melodic Progressive House Mix Vol 14 (On The Road),Silk Music / Various,Root,,,89%,Hypnotic Trance,Melodic Progressive House mix Vol 14 (On The Road)_2.mp3
Melodic Progressive House Mix Vol 15 (Perfect Life),Silk Music / Various,Root,,,89%,Hypnotic Trance,Melodic Progressive House mix Vol 15 (Perfect Life).mp3
Melodic Progressive House Mix Vol 24 (City Lights),Silk Music / Various,Root,,,89%,Hypnotic Trance,Melodic Progressive House mix Vol 24 (City Lights).mp3
Remix NFAK ft.A1melody,Sochta Hu,2017 December,,,89%,Desi Soul & Sufi,Sochta Hu-Remix NFAK ft.A1melody.mp3
Teri Meri (harika hint _ark_s_),Sonali Vajpayee _ Ceshire Cat,Desi,,,89%,Desi Soul & Sufi,Sonali Vajpayee _ Ceshire Cat - Teri Meri (harika hint _ark_s_).mp3
Tu,Sonu Nigam,2020 October,,,89%,Desi Soul & Sufi,Sonu Nigam - Tu.mp3
Till the Dawn (Lumidelic Remix),South Pole,2020 October,,,89%,Hypnotic Trance,South Pole - Till the Dawn (Lumidelic Remix).mp3
Astronomia 2K19 (Radio Edit),Stephan F,2020 May,,,89%,Gym / High Energy,Stephan F - Astronomia 2K19 (Radio Edit).mp3
Take Me Away (Deadmau5 remix),Strings,Root,,,89%,Desi Soul & Sufi,4 Strings - Take Me Away (Deadmau5 remix).mp3
Touchdown,Sunlight Project,2020 October,,,89%,Hypnotic Trance,Sunlight Project - Touchdown.mp3
Lucky Oye movie song download,Superchor Oye Lucky,Desi,,,89%,Desi Soul & Sufi,Superchor Oye Lucky-Lucky Oye movie song download.mp3
Don't You Worry Child (feat. John Martin) [Radio Edit],Swedish Mafia,2019 August,,,89%,Gym / High Energy,21. Swedish House Mafia - Don't You Worry Child (feat. John Martin) [Radio Edit].mp3
Underlying Feeling (Adam K & Soha Club Mix),Sylvia,2016 June,,,89%,Hypnotic Trance,Sylvia - Underlying Feeling (Adam K & Soha Club Mix).mp3
Medusa (Original Mix),Talamanca,2020 October,,,89%,Hypnotic Trance,Talamanca - Medusa (Original Mix).mp3
Love On A Real Train,Tangerine Dream,2018 November,,,89%,Hypnotic Trance,Tangerine Dream - Love On A Real Train [www.slider.kz].mp3
elephant - 01 - seven nation army,the white stripes,2018 August,,,89%,Gym / High Energy,the white stripes - elephant - 01 - seven nation army.mp3
Moonlight Party,Tiesto,Root,,,89%,Hypnotic Trance,Tiesto - Moonlight Party.mp3
Break My Fall,Tiesto feat. BT,Root,,,89%,Hypnotic Trance,Tiesto feat. BT - Break My Fall.mp3
iTrack (Radio Edit),Tim Berg vs. Oliver Ingrosso & Otto Knows,Root,,,89%,Gym / High Energy,Tim Berg vs. Oliver Ingrosso & Otto Knows - iTrack  (Radio Edit).mp3
Feel It In My Bones,Tiësto feat. Tegan and Sara,Root,,,89%,Hypnotic Trance,Tiësto feat. Tegan and Sara - Feel It In My Bones.mp3
Point of Illusions (Original Mix]),Tom Strobe,2020 April,,,89%,Hypnotic Trance,Tom Strobe - Point of Illusions (Original Mix].mp3
Headstrong,Trapt,Root,,,89%,Hypnotic Trance,Headstrong By Trapt.mp3
Kumar Sanu - Criminal,Tu Mile Dil Khile,Desi,,,89%,Desi Soul & Sufi,Tu Mile Dil Khile - Kumar Sanu - Criminal.mp3
Cocktail,Tumhi Ho Bandhu (Full Song),Desi,,,89%,Desi Soul & Sufi,Tumhi Ho Bandhu (Full Official Song) - Cocktail.mp3
Don Omar vs Shakira vs Pitbull - Danza Rabiosa Kuduro ft. Marc Anthony_Lucenzo_SHM,Unknown artist,2019 June,,,89%,Gym / High Energy,Unknown artist - Don Omar vs Shakira vs Pitbull - Danza Rabiosa Kuduro ft. Marc Anthony_Lucenzo_SHM [www.slider.kz].mp3
Gather (Original Mix),Uppermost,2016 December,,,89%,Gym / High Energy,Uppermost - Gather (Original Mix).mp3
OMG ft. Will.I.Am [2010],Usher,Root,,,89%,Gym / High Energy,Usher - OMG ft. Will.I.Am [2010].mp3
Aas Paas Khuda (Anjaana Anjaani 2010),Various Artists,Desi,,,89%,Desi Soul & Sufi,Aas Paas Khuda (Anjaana Anjaani 2010).mp3
Afreen Afreen,Various Artists,Desi,,,89%,Desi Soul & Sufi,Afreen Afreen.mp3
Ali Haidar Zalim Nazro Se,Various Artists,Desi,,,89%,Desi Soul & Sufi,Ali Haidar Zalim Nazro Se.mp3
Allah Ke Bande hasde,Various Artists,Desi,,,89%,Desi Soul & Sufi,Allah Ke Bande  hasde.mp3
ar rahman Kabhi Kabhi Aditi Zindagi,Various Artists,Desi,,,89%,Desi Soul & Sufi,ar rahman Kabhi Kabhi Aditi Zindagi.mp3
Babuji Zara Dheere Chalo,Various Artists,Desi,,,89%,Desi Soul & Sufi,Babuji Zara Dheere Chalo.mp3
Balam Pichkari (Yeh Jawaani Hai Deewani 2013),Various Artists,Desi,,,89%,Desi Soul & Sufi,Balam Pichkari (Yeh Jawaani Hai Deewani 2013).MP3
Boohey Barian Hadiqa Kiani,Various Artists,Desi,,,89%,Desi Soul & Sufi,Boohey Barian Hadiqa Kiani.mp3
Bure Bure Boro Boro,Various Artists,Desi,,,89%,Desi Soul & Sufi,Bure Bure Boro Boro.mp3
Chaand sa Mukhda Hollywood Version,Various Artists,Desi,,,89%,Desi Soul & Sufi,Chaand sa Mukhda Hollywood Version.mp3
Deewana Tera Full Song (Audio) _ Sonu Nigam Super Hit Album Song,Various Artists,Desi,,,89%,Desi Soul & Sufi,Deewana Tera Full Song (Audio) _ Sonu Nigam Super Hit Album Song.mp3
Dil Kya Kare Jab Kisi se (Remix)1,Various Artists,Desi,,,89%,Desi Soul & Sufi,Dil Kya Kare Jab Kisi se (Remix)1.mp3
Dil Nai Lagda,Various Artists,Desi,,,89%,Desi Soul & Sufi,Dil Nai Lagda.mp3
Dil Ruba,Various Artists,Desi,,,89%,Desi Soul & Sufi,Dil Ruba.mp3
Dil Sambhal Ja Zara Phir Mohabbat Karne Chala,Various Artists,Desi,,,89%,Desi Soul & Sufi,Dil Sambhal Ja Zara Phir Mohabbat Karne Chala.mp3
Dil Se Re,Various Artists,Desi,,,89%,Desi Soul & Sufi,Dil Se Re.mp3
"DIL SE-Chaiya Chaiya A.R Rahman, Shahrukh khan, Malaika arora khan-..mp4",Various Artists,Desi,,,89%,Desi Soul & Sufi,"DIL SE-Chaiya Chaiya A.R Rahman, Shahrukh khan, Malaika arora khan-HD..mp4.mp3"
DUNIYA,Various Artists,Desi,,,89%,Desi Soul & Sufi,DUNIYA.mp3
ek baar kaho tum meri ho (Cancaerian),Various Artists,Desi,,,89%,Desi Soul & Sufi,ek baar kaho tum meri ho (Cancaerian).mp3
eric-prydz-pres-pryda-f12-original-mix,Various Artists,2016 June,,,89%,Hypnotic Trance,eric-prydz-pres-pryda-f12-original-mix[mp3freex].mp3
Ghum Rahim Shah ( High Qulity ),Various Artists,Desi,,,89%,Desi Soul & Sufi,Ghum  Rahim Shah ( High Qulity ).mp3
Jaane kisne,Various Artists,Desi,,,89%,Desi Soul & Sufi,Jaane kisne.mp3
Junaid Jamshed Vital Signs tera karam maula,Various Artists,Desi,,,89%,Desi Soul & Sufi,Junaid Jamshed Vital Signs tera karam maula.mp3
Le Jaunga,Various Artists,Desi,,,89%,Desi Soul & Sufi,Le Jaunga.mp3
LIKHE JO KHAT TUJHE M. RAFI,Various Artists,Desi,,,89%,Desi Soul & Sufi,LIKHE JO KHAT TUJHE M. RAFI.mp3
Main Rang Sharbaton Ka (Phata Poster Nikla Hero 2013),Various Artists,Desi,,,89%,Desi Soul & Sufi,Main Rang Sharbaton Ka (Phata Poster Nikla Hero 2013).MP3
man dolay,Various Artists,Desi,,,89%,Desi Soul & Sufi,man dolay.mp3
mujhe tum se,Various Artists,Desi,,,89%,Desi Soul & Sufi,mujhe tum se.mp3
neele neele ambar,Various Artists,Desi,,,89%,Desi Soul & Sufi,neele neele ambar.mp3
Pani Da Rang (Vicky Donor 2012),Various Artists,Desi,,,89%,Desi Soul & Sufi,Pani Da Rang (Vicky Donor 2012).MP3
Pani_Da_Rang_(Female),Various Artists,Desi,,,89%,Desi Soul & Sufi,Pani_Da_Rang_(Female)_(www.Audio.PK).mp3
Party All Night (Boss 2013),Various Artists,Desi,,,89%,Desi Soul & Sufi,Party All Night (Boss 2013).MP3
Piya Re,Various Artists,Desi,,,89%,Desi Soul & Sufi,Piya Re.mp3
priyanka-chopra-ft-pitbull-exotic-bkm,Various Artists,2016 June,,,89%,Gym / High Energy,priyanka-chopra-ft-pitbull-exotic-bkm[mp3freex].mp3
punjabi mc jogi,Various Artists,Desi,,,89%,Desi Soul & Sufi,punjabi mc jogi.mp3
Right Here Right Now,Various Artists,Desi,,,89%,Desi Soul & Sufi,Right Here Right Now.mp3
Saanu Ik Pal Chain Na Aave,Various Artists,Desi,,,89%,Desi Soul & Sufi,Saanu Ik Pal Chain Na Aave.mp3
Salli Tu Maani Nahi SHEHZAD ROY Pakistani Pop Music Singer Artist Song flv,Various Artists,Desi,,,89%,Desi Soul & Sufi,Salli Tu Maani Nahi SHEHZAD ROY Pakistani Pop Music Singer Artist Song flv.mp3
SAQI SAQI (Rameez),Various Artists,Desi,,,89%,Desi Soul & Sufi,SAQI SAQI (Rameez).mp3
Subah Hone Na De Full Song _ Desi Boyz _ Akshay Kumar _ John Abraham,Various Artists,Desi,,,89%,Desi Soul & Sufi,Subah Hone Na De Full Song _ Desi Boyz _ Akshay Kumar _ John Abraham.mp3
Suno Aisha,Various Artists,Desi,,,89%,Desi Soul & Sufi,Suno Aisha.mp3
TERA MERA PYAR,Various Artists,Desi,,,89%,Desi Soul & Sufi,TERA MERA PYAR.mp3
Tere Bin Nahi Lagda,Various Artists,Desi,,,89%,Desi Soul & Sufi,Tere Bin Nahi Lagda.mp3
Teri Deewani,Various Artists,Desi,,,89%,Desi Soul & Sufi,Teri Deewani.mp3
Teri To Teri Ta,Various Artists,Desi,,,89%,Desi Soul & Sufi,Teri To Teri Ta.mp3
Tu Hi Haqeeqat,Various Artists,Desi,,,89%,Desi Soul & Sufi,Tu Hi Haqeeqat.mp3
Tujhe Bhula Diya (Anjaana Anjaani 2010),Various Artists,Desi,,,89%,Desi Soul & Sufi,Tujhe Bhula Diya (Anjaana Anjaani 2010).MP3
Tum Hi Ho (Aashiqui 2 2013),Various Artists,Desi,,,89%,Desi Soul & Sufi,Tum Hi Ho (Aashiqui 2 2013).MP3
Tum Se Hi,Various Artists,Desi,,,89%,Desi Soul & Sufi,Tum Se Hi.mp3
Why This Kolaveri Di Full Song Promo Video in,Various Artists,Desi,,,89%,Desi Soul & Sufi,Why This Kolaveri Di   Full Song Promo Video in HD.mp3
Yuhi chala chal rahi,Various Artists,Desi,,,89%,Desi Soul & Sufi,Yuhi chala chal rahi.mp3
Zara Sa Dil Mein De (Jannat 2008),Various Artists,Desi,,,89%,Desi Soul & Sufi,Zara Sa Dil Mein De (Jannat 2008).mp3
Zindagi ko Sanwar de Maula (SINDHUDESH CASE),Various Artists,Desi,,,89%,Desi Soul & Sufi,Zindagi ko Sanwar de Maula (SINDHUDESH CASE).mp3
▲▼-radistai-djs-x-tiesto-amp-don-diablo-chemicals-on-road-larrygarabagiu-mashup,Various Artists,2016 June,,,89%,Hypnotic Trance,▲▼-radistai-djs-x-tiesto-amp-don-diablo-chemicals-on-road-larrygarabagiu-mashup[mp3freex].mp3
7th Element,Vitas,2020 May,,,89%,Gym / High Energy,Vitas - 7th Element (HD).mp3
Iktara,Wake Up Sid,Desi,,,89%,Desi Soul & Sufi,Wake Up Sid - Iktara.mp3
rhtdm,ZARA ZARA,Desi,,,89%,Desi Soul & Sufi,ZARA ZARA-rhtdm.mp3
Clarity Mp3 Download,Zedd,Root,,,89%,Gym / High Energy,Zedd Clarity Mp3 Download.MP3
Spectrum,Zedd ft. Matthew Koma,Root,,,89%,Gym / High Energy,Spectrum Zedd Mp3 Download.MP3
Stay (Kyle Meehan & Pearse Dunne Remix),"Zedd, Alessia Cara",2017 April,,,89%,Gym / High Energy,"Zedd, Alessia Cara - Stay (Kyle Meehan & Pearse Dunne Remix).mp3"
Wicked Game,Emika,Indie,1phpaLmVPxHYbcYOntvWd7,https://open.spotify.com/track/1phpaLmVPxHYbcYOntvWd7,88%,Retro Dance & Pop-Rock,Emika-Wicked Game www.mp3c.cc .mp3
With Or Without You (TEEMID Edit),U2,Indie,38pEX03GFZ0PfFDaOrpKOM,https://open.spotify.com/track/38pEX03GFZ0PfFDaOrpKOM,88%,Retro Dance & Pop-Rock,U2-With Or Without You (TEEMID Edit) www.myfreemp3.re .mp3
Angus and Julia Stone-Big Jet Plane (Stern- disco edit),Various Artists,Indie,3xChgSuasvPDa4bTfYbHeW,https://open.spotify.com/track/3xChgSuasvPDa4bTfYbHeW,88%,Retro Dance & Pop-Rock,Angus and Julia Stone-Big Jet Plane (Stern- disco edit) www.myfreemp3.re .mp3
Dreamscape,009 Sound System,Root,,,87%,Retro Dance & Pop-Rock,Trance - 009 Sound System Dreamscape.mp3
Track One Recordings,009 Sound System Born To Be Wasted,Root,,,87%,Retro Dance & Pop-Rock,009 Sound System Born To Be Wasted HQ (Lyrics) - Track One Recordings.mp3
It's My Life,0415 Bon Jovi,2018 September,,,87%,Retro Dance & Pop-Rock,0415 Bon Jovi - It's My Life.mp3
I Think I'm Falling In Love,1st Lady,Root,,,87%,Retro Dance & Pop-Rock,1'St Lady - i Think im Falling in Love.mp3
Let's Dance,5ive ( Audio),Root,,,87%,Retro Dance & Pop-Rock,Let's Dance by 5ive (HQ Audio).mp3
Feint - We Won't Be Alone (feat. Laura Brehm) [Monstercat Release],[DnB],2019 August,,,87%,Retro Dance & Pop-Rock,[DnB] - Feint - We Won't Be Alone (feat. Laura Brehm) [Monstercat Release].mp3
Get Better (Gon Haziri Remix),[NFD™] DJ Tarkan & Yalena,2018 August,,,87%,Retro Dance & Pop-Rock,[NFD™] DJ Tarkan & Yalena - Get Better (Gon Haziri Remix) [www.slider.kz].mp3
"Leave In Summer, Yet Youre In My Fluffoughts]",[vocaloidp3_Hatsune Miku],Root,,,87%,Retro Dance & Pop-Rock,"[vocaloidp3_Hatsune Miku - Leave In Summer, Yet Youre In My Fluffoughts _.mp3"
Same Old Brand New You,A1,Root,,,87%,Retro Dance & Pop-Rock,a1 same old brand new you.mp3
Fiza (Full- ),Aaja Mahiya,Root,,,87%,Retro Dance & Pop-Rock,Aaja Mahiya - Fiza (Full-HD 1080p).mp3
Original,Abdul Qadir,Root,,,87%,Retro Dance & Pop-Rock,Abdul Qadir-Original.mp3
Brown Eyed Girls (Dance Version),Abracadabra,Root,,,87%,Retro Dance & Pop-Rock,Abracadabra- Brown Eyed Girls (Dance Version).mp3
Twilight,Adam K _ Soha,Root,,,87%,Retro Dance & Pop-Rock,Adam K _ Soha - Twilight.mp3
Question (Original Mix),Adam K And Soha,Root,,,87%,Retro Dance & Pop-Rock,Adam K And Soha - Question (Original Mix).mp3
Rolling In the Deep,Adele,Root,,,87%,Retro Dance & Pop-Rock,Adele - Rolling In the Deep.mp3
Love You (Fashion Tv),Adriana Lima,Root,,,87%,Retro Dance & Pop-Rock,Adriana Lima - Love You (Fashion Tv).mp3
So Many Times (Gadjo),Adriana Lima,Root,,,87%,Retro Dance & Pop-Rock,Adriana Lima - So Many Times (Gadjo).mp3
Wonder (The Kite String Tangle 'Reimagination'),Adventure Club,2019 August,,,87%,Retro Dance & Pop-Rock,Adventure Club - Wonder (The Kite String Tangle 'Reimagination').mp3
I Don't Want to Miss a Thing,Aerosmith,Root,,,87%,Retro Dance & Pop-Rock,Don T Wanna Miss A Thing Aerosmith Mp3 Download.MP3
Scared Of Losing You,Afsheen,2019 August,,,87%,Retro Dance & Pop-Rock,08  Afsheen - Scared Of Losing You.mp3
Take Me Inside,Afterlife Ft Dannii Minogue,Root,,,87%,Buddha Bar Lounge,05 - Afterlife Ft Dannii Minogue - Take Me Inside.mp3
Take on me,Aha,Root,,,87%,Retro Dance & Pop-Rock,Aha - Take on me.mp3
Keep Searching (Marc Werner Remix),AirDice,2019 July,,,87%,Retro Dance & Pop-Rock,AirDice - Keep Searching (Marc Werner Remix) [www.slider.kz].mp3
stay-with-me-on-and-on-radio-edit,Akcent,2016 June,,,87%,Retro Dance & Pop-Rock,akcent-stay-with-me-on-and-on-radio-edit[mp3freex].mp3
An Indian Summer,Al-Pha-X,Root,,,87%,Buddha Bar Lounge,04 - Al-Pha-X- An Indian Summer.mp3
Spectre,Alan Walker,2018 Febuary,,,87%,Retro Dance & Pop-Rock,Alan Walker - Spectre.mp3
Destination Calabria,Alex Gaudino Feat. Christal Waters,Root,,,87%,Retro Dance & Pop-Rock,Alex Gaudino Feat. Christal Waters - Destination Calabria.mp3
Jumbo,Alex Skrindo,2018 Febuary,,,87%,Retro Dance & Pop-Rock,Alex Skrindo - Jumbo.mp3
Smooth Criminal,Alien Ant Farm,Root,,,87%,Retro Dance & Pop-Rock,Alien Ant Farm - Smooth Criminal.mp3
Cups (When I'm Gone),Anna Kendrick,Root,,,87%,Retro Dance & Pop-Rock,01 Cups (Pitch Perfect_s _When I_m Gone_).mp3
Chock There,Apache Indian,Root,,,87%,Retro Dance & Pop-Rock,Apache Indian - Chock There.mp3
Hear My Name,Armand Van Helden,Root,,,87%,Retro Dance & Pop-Rock,Armand Van Helden - Hear My Name.mp3
You Don't Know Me (feat. Duane Harden),Armand Van Helden,2019 August,,,87%,Retro Dance & Pop-Rock,2. Armand Van Helden - You Don't Know Me (feat. Duane Harden).mp3
Feel The Day,Armas,2019 August,,,87%,Retro Dance & Pop-Rock,Armas - Feel The Day.mp3
Harder better .. ( daft punk Alive 2007 ),Around the world,Root,,,87%,Retro Dance & Pop-Rock,Around the world - Harder better .. ( daft punk Alive 2007 ).mp3
LaLa,Ashlee Simpson,Root,,,87%,Retro Dance & Pop-Rock,Ashlee Simpson ~ LaLa.mp3
In Our Soul (feat. Kate Wild),Ata Öztuna,2018 August,,,87%,Retro Dance & Pop-Rock,Ata Öztuna - In Our Soul (feat. Kate Wild) [www.slider.kz].mp3
Around The World (Remix),ATC,Root,,,87%,Retro Dance & Pop-Rock,ATC Around The World (Remix).mp3
Briony,Atonement,Root,,,87%,Retro Dance & Pop-Rock,Atonement - Briony _.mp3
Colours (Original Mix),Aureluna,2017 Febuary,,,87%,Retro Dance & Pop-Rock,Aureluna - Colours (Original Mix).mp3
She Was Your Everything,Aviation,Root,,,87%,Retro Dance & Pop-Rock,She Was Your Everything.mp3
You Were My Everything,Aviation,Root,,,87%,Retro Dance & Pop-Rock,You Were My Everything.mp3
Take Me Away,Avril,2017 April,,,87%,Retro Dance & Pop-Rock,Avril - Take Me Away.mp3
Feel The Vibe (Seamus Haji Remix),Axwell,Root,,,87%,Retro Dance & Pop-Rock,Axwell - Feel The Vibe (Seamus Haji Remix).mp3
Doom's Night,Azzido Da Bass,2019 August,,,87%,Retro Dance & Pop-Rock,18. Azzido Da Bass - Doom's Night.mp3
I want it that way,Backstreet Boys,Root,,,87%,Retro Dance & Pop-Rock,Backstreet Boys - I want it that way (Lyrics).mp3
"Anjaam Song - Shahrukh Khan, Madhuri Dixit - Abhijeet",Badi Mushkil Hai,Root,,,87%,Retro Dance & Pop-Rock,"Badi Mushkil Hai - Anjaam Song - Shahrukh Khan, Madhuri Dixit - Abhijeet.mp3"
Stupid Paid (Feat. The Crushboys),Baer,2019 August,,,87%,Retro Dance & Pop-Rock,11  Baer - Stupid Paid (Feat. The Crushboys).mp3
Your Love,Basto,2019 August,,,87%,Retro Dance & Pop-Rock,19  Basto - Your Love.mp3
Swimming Places),Beach (Julian Jabre),Root,,,87%,Retro Dance & Pop-Rock,Beach House (Julian Jabre - Swimming Places).mp3
Way To You (Maxim Kurtys Remix),"Ben Ashton, Philip Manning",2019 August,,,87%,Retro Dance & Pop-Rock,"Ben Ashton, Philip Manning - Way To You (Maxim Kurtys Remix).mp3"
TRNDSTTR (Lucian Remix),Black Coast,2019 August,,,87%,Retro Dance & Pop-Rock,Black Coast - TRNDSTTR (Lucian Remix).mp3
Meet Me Halfway,Black Eyed Peas,Root,,,87%,Retro Dance & Pop-Rock,Black Eyed Peas - Meet Me Halfway.mp3
Where Is The Love,Black Eyed Peas,Root,,,87%,Retro Dance & Pop-Rock,Black Eyed Peas - Where Is The Love.mp3
Miracle (Full Version),Blackmill,2019 August,,,87%,Retro Dance & Pop-Rock,Blackmill - Miracle (Full Version).mp3
Let It Be (Full Version),Blackmill Feat. Veela,2019 August,,,87%,Retro Dance & Pop-Rock,Blackmill Feat. Veela - Let It Be (Full Version).mp3
California Sunrise,Blank & Jones,Root,,,87%,Buddha Bar Lounge,Blank & Jones - California Sunrise.mp3
Feel the sunshine,Blank & Jones,Root,,,87%,Buddha Bar Lounge,Blank & Jones - Feel the sunshine.mp3
I love you (late night mix),Blank & Jones,Root,,,87%,Buddha Bar Lounge,Blank & Jones - I love you (late night mix).mp3
Dark was the night,Blind Willie Johnson,Root,,,87%,Retro Dance & Pop-Rock,Blind Willie Johnson - Dark was the night....mp3
Dunia,Bliss,Root,,,87%,Buddha Bar Lounge,Bliss-Dunia.mp3
Emotions,BluBird,2017 March,,,87%,Retro Dance & Pop-Rock,BluBird - Emotions.mp3
Three Little Birds (With !),Bob Marley,Root,,,87%,Retro Dance & Pop-Rock,Bob Marley- Three Little Birds (With Lyrics!).mp3
Love Generation,Bob Sinclar,2019 August,,,87%,Retro Dance & Pop-Rock,9. Bob Sinclar - Love Generation.mp3
Rock This Party (Everybody dance now),Bob Sinclar,2019 April,,,87%,Retro Dance & Pop-Rock,Bob Sinclar - Rock This Party (Everybody dance now) [www.slider.kz].mp3
Moby,Bodyrock,Root,,,87%,Buddha Bar Lounge,Bodyrock - Moby.mp3
I Like the Way (Radio Edit),Bodyrockers,2019 August,,,87%,Retro Dance & Pop-Rock,7. Bodyrockers - I Like the Way (Radio Edit).mp3
Freestyler,Bomfunk MC's,Root,,,87%,Retro Dance & Pop-Rock,Bomfunk MC's - Freestyler.mp3
Ever After,Bonnie Bailey,Root,,,87%,Retro Dance & Pop-Rock,Bonnie Bailey - Ever After.mp3
Kingdom of pretty,Bonnie Bailey,Root,,,87%,Retro Dance & Pop-Rock,Bonnie Bailey- Kingdom of pretty.mp3
Safe (Claude Bereau Mix),Bonnie Bailey,Root,,,87%,Retro Dance & Pop-Rock,Bonnie Bailey - Safe (Claude Bereau Mix).mp3
Girl All The Bad Guys Want,Bowling For Soup,Root,,,87%,Retro Dance & Pop-Rock,Bowling For Soup - Girl All The Bad Guys Want.mp3
Signals (Original Mix]),Braak & Zimpzon,2020 April,,,87%,Retro Dance & Pop-Rock,Braak & Zimpzon - Signals (Original Mix].mp3
sia,Breathe me,Root,,,87%,Retro Dance & Pop-Rock,Breathe me -- sia.mp3
Need To Feel (Ft. Mattanja Joy Bradley),Brennan Heart,2019 August,,,87%,Retro Dance & Pop-Rock,05  Brennan Heart - Need To Feel (Ft. Mattanja Joy Bradley).mp3
Gimme More,Britney Spears,Root,,,87%,Retro Dance & Pop-Rock,Britney Spears - Gimme More.mp3
Toxic,Britney Spears,2019 April,,,87%,Retro Dance & Pop-Rock,Britney Spears - Toxic [www.slider.kz].mp3
12 Stones,Broken,Root,,,87%,Retro Dance & Pop-Rock,Broken - 12 Stones.mp3
Make the Girl Dance,Broken Toy Boy,Root,,,87%,Retro Dance & Pop-Rock,Broken Toy Boy - Make the Girl Dance (Official video).mp3
Further On Up the Road Album Version,Bruce Springsteen,2018 June,,,87%,Retro Dance & Pop-Rock,Bruce Springsteen - Further On Up the Road Album Version.mp3
Sad Eyes,Bruce Springsteen,Root,,,87%,Retro Dance & Pop-Rock,Bruce Springsteen Sad Eyes.mp3
Secret Garden,Bruce Springsteen,Root,,,87%,Retro Dance & Pop-Rock,Bruce Springsteen - Secret Garden.mp3
Flirting Shadows by Hasan Cihat Orter,Buddha-Bar III,Root,,,87%,Buddha Bar Lounge,Buddha-Bar III - Flirting Shadows by Hasan Cihat Orter.mp3
Move in On,"Burak Cilt, Drop G",2019 July,,,87%,Retro Dance & Pop-Rock,"Burak Cilt, Drop G - Move in On [www.slider.kz].mp3"
On & On,Cartoon Feat. Daniel Levi,2018 Febuary,,,87%,Retro Dance & Pop-Rock,Cartoon Feat. Daniel Levi - On & On.mp3
FOR F__K YOU,Cee Lo Green,Root,,,87%,Retro Dance & Pop-Rock,Cee Lo Green - OFFICIAL VIDEO FOR F__K YOU.mp3
The End of a Love Affair,Chaka Khan,2020 July,,,87%,Retro Dance & Pop-Rock,Chaka Khan - The End of a Love Affair.mp3
Break The Rules,Charli XCX,Root,,,87%,Retro Dance & Pop-Rock,Break The Rules Charli Xcx Xcx Mp3 Download.MP3
Toura Toura (Remix),Cheb Mami,Root,,,87%,Retro Dance & Pop-Rock,toura toura remix.mp3
Believe (Offical ) -Quality (1),Cher,Root,,,87%,Retro Dance & Pop-Rock,Cher - Believe (Offical Music Video) HD-Quality (1).mp3
Red River (Jam Couché Remix),Chris Meid ft. Tyler Sjöström & Martin Wagler,2017 March,,,87%,Retro Dance & Pop-Rock,Chris Meid ft. Tyler Sjöström & Martin Wagler - Red River (Jam Couché Remix).mp3
Wild Child (Feat. Feliciana),Cinco Cinco,2019 August,,,87%,Retro Dance & Pop-Rock,18  Cinco Cinco - Wild Child (Feat. Feliciana).mp3
Weightlessness (Original Mix]),Clameres,2020 April,,,87%,Retro Dance & Pop-Rock,Clameres - Weightlessness (Original Mix].mp3
Continued Story,Code Geass,Root,,,87%,Retro Dance & Pop-Rock,Code Geass - Continued Story.mp3
Don't Panic,Coldplay,Root,,,87%,Retro Dance & Pop-Rock,03. Don't Panic.mp3
Every Teardrop Is A Waterfall,Coldplay,Root,,,87%,Retro Dance & Pop-Rock,06. Every Teardrop Is A Waterfall.mp3
Fix You,Coldplay,Root,,,87%,Retro Dance & Pop-Rock,18. Fix You.mp3
God Put A Smile Upon Your Face,Coldplay,Root,,,87%,Retro Dance & Pop-Rock,12. God Put A Smile Upon Your Face.mp3
In My Place,Coldplay,Root,,,87%,Retro Dance & Pop-Rock,11. In My Place.mp3
Shiver,Coldplay,Root,,,87%,Retro Dance & Pop-Rock,15. Shiver.mp3
Speed Of Sound,Coldplay,Root,,,87%,Retro Dance & Pop-Rock,04. Speed Of Sound.mp3
Talk,Coldplay,Root,,,87%,Retro Dance & Pop-Rock,14. Talk.mp3
The Hardest Part,Coldplay,Root,,,87%,Retro Dance & Pop-Rock,16. The Hardest Part.mp3
Trouble,Coldplay,Root,,,87%,Retro Dance & Pop-Rock,08. Trouble.mp3
Violet Hill,Coldplay,Root,,,87%,Retro Dance & Pop-Rock,05. Violet Hill.mp3
Yellow,Coldplay,Root,,,87%,Retro Dance & Pop-Rock,10. Yellow.mp3
The Way We Do It,Colonial Cousins,Root,,,87%,Retro Dance & Pop-Rock,Colonial Cousins - The Way We Do It.mp3
Avril Lavigne,Complicated,2018 September,,,87%,Retro Dance & Pop-Rock,09 - Complicated - Avril Lavigne.mp3
Leeway ( 2nd edit),Corduroy,Root,,,87%,Retro Dance & Pop-Rock,Corduroy - Leeway (music video 2nd edit).mp3
7 Days,Craig David,Root,,,87%,Retro Dance & Pop-Rock,Craig David - 7 Days.mp3
butterfly,crazy town,Root,,,87%,Retro Dance & Pop-Rock,butterfly by crazy town.mp3
Make A Promise (Feat. Elle Vee),Culture Code,2019 August,,,87%,Retro Dance & Pop-Rock,20  Culture Code - Make A Promise (Feat. Elle Vee).mp3
Loving You Always (Black Caviar Remix) (Feat. Jack Mcmanus),D-Wayne,2019 August,,,87%,Retro Dance & Pop-Rock,10  D-Wayne - Loving You Always (Black Caviar Remix) (Feat. Jack Mcmanus).mp3
Love Trap (Original Mix]),Da Funk,2020 April,,,87%,Retro Dance & Pop-Rock,Da Funk - Love Trap (Original Mix].mp3
Voyager,Daft Punk,Root,,,87%,Retro Dance & Pop-Rock,Daft Punk - Voyager.mp3
I Keep Breathing (Return From Paradise Vocal mix),"Dankann, Aqua Diva",Root,,,87%,Retro Dance & Pop-Rock,"Dankann, Aqua Diva - I Keep Breathing (Return From Paradise Vocal mix).mp3"
Calabria Remix (Ft. Enur & Natasja) (1),Danny Punto Rojo,Root,,,87%,Retro Dance & Pop-Rock,Danny Punto Rojo - Calabria Remix (Ft. Enur & Natasja) (1).mp3
Funky World (Original Mix),Dario Zack ft. StarChild,Root,,,87%,Retro Dance & Pop-Rock,Dario Zack ft. StarChild - Funky World (Original Mix).mp3
Sandstorm,Darude,2019 August,,,87%,Retro Dance & Pop-Rock,23. Darude - Sandstorm.mp3
Medicine (Sound Remedy Remix),Daughter,2019 August,,,87%,Retro Dance & Pop-Rock,Daughter - Medicine (Sound Remedy Remix).mp3
My Life (les_mecs_vocal_mix),David Latour feat. El Anaf,Root,,,87%,Retro Dance & Pop-Rock,David Latour feat. El Anaf - My Life (les_mecs_vocal_mix.mp3
Hot Summer Night (Oh La La La),David Tavaré ft. 2 Eivissa,Root,,,87%,Retro Dance & Pop-Rock,Hot Summer Night Oh LA LA LA David Tavare featuring Elvissa.mp3
Abataka,David West &amp; Ida Engberg,Root,,,87%,Retro Dance & Pop-Rock,David West &amp; Ida Engberg - Abataka.mp3
All Good _ ( Can 7 Remix ),De La Soul Feat. Chaka Khan,Root,,,87%,Retro Dance & Pop-Rock,De La Soul Feat. Chaka Khan    -     All Good _    ( Can 7 Remix ).mp3
Invincible,Deaf Kev,2018 Febuary,,,87%,Retro Dance & Pop-Rock,Deaf Kev - Invincible.mp3
Desire mp3,Deepak Chopra feat. Demi Moore,Root,,,87%,Buddha Bar Lounge,Deepak Chopra feat. Demi Moore - Desire mp3.MP3
Freischwimmer - California Dreamin (Dj Antonio Remix Extended),DEEPовый MIX,2018 August,,,87%,Retro Dance & Pop-Rock,DEEPовый MIX - Freischwimmer - California Dreamin (Dj Antonio Remix Extended) [www.slider.kz].mp3
Delcroix & Delatour - Tonight ( Original mix ),Delcroix & Delatour,2017 Febuary,,,87%,Retro Dance & Pop-Rock,Delcroix & Delatour  - Delcroix & Delatour - Tonight ( Original mix ).mp3
HEY HEY - THE,DENNIS FERRER,Root,,,87%,Retro Dance & Pop-Rock,DENNIS FERRER - HEY HEY - THE OFFICIAL MUSIC VIDEO.mp3
Hellcat,Desmeon,2018 Febuary,,,87%,Retro Dance & Pop-Rock,Desmeon - Hellcat.mp3
Thank you,Dido,Root,,,87%,Buddha Bar Lounge,Dido - Thank you.mp3
White Flag - EMG,Dido,Root,,,87%,Buddha Bar Lounge,01 - Dido - White Flag - EMG - www.elitemusic.es.vg.mp3
Why'd I Have To Fall In Love With You,Dimension-X,Root,,,87%,Retro Dance & Pop-Rock,Why 'd I Have To Fall In Love With You- Dimension-X_2.mp3
Days Go By,Dirty Vegas,Root,,,87%,Retro Dance & Pop-Rock,Dirty Vegas - Days Go By.mp3
Days Go By (acoustic),Dirty Vegas,Root,,,87%,Retro Dance & Pop-Rock,Dirty Vegas - Days Go By (acoustic).mp3
Walk Into The Sun,Dirty Vegas,Root,,,87%,Retro Dance & Pop-Rock,Dirty Vegas - Walk Into The Sun.mp3
Latch (feat. Sam Smith),Disclosure,2019 August,,,87%,Retro Dance & Pop-Rock,16. Disclosure - Latch (feat. Sam Smith).mp3
Blank (VIP),Disfigure Feat. Tara Louise,2018 Febuary,,,87%,Retro Dance & Pop-Rock,Disfigure Feat. Tara Louise - Blank (VIP).mp3
Tropical Love,Diviners,2018 Febuary,,,87%,Retro Dance & Pop-Rock,Diviners - Tropical Love.mp3
Holiday,Dizzee Rascal,Root,,,87%,Retro Dance & Pop-Rock,Dizzee Rascal - Holiday.mp3
Braveheart Remix (New),Dj Amp,Root,,,87%,Retro Dance & Pop-Rock,Dj Amp - Braveheart Remix (New).mp3
Beautiful,DJ Antoine,Root,,,87%,Retro Dance & Pop-Rock,DJ Antoine - Beautiful.mp3
Song of Trumpetman (Ibiza Chill),DJ Pippi & Jamie Lewis,Root,,,87%,Retro Dance & Pop-Rock,Bora Bora Music House Ibiza (Song of trumpetman).mp3
LES DJINNS (KYRY & ALLEXIS REMIX) 2018,DJUMA SOUNDSYSTEM,2019 July,,,87%,Retro Dance & Pop-Rock,DJUMA SOUNDSYSTEM - LES DJINNS (KYRY & ALLEXIS REMIX) 2018 [www.slider.kz].mp3
It's my life,Dr. Alban,Root,,,87%,Retro Dance & Pop-Rock,Dr. Alban - It's my life.mp3
DJ Ross,Dreamland,Root,,,87%,Retro Dance & Pop-Rock,Dreamland - DJ Ross.mp3
Made,Dub FX,2020 April,,,87%,Retro Dance & Pop-Rock,Dub FX - Made.mp3
Soothe Your Pain,Dub FX,2020 April,,,87%,Retro Dance & Pop-Rock,Dub FX - Soothe Your Pain.mp3
Barbra Streisand,Duck Sauce,2019 August,,,87%,Retro Dance & Pop-Rock,8. Duck Sauce - Barbra Streisand.mp3
Delight (Original Mix),Eddie Kid &amp; Gia Mellish,Root,,,87%,Retro Dance & Pop-Rock,Eddie Kid &amp; Gia Mellish - Delight (Original Mix).mp3
Stereo Love (Oficial Video),Edward Maya,Root,,,87%,Retro Dance & Pop-Rock,Edward Maya - Stereo Love (Oficial Video).mp3
This Is My Life,Edward Maya,Root,,,87%,Retro Dance & Pop-Rock,Edward Maya - This Is My Life.mp3
Desert Rain,Edward Maya ft. Vika Jigulina,Root,,,87%,Retro Dance & Pop-Rock,Edward Maya ft. Vika Jigulina - Desert Rain [Official video HD].mp3
Lazy summer days,Elcho,Root,,,87%,Retro Dance & Pop-Rock,Elcho - Lazy summer days.mp3
The Ways,Electro-Light Feat. Aloma Steele,2018 Febuary,,,87%,Retro Dance & Pop-Rock,Electro-Light Feat. Aloma Steele - The Ways.mp3
Love To See You Cry,Enrique Iglesias,Root,,,87%,Retro Dance & Pop-Rock,Enrique Iglesias - Love To See You Cry.mp3
Sweet Dreams (Are Made of This) [Steve Angello Remix Edit],Eurythmics,2019 August,,,87%,Retro Dance & Pop-Rock,20. Eurythmics - Sweet Dreams (Are Made of This) [Steve Angello Remix Edit].mp3
B R E A T H I N G (Natio x RAMI Remix),F R A N C I S,2017 March,,,87%,Retro Dance & Pop-Rock,F R A N C I S - B R E A T H I N G (Natio x RAMI Remix).mp3
Insomnia,Faithless,2019 August,,,87%,Retro Dance & Pop-Rock,22. Faithless - Insomnia.mp3
Beach,Fashion TV,Root,,,87%,Retro Dance & Pop-Rock,Fashion TV - Beach House.mp3
Mirror mirror on the wall song,Fashion TV (FTV),Root,,,87%,Retro Dance & Pop-Rock,Fashion TV (FTV) - Mirror mirror on the wall song.mp3
Living It All (Beach Life Essentials),Fashion TV Lounge,Root,,,87%,Retro Dance & Pop-Rock,Living It All FTV &quot;Beach Life Essentials&quot;.mp3
Winter Chill (Come Baby),Fashion TV Lounge,Root,,,87%,Retro Dance & Pop-Rock,FTV Winter Chill_ Come Baby.mp3
You + Me (Beach Life Essentials),Fashion TV Lounge,Root,,,87%,Retro Dance & Pop-Rock,You + Me   FTV Beach Life Essentials.mp3
Let It Go (feat. Lily Elise),Felix Cartal,2019 August,,,87%,Retro Dance & Pop-Rock,Felix Cartal - Let It Go (feat. Lily Elise).mp3
Crave You (Adventure Club Dubstep Remix),Flight Facilities,2019 August,,,87%,Retro Dance & Pop-Rock,Flight Facilities - Crave You (Adventure Club Dubstep Remix).mp3
Cosmic Love (Seven Lions Remix),Florence And The Machine,2019 August,,,87%,Retro Dance & Pop-Rock,Florence And The Machine - Cosmic Love (Seven Lions Remix).mp3
Good Feelin ( Radio Edit DRM ),FloRida,Root,,,87%,Retro Dance & Pop-Rock,FloRida - Good Feelin ( Radio Edit DRM ).mp3
I Can't Stop,Flux Pavilion,2019 August,,,87%,Retro Dance & Pop-Rock,Flux Pavilion - I Can't Stop.mp3
I Will Be Ok (ft. Coby Grant),FlyBoy & The Onyx Twins,2017 March,,,87%,Retro Dance & Pop-Rock,FlyBoy & The Onyx Twins - I Will Be Ok (ft. Coby Grant).mp3
Moonlight Party 2011 (Extended Radio Mix),Fonzerelli feat. Ellenyi,Root,,,87%,Retro Dance & Pop-Rock,Fonzerelli feat. Ellenyi - Moonlight Party 2011 (Extended Radio Mix).mp3
Petrified,Fort Minor,Root,,,87%,Retro Dance & Pop-Rock,Fort Minor - Petrified.mp3
Stacy's Mom,Fountains Of Wayne,Root,,,87%,Retro Dance & Pop-Rock,Fountains Of Wayne - Stacy's Mom.mp3
Bruises,Fox Stevenson,2019 August,,,87%,Retro Dance & Pop-Rock,Fox Stevenson - Bruises.mp3
Yuri,Franc Moody,2020 May,,,87%,Retro Dance & Pop-Rock,Franc Moody - Yuri.mp3
Bonjour,French Lounge Music- Lemongrass,Root,,,87%,Buddha Bar Lounge,French Lounge Music-  Lemongrass - Bonjour.mp3
Breeze Remix,FTV Beach,Root,,,87%,Retro Dance & Pop-Rock,FTV Beach House - Breeze Remix.mp3
Gokuraku Jodo,GARNiDELiA,2018 September,,,87%,Retro Dance & Pop-Rock,GARNiDELiA - Gokuraku Jodo  [www.sly.kz].mp3
Blablabla,Gigi D' Agostino,Root,,,87%,Retro Dance & Pop-Rock,Gigi D' Agostino- Blablabla.mp3
Morning (Original Mix),GingerAle feat. Karren,2017 Febuary,,,87%,Retro Dance & Pop-Rock,GingerAle feat. Karren - Morning (Original Mix).mp3
1st Lady,Give You My Heart,Root,,,87%,Retro Dance & Pop-Rock,Give You My Heart - 1st Lady.mp3
Deep Of The Night,GoldFish feat. Diamond Thug,2018 September,,,87%,Retro Dance & Pop-Rock,GoldFish feat. Diamond Thug - Deep Of The Night [www.slider.kz].mp3
Song Original,Golo Golo,Root,,,87%,Retro Dance & Pop-Rock,Golo Golo - Song Original.mp3
Clint eastwood (Subtitulado),Gorillaz,Root,,,87%,Retro Dance & Pop-Rock,Gorillaz - Clint eastwood (Subtitulado).mp3
dare,Gorillaz,Root,,,87%,Retro Dance & Pop-Rock,gorillaz dare.mp3
feel good inc,gorrilaz,Root,,,87%,Retro Dance & Pop-Rock,gorrilaz-feel good inc lyrics.mp3
A Wish,Gregory and the Hawk,Root,,,87%,Retro Dance & Pop-Rock,Gregory and the Hawk _ A Wish.mp3
Boats and Birds,Gregory and the Hawk,Root,,,87%,Retro Dance & Pop-Rock,Gregory and the Hawk Boats and Birds.mp3
MP3 download _ MyFreeMp3.eu,Gregory and the Hawk,Root,,,87%,Retro Dance & Pop-Rock,gregory and the hawk MP3 download _ MyFreeMp3.eu.MP3
Get Down,Groove Armada,Root,,,87%,Retro Dance & Pop-Rock,Groove Armada - Get Down.mp3
Paper Romance,Groove Armada,Root,,,87%,Retro Dance & Pop-Rock,Groove Armada - Paper Romance.mp3
Superstylin,Groove Armada,2019 August,,,87%,Retro Dance & Pop-Rock,17. Groove Armada - Superstylin'.mp3
"Free Music Streaming, Online Music",Grooveshark,Root,,,87%,Retro Dance & Pop-Rock,"Grooveshark - Free Music Streaming, Online Music.MP3"
What is love me again (Paolo Monti mashup 2014),Haddaway VS John Newman,2018 June,,,87%,Retro Dance & Pop-Rock,Haddaway VS John Newman - What is love me again (Paolo Monti mashup 2014).mp3
My First My Last My love,Haider,Root,,,87%,Retro Dance & Pop-Rock,Haider - My First My Last My love ( lyrics ).mp3
Kalmyk Dance,Halimag,Root,,,87%,Buddha Bar Lounge,Halimag  Kalmyk dance (16).mp3
Enemies (Lucky Star Remix),Hannah Georgas,2019 August,,,87%,Retro Dance & Pop-Rock,Hannah Georgas - Enemies (Lucky Star Remix).mp3
Time - (Instrumental Core Remix),Hans Zimmer,2019 August,,,87%,Retro Dance & Pop-Rock,Hans Zimmer - Time - (Instrumental Core Remix).mp3
Motivational Video,Hard Times,2017 April,,,87%,Retro Dance & Pop-Rock,Hard Times - Motivational Video --.mp3
Deep Inside,Harddrive / Mary J. Blige,Root,,,87%,Retro Dance & Pop-Rock,Deep Inside.mp3
Back Together (DJ Meme Classic Remix),Hardsoul feat. Ron Carroll,Root,,,87%,Retro Dance & Pop-Rock,Hardsoul feat. Ron Carroll - Back Together (DJ Meme Classic Remix).mp3
Eternal Space,Hazy,2019 August,,,87%,Retro Dance & Pop-Rock,Hazy - Eternal Space.mp3
Oxygen,Headhunterz,2019 August,,,87%,Retro Dance & Pop-Rock,09  Headhunterz - Oxygen.mp3
Hu Ho,Headless,2017 March,,,87%,Retro Dance & Pop-Rock,Headless - Hu Ho.mp3
Ian Pooley,Heaven,Root,,,87%,Retro Dance & Pop-Rock,Heaven - Ian Pooley.mp3
Change Your Ways,High Maintenance Feat. Charlotte Haining,2018 Febuary,,,87%,Retro Dance & Pop-Rock,High Maintenance Feat. Charlotte Haining - Change Your Ways.mp3
Roses,Highness,Root,,,87%,Retro Dance & Pop-Rock,Highness - Roses.mp3
Best Of Hilary Duff - 04 - With Love,Hilary Duff,2018 September,,,87%,Retro Dance & Pop-Rock,Hilary Duff - Best Of Hilary Duff - 04 - With Love.mp3
Stranger,Hilary Duff,2018 September,,,87%,Retro Dance & Pop-Rock,03  Hilary Duff - Stranger.mp3
Nari Narain (Habibi Dah),Hisham Abbas,Root,,,87%,Retro Dance & Pop-Rock,Nari Nari.mp3
Stories,Hitomi Kuroishi,Root,,,87%,Retro Dance & Pop-Rock,Code Geass Soundtrack Stories.mp3
Hazy Eyes (Original Mix),Horn & Bermann,2017 March,,,87%,Retro Dance & Pop-Rock,Horn & Bermann - Hazy Eyes (Original Mix).mp3
Don’t Wanna Go Home (Original Mix).mp3,Hot Light,2018 August,,,87%,Retro Dance & Pop-Rock,Hot Light - Don’t Wanna Go Home (Original Mix).mp3 [www.slider.kz].mp3
Never Really Liked You,Hoved,2019 August,,,87%,Retro Dance & Pop-Rock,21  Hoved - Never Really Liked You.mp3
Someone Else,Hoved,2019 August,,,87%,Retro Dance & Pop-Rock,06  Hoved - Someone Else.mp3
Nickelback,How You Remind Me,Root,,,87%,Retro Dance & Pop-Rock,How You Remind Me - Nickelback (lyrics).mp3
Halcyon (feat. Grimm),Hybrid Minds,2019 August,,,87%,Retro Dance & Pop-Rock,Hybrid Minds - Halcyon (feat. Grimm).mp3
Meant To Be,Hybrid Minds,2019 August,,,87%,Retro Dance & Pop-Rock,Hybrid Minds - Meant To Be.mp3
Gee's Bounce Mix),I Know Where It's at (K),2020 June,,,87%,Retro Dance & Pop-Rock,04 - I Know Where It's at (K-Gee's Bounce Mix).mp3
Hyang),I Love You 사랑해요 (Delightful Girl Choon),Root,,,87%,Retro Dance & Pop-Rock,I Love You 사랑해요 (Delightful Girl Choon-Hyang).mp3
Show me love 2007,Ibiza Music United,Root,,,87%,Retro Dance & Pop-Rock,Ibiza Music United - Show me love 2007.mp3
Yiruma,If I Could See You Again,Root,,,87%,Buddha Bar Lounge,If I Could See You Again - Yiruma.mp3
Alright,Illyus & Barrientos,2020 July,,,87%,Retro Dance & Pop-Rock,Illyus & Barrientos - Alright.mp3
Endless,INNA,Root,,,87%,Retro Dance & Pop-Rock,13 - Inna - Endless.mp3
Sun Is Up MP3 download _ MyFreeMp3.eu,INNA,Root,,,87%,Retro Dance & Pop-Rock,INNA - Sun Is Up MP3 download _ MyFreeMp3.eu.MP3
Happy Accidents,Inukshuk,2018 Febuary,,,87%,Retro Dance & Pop-Rock,Inukshuk - Happy Accidents.mp3
Falling In Love,Ironik ft Jessica Lowndes,Root,,,87%,Retro Dance & Pop-Rock,Ironik ft Jessica Lowndes - Falling In Love (Official Music Video).mp3
Forgotten (KIWAMU Remix]),isle & Nature One,2020 April,,,87%,Retro Dance & Pop-Rock,isle & Nature One - Forgotten (KIWAMU Remix].mp3
Mi Gente,J Balvin,2018 June,,,87%,Retro Dance & Pop-Rock,J Balvin - Mi Gente.mp3
"Oh, Something's Quiet (feat. Kelli Scarr)",J.Viewz,2019 August,,,87%,Retro Dance & Pop-Rock,"J.Viewz - Oh, Something's Quiet (feat. Kelli Scarr).mp3"
Light At The End,Jabricon,2019 August,,,87%,Retro Dance & Pop-Rock,Jabricon - Light At The End.mp3
West Coast 'Lana Del Rey Cover' (Berger & Shaqiri Edit),James Vincent McMorrow,2017 March,,,87%,Retro Dance & Pop-Rock,James Vincent McMorrow - West Coast 'Lana Del Rey Cover' (Berger & Shaqiri Edit).mp3
Seven Days In Sunny June,Jamiroquai,Root,,,87%,Retro Dance & Pop-Rock,Jamiroquai - Seven Days In Sunny June.mp3
Heroes Tonight,Janji Feat. Johnning,2018 Febuary,,,87%,Retro Dance & Pop-Rock,Janji Feat. Johnning - Heroes Tonight.mp3
It Girl,Jason Derulo,Root,,,87%,Retro Dance & Pop-Rock,Jason Derulo - It Girl.mp3
Whatcha Say,Jason Derulo,Root,,,87%,Retro Dance & Pop-Rock,Jason Derulo - Whatcha Say (Video).mp3
Afterglow,Jason Donnelly,2020 July,,,87%,Retro Dance & Pop-Rock,Jason Donnelly - Afterglow.mp3
I'm In Heaven,Jason Nevins pres. Holly James,Root,,,87%,Retro Dance & Pop-Rock,Jason Nevins pres. Holly James - I'm In Heaven (OFFICIAL VIDEO).mp3
In The Night,Jasper Dietze ft. Aaron Richards,2016 December,,,87%,Retro Dance & Pop-Rock,Jasper Dietze ft. Aaron Richards - In The Night.mp3
Young Forever,JAY-Z ft. Mr Hudson,Root,,,87%,Retro Dance & Pop-Rock,forever young JAY-Z lyrics.mp3
Dutchican Soul,Jazz It Up,Root,,,87%,Retro Dance & Pop-Rock,Jazz It Up - Dutchican Soul.mp3
If You Had My Love (Pablo Flores Remix),Jennifer Lopez,Root,,,87%,Retro Dance & Pop-Rock,If You Had My Love [Pablo Flores Remix] FULL LENGHT.mp3
Crush,Jennifer Paige,Root,,,87%,Retro Dance & Pop-Rock,Jennifer Paige Crush.mp3
Eclipse,Jim Yosef,2018 Febuary,,,87%,Retro Dance & Pop-Rock,Jim Yosef - Eclipse.mp3
Firefly,Jim Yosef,2018 Febuary,,,87%,Retro Dance & Pop-Rock,Jim Yosef - Firefly.mp3
First True Love Affair (Larry Levan Mix),Jimmy Ross,Root,,,87%,Retro Dance & Pop-Rock,Jimmy Ross - First True Love Affair (Larry Levan Mix).mp3
Make A Move On Me,Joey Negro,Root,,,87%,Retro Dance & Pop-Rock,Joey Negro - Make A Move On Me.mp3
DANCE,Justice,2019 August,,,87%,Retro Dance & Pop-Rock,14. Justice - DANCE.mp3
What Goes Around,Justin Timberlake with [fullversion],Root,,,87%,Retro Dance & Pop-Rock,What Goes Around by Justin Timberlake with Lyrics [fullversion].mp3
Gold Digger,Kanye West feat. Jamie Foxx,Root,,,87%,Retro Dance & Pop-Rock,Kanye West feat. Jamie Foxx-Gold Digger  [myfreemp3.eu].mp3
Shine (Nebbra Remix),Karin Park,2019 August,,,87%,Retro Dance & Pop-Rock,Karin Park - Shine (Nebbra Remix).mp3
Punjab,Karunesh,Root,,,87%,Buddha Bar Lounge,Karunesh -  Punjab.mp3
Highland,Kasger,2018 Febuary,,,87%,Retro Dance & Pop-Rock,Kasger - Highland.mp3
No Sleep,Kaskeiyp Extended Remix,2018 August,,,87%,Retro Dance & Pop-Rock,Kaskeiyp Extended Remix - No Sleep  [www.slider.kz].mp3
Nightcall (Drive Original Movie Soundtrack) ( Audio),Kavinsky,2019 August,,,87%,Retro Dance & Pop-Rock,Kavinsky - Nightcall (Drive Original Movie Soundtrack) (Official Audio).mp3
Please Don't Go,Kc & The Sunshine Band,2020 July,,,87%,Retro Dance & Pop-Rock,Kc & The Sunshine Band - Please Don't Go.mp3
TiK ToK,Ke$ha,2019 April,,,87%,Retro Dance & Pop-Rock,Ke$ha - TiK ToK [www.slider.kz].mp3
Bitch_Dont_Kill_My_Vibe_Star_Slinger_Remix,Kendrick_Lamar,Root,,,87%,Retro Dance & Pop-Rock,Kendrick_Lamar_-_Bitch_Dont_Kill_My_Vibe_Star_Slinger_Remix.mp3
People Hold On (Original Mix),"Kevin Andrews, Leisuregroove, Abigail Bailey",Root,,,87%,Retro Dance & Pop-Rock,"Kevin Andrews, Leisuregroove, Abigail Bailey - People Hold On (Original Mix).mp3"
The Light (Roman Starikoff Remix)future,Kieron A Gore,2018 May,,,87%,Retro Dance & Pop-Rock,Kieron A Gore  - The Light (Roman Starikoff Remix)future [www.slider.kz].mp3
What I Said,Killercats Feat. Alex Skrindo,2018 Febuary,,,87%,Retro Dance & Pop-Rock,Killercats Feat. Alex Skrindo - What I Said.mp3
Tarkan,Kiss kiss,Root,,,87%,Retro Dance & Pop-Rock,Kiss kiss - Tarkan.mp3
Let Me In (Sebastien Remix),Kleerup Ft. Susanne Sundfør,2016 December,,,87%,Retro Dance & Pop-Rock,Kleerup Ft. Susanne Sundfør - Let Me In (Sebastien Remix).mp3
best combo vid EVER!,KoF 2001,Root,,,87%,Retro Dance & Pop-Rock,KoF 2001-best combo vid EVER!.mp3
How We Gonna Stop The Time (Monitor 66 Remix),Kraak & Smaak feat. Stee Downes,2017 November,,,87%,Retro Dance & Pop-Rock,Kraak & Smaak feat. Stee Downes - How We Gonna Stop The Time (Monitor 66 Remix).mp3
Fly Away,Krys Talk,2018 Febuary,,,87%,Retro Dance & Pop-Rock,Krys Talk - Fly Away.mp3
Kal Ho Naa Ho (2003) -- -BluRay,Kuch To Hua Hai,Root,,,87%,Retro Dance & Pop-Rock,Kuch To Hua Hai - Kal  Ho Naa Ho (2003) -HD- 1080p -BluRay- Music Video.mp3
Can't Get You Out Of My Head (Original Version),Kylie,Root,,,87%,Retro Dance & Pop-Rock,Kylie - Can't Get You Out Of My Head (Original Version).mp3
2 hearts with,Kylie Minogue,Root,,,87%,Retro Dance & Pop-Rock,Kylie Minogue 2 hearts with lyrics.mp3
Come Into My World,Kylie Minogue,Root,,,87%,Retro Dance & Pop-Rock,Kylie Minogue - Come Into My World (HQ).mp3
Love At First Sight [w_lyrics],Kylie Minogue,Root,,,87%,Retro Dance & Pop-Rock,Kylie Minogue - Love At First Sight [w_lyrics].mp3
Spinning Around,Kylie Minogue,Root,,,87%,Retro Dance & Pop-Rock,Kylie Minogue - Spinning Around.mp3
Wherever You Are (2002),Laava,Root,,,87%,Retro Dance & Pop-Rock,Laava - Wherever You Are (2002).mp3
Applause,Lady Gaga,Root,,,87%,Retro Dance & Pop-Rock,Lady Gaga - Applause.mp3
Solar Maniac,Lalann,Root,,,87%,Retro Dance & Pop-Rock,Lalann - Solar Maniac.mp3
Summertime Sadness (Cedric Gervais Remix),Lana Del Rey,Root,,,87%,Retro Dance & Pop-Rock,Lana Del Rey - Summertime Sadness (Cedric Gervais Remix).mp3
Rocky Rubble (Original Mix]),Lanvary,2020 April,,,87%,Retro Dance & Pop-Rock,Lanvary - Rocky Rubble (Original Mix].mp3
DO IT,Lazee feat. Mohombi,Root,,,87%,Retro Dance & Pop-Rock,Lazee feat. Mohombi - DO IT [official video HD].mp3
Afro - Left,Leftfield,Root,,,87%,Retro Dance & Pop-Rock,Leftfield - Afro - Left.mp3
Tempted (Luzzi Remix),Leisure Groove,Root,,,87%,Retro Dance & Pop-Rock,Leisure Groove - Tempted (Luzzi Remix).mp3
Untrue ft. Joe Killington (Ian Carey remix),Leisure Groove,Root,,,87%,Retro Dance & Pop-Rock,Leisure Groove - Untrue ft. Joe Killington (Ian Carey remix).mp3
why,leisure groove,Root,,,87%,Retro Dance & Pop-Rock,leisure groove - why.mp3
Little Love,Leisuregroove,Root,,,87%,Retro Dance & Pop-Rock,Leisuregroove - Little Love.mp3
Little Love (Sho Remix),LeisureGroove,Root,,,87%,Retro Dance & Pop-Rock,LeisureGroove - Little Love (Sho Remix).mp3
My Love,Leisuregroove,Root,,,87%,Retro Dance & Pop-Rock,Leisuregroove - My Love.mp3
My Love (Original Mix),Leisuregroove,Root,,,87%,Retro Dance & Pop-Rock,Leisuregroove - My Love (Original Mix).mp3
People (Club Mix),Leisuregroove &amp; Rustem Rustem,Root,,,87%,Retro Dance & Pop-Rock,Leisuregroove &amp; Rustem Rustem-People (Club Mix).mp3
Everybody Dance (Original Mix),Leisuregroove and Kevin Andrews,Root,,,87%,Retro Dance & Pop-Rock,Leisuregroove and Kevin Andrews - Everybody Dance (Original Mix).mp3
Fallen Angel (Vocal Club Mix),LeisureGroove ft. Sevi G,Root,,,87%,Retro Dance & Pop-Rock,LeisureGroove ft. Sevi G - Fallen Angel (Vocal Club Mix).mp3
Falling (MFR052),"Leisuregroove, Joe Killington",Root,,,87%,Retro Dance & Pop-Rock,"Leisuregroove, Joe Killington - Falling (MFR052).mp3"
7 Miles To Anywhere,Leonid Orlov feat. Siren Williams,2018 September,,,87%,Retro Dance & Pop-Rock,Leonid Orlov feat. Siren Williams - 7 Miles To Anywhere [www.slider.kz].mp3
Summerfish (Sunset on Ibiza Mix),Leonid Rudenko,Root,,,87%,Retro Dance & Pop-Rock,Leonid Rudenko -  Summerfish (Sunset on Ibiza Mix).mp3
Bones,Lewis Watson,Root,,,87%,Retro Dance & Pop-Rock,Bones Lewis watson MP3 downloads _ www.MyFreeMp3.us.MP3
Smile _Lyrics,Lily Allen,Root,,,87%,Retro Dance & Pop-Rock,Lily Allen - Smile _Lyrics_.mp3
My Way,Limp Bizkit,Root,,,87%,Retro Dance & Pop-Rock,Limp Bizkit- My Way Lyrics.mp3
Bleed It Out,Linkin Park,Root,,,87%,Retro Dance & Pop-Rock,Bleed It Out.mp3
Can You Feel The Love Tonight,Lion King,Root,,,87%,Retro Dance & Pop-Rock,Lion King - Can You Feel The Love Tonight.mp3
Garden Of The World (True Love Remix),Liongold,Root,,,87%,Retro Dance & Pop-Rock,Liongold   Garden Of The World (True Love Remix).mov.mp3
Nitefly,Liongold,Root,,,87%,Retro Dance & Pop-Rock,Liongold Nitefly MP3 download _ MyFreeMp3.eu.MP3
After Midnight (Freddy Moreira Remix) (Feat. Laurell & Mann),Lny Tnz,2019 August,,,87%,Retro Dance & Pop-Rock,26  Lny Tnz - After Midnight (Freddy Moreira Remix) (Feat. Laurell & Mann).mp3
After Midnight (Julian Jordan Remix) (Feat. Laurell & Mann),Lny Tnz,2019 August,,,87%,Retro Dance & Pop-Rock,04  Lny Tnz - After Midnight (Julian Jordan Remix) (Feat. Laurell & Mann).mp3
Eyes Off You (Dualities Remix),Loe,2019 August,,,87%,Retro Dance & Pop-Rock,13  Loe - Eyes Off You (Dualities Remix).mp3
Leva&#39;s Polka (Basshunter Remix),Loituma,2018 December,,,87%,Retro Dance & Pop-Rock,Loituma - Leva&#39;s Polka (Basshunter Remix) [www.slider.kz].mp3
Louisiana Woman Mississippi Man,Loretta Lynn And Conway Twitty,Root,,,87%,Retro Dance & Pop-Rock,Loretta Lynn And Conway Twitty - Louisiana Woman Mississippi Man.mp3
Papi chulo,Lorna,Root,,,87%,Retro Dance & Pop-Rock,Lorna - Papi chulo.mp3
The Fake Sound Of Progress,LOSTPROPHETS,Root,,,87%,Retro Dance & Pop-Rock,LOSTPROPHETS - The Fake Sound Of Progress.mp3
Mambo Mambo,Lou Bega,2019 April,,,87%,Retro Dance & Pop-Rock,Lou Bega - Mambo Mambo [www.slider.kz].mp3
JTX,Love in America,Root,,,87%,Retro Dance & Pop-Rock,Love in America - JTX.mp3
Nights Of Passion (Main mix),Low Deep T,Root,,,87%,Retro Dance & Pop-Rock,Low Deep T - Nights Of Passion (Main mix).mp3
She's The Only One (Remix),Low Deep T,Root,,,87%,Retro Dance & Pop-Rock,Low Deep T - She's The Only One (Remix).mp3
U-Turn (Feat. Joie Fine),Lucq,2019 August,,,87%,Retro Dance & Pop-Rock,14  Lucq - U-Turn (Feat. Joie Fine).mp3
Break Loose (The Galaxy Remix) (Feat. Neimy),Lulleaux,2019 August,,,87%,Retro Dance & Pop-Rock,23  Lulleaux - Break Loose (The Galaxy Remix) (Feat. Neimy).mp3
Stuck In The Middle (Feat. Elle Hollis),Lulleaux,2019 August,,,87%,Retro Dance & Pop-Rock,03  Lulleaux - Stuck In The Middle (Feat. Elle Hollis).mp3
Tour,Macky Gee,2019 August,,,87%,Retro Dance & Pop-Rock,Macky Gee - Tour.mp3
Don_t Call Me Baby,Madison Avenue,Root,,,87%,Retro Dance & Pop-Rock,Madison Avenue - Don_t Call Me Baby.mp3
Don't Tell Me,Madonna,Root,,,87%,Retro Dance & Pop-Rock,Madonna - Don't Tell Me.mp3
Dont Tell Me ( Late Dance Remix 2011 ),Madonna,Root,,,87%,Retro Dance & Pop-Rock,Madonna - Dont Tell Me ( Late Dance Remix 2011 ).mp3
Vincenzo (Original Mix) [by DragoN_Sky],Maiga,2018 December,,,87%,Retro Dance & Pop-Rock,Maiga - Vincenzo (Original Mix) [by DragoN_Sky] [www.slider.kz].mp3
Est-ce Que Tu M&#39;aimes (Sonik & Gon Haziri Remix),Maitre Gims,2018 August,,,87%,Retro Dance & Pop-Rock,Maitre Gims - Est-ce Que Tu M&#39;aimes (Sonik & Gon Haziri Remix) [www.slider.kz].mp3
How U Been (Feat. Miles Hi),Majestique,2019 August,,,87%,Retro Dance & Pop-Rock,12  Majestique - How U Been (Feat. Miles Hi).mp3
Baby Baby Baby,Make The Girl Dance,Root,,,87%,Retro Dance & Pop-Rock,Make The Girl Dance 'Baby Baby Baby'.mp3
Simulated (Estiva Remix),Marco V,2019 August,,,87%,Retro Dance & Pop-Rock,15  Marco V - Simulated (Estiva Remix).mp3
Crepuscolo (Original mix),Marcus Schossow & Thomas Sagstad,Root,,,87%,Retro Dance & Pop-Rock,Marcus Schossow & Thomas Sagstad - Crepuscolo (Original mix).mp3
Sunshine (Extended Mix),Marra,Root,,,87%,Retro Dance & Pop-Rock,Marra - Sunshine (Extended Mix).mp3
Sunshine (Original Mix),Marra,Root,,,87%,Retro Dance & Pop-Rock,Marra - Sunshine (Original Mix).mp3
The Difference,Matchbox Twenty,Root,,,87%,Retro Dance & Pop-Rock,Matchbox Twenty - The Difference.mp3
King Without A Crown,Matisyahu,Root,,,87%,Retro Dance & Pop-Rock,Matisyahu - King Without A Crown.mp3
One Day,Matisyahu,Root,,,87%,Retro Dance & Pop-Rock,Matisyahu - One Day (lyrics).mp3
Grau (Original Mix),MATZINGHA,2017 April,,,87%,Retro Dance & Pop-Rock,[-320]™ MATZINGHA - Grau (Original Mix).mp3
Get a Way,Maxx,2019 June,,,87%,Retro Dance & Pop-Rock,Maxx - Get a Way [www.slider.kz].mp3
Moon Dance,Mehdi,2016 December,,,87%,Retro Dance & Pop-Rock,Mehdi - Moon Dance.mp3
I Disappear,Metallica,Root,,,87%,Retro Dance & Pop-Rock,Lyrics _. Metallica - I Disappear.mp3
Electric Feel,MGMT,Root,,,87%,Retro Dance & Pop-Rock,MGMT - Electric Feel.mp3
Trading Scars,MHE ft. Mylen,2017 March,,,87%,Retro Dance & Pop-Rock,MHE ft. Mylen -  Trading Scars.mp3
Borderline (Club Mix),Michael Gray,Root,,,87%,Retro Dance & Pop-Rock,Michael Gray - Borderline (Club Mix).mp3
Borderline (Ian Carey Dub),Michael Gray,Root,,,87%,Retro Dance & Pop-Rock,Michael Gray - Borderline (Ian Carey Dub).mp3
Borderline (Vocal Club Mix),Michael Gray,Root,,,87%,Retro Dance & Pop-Rock,Michael Gray - Borderline (Vocal Club Mix).mp3
Somewhere Beyond,Michael Gray,Root,,,87%,Retro Dance & Pop-Rock,Michael Gray - Somewhere Beyond.mp3
The Weekend,Michael Gray,Root,,,87%,Retro Dance & Pop-Rock,Michael Gray - The Weekend (Official Video HQ).mp3
Whatcha Gonna Do ( tune brothers vocal mix ),Michael Gray Pres. Hi Fashion Feat. Maria Lawson,Root,,,87%,Retro Dance & Pop-Rock,Michael Gray Pres. Hi Fashion Feat. Maria Lawson - Whatcha Gonna Do ( tune brothers vocal mix ).mp3
Beat It,Michael Jackson,Root,,,87%,Retro Dance & Pop-Rock,Michael Jackson - Beat It.mp3
Smooth Criminal,Michael Jackson,Root,,,87%,Retro Dance & Pop-Rock,Michael Jackson - Smooth Criminal Lyrics.mp3
They Don't Care About Us,Michael Jackson,2019 April,,,87%,Retro Dance & Pop-Rock,Michael Jackson - They Don't Care About Us [www.slider.kz].mp3
Baker Street,Michael Mind,Root,,,87%,Retro Dance & Pop-Rock,Michael Mind - Baker Street (Official Video HQ).mp3
Love's Gonna Get You,Michael Mind Project,Root,,,87%,Retro Dance & Pop-Rock,Michael Mind Project - Love's Gonna Get You (Official Video HQ).mp3
Didi,Milk and Honey,Root,,,87%,Retro Dance & Pop-Rock,Milk and Honey-Didi(DVD Quality).mp3
In My Mind (Album Version),Milky,2020 April,,,87%,Retro Dance & Pop-Rock,Milky - In My Mind (Album Version).mp3
Just The Way You Are,Milky,Root,,,87%,Retro Dance & Pop-Rock,Milky Just The Way You Are.mp3
L'amour toujours,Ministry of Da Funk,2018 September,,,87%,Retro Dance & Pop-Rock,Ministry of Da Funk - L'amour toujours [www.slider.kz].mp3
That Girl,Mischa Daniels feat. U-Jean,Root,,,87%,Retro Dance & Pop-Rock,Mischa Daniels feat. U-Jean - That Girl (Official Video HD).mp3
Lift me up,Moby,Root,,,87%,Buddha Bar Lounge,Moby - Lift me up.mp3
Porcelain,Moby,Root,,,87%,Buddha Bar Lounge,Moby - Porcelain.mp3
The sky is broken,Moby,Root,,,87%,Buddha Bar Lounge,Moby  - The sky is broken.mp3
Lady (hear me tonight) - 2000-1.flv,Modjo,Root,,,87%,Retro Dance & Pop-Rock,Modjo - Lady (hear me tonight) - 2000-1.flv.mp3
Hold Tight,Moods,2019 August,,,87%,Retro Dance & Pop-Rock,Moods - Hold Tight.mp3
As The Rush Comes,Motorcycle,2018 September,,,87%,Retro Dance & Pop-Rock,Motorcycle - As The Rush Comes [www.slider.kz].mp3
Horny,Mousse T,Root,,,87%,Retro Dance & Pop-Rock,Mousse T - Horny.mp3
Yours Truly (feat. Danyka Nadeau),Mr FijiWiji,2019 August,,,87%,Retro Dance & Pop-Rock,Mr FijiWiji - Yours Truly (feat. Danyka Nadeau).mp3
Yours Truly (feat. Danyka Nadeau) (2),Mr FijiWiji,2019 August,,,87%,Retro Dance & Pop-Rock,Mr FijiWiji - Yours Truly (feat. Danyka Nadeau) (2).mp3
Do It All Again ( NineOne Remix ),Mr Probz,Root,,,87%,Retro Dance & Pop-Rock,Mr Probz - Do It All Again ( NineOne Remix ).mp3
Till You're Loved,Mr. Probz,2017 April,,,87%,Retro Dance & Pop-Rock,Mr. Probz - Till You're Loved.mp3
Waves (CHASE This Is Not A Remix),Mr. Probz,Root,,,87%,Retro Dance & Pop-Rock,Mr. Probz - Waves (CHASE This Is Not A Remix).mp3
Huong Vietnam,My Phuong Nguyen & Thierry David,Root,,,87%,Buddha Bar Lounge,02 - My Phuong Nguyen & Thierry David - Huong Vietnam.mp3
Sun In My Eyes,Myomi,Root,,,87%,Retro Dance & Pop-Rock,Myomi - Sun In My Eyes.mp3
TURKO (Orginal Mix),Müslüm Arı,2018 August,,,87%,Retro Dance & Pop-Rock,Müslüm Arı - TURKO (Orginal Mix)  [www.slider.kz].mp3
Big Mistake,Natalie Imbruglia,Root,,,87%,Retro Dance & Pop-Rock,Big Mistake.mp3
La La La,"Naughty Boy, Sam Smith",Root,,,87%,Retro Dance & Pop-Rock,"Naughty Boy, Sam Smith-La La La (www.myfreemp3.cc).mp3"
All Good Things Come To An End with on screen,Nelly Furtado,Root,,,87%,Retro Dance & Pop-Rock,Nelly Furtado- All Good Things Come To An End with lyrics on screen.mp3
Maneater with,Nelly Furtado,Root,,,87%,Retro Dance & Pop-Rock,Nelly Furtado - Maneater with lyrics.mp3
Promiscuous,Nelly Furtado,Root,,,87%,Retro Dance & Pop-Rock,Nelly Furtado - Promiscuous.mp3
Memory Lane,Netsky,2019 August,,,87%,Retro Dance & Pop-Rock,Netsky - Memory Lane.mp3
Ya Floatin,Nicolau Marinho,Root,,,87%,Retro Dance & Pop-Rock,Nicolau Marinho - Ya Floatin'.mp3
Your Love,Nicole Scherzinger,2018 August,,,87%,Retro Dance & Pop-Rock,09 - Nicole Scherzinger - Your Love.mp3
One Love (PrimeMusic.ru),Nikita Malinin feat. Moscow Club Bangaz,2018 September,,,87%,Retro Dance & Pop-Rock,Nikita Malinin feat. Moscow Club Bangaz - One Love (PrimeMusic.ru) [www.slider.kz].mp3
Move Ya Body,Nina Sky Ft. Jabba,2018 September,,,87%,Retro Dance & Pop-Rock,08 Nina Sky Ft. Jabba - Move Ya Body.mp3
Absolutely (Story of a girl) with,Nine days,Root,,,87%,Retro Dance & Pop-Rock,Nine days - Absolutely (Story of a girl) with lyrics.mp3
Where Do You Go,No Mercy,Root,,,87%,Retro Dance & Pop-Rock,No Mercy Where do you go Lyrics.mp3
One more time (radio mix) mp3,Noel Sanger,Root,,,87%,Retro Dance & Pop-Rock,Noel Sanger - One more time (radio mix) mp3.MP3
One More Time Solarity Remix MP3 download _ MyFreeMp3.eu,Noel Sanger,Root,,,87%,Retro Dance & Pop-Rock,Noel Sanger - One More Time Solarity Remix MP3 download _ MyFreeMp3.eu.MP3
Dragostea Din Tei (Numa Numa),O-Zone,Root,,,87%,Retro Dance & Pop-Rock,Numa Numa Action!.mp3
Memories That You Call (feat. Monsoonsiren),ODESZA,2019 August,,,87%,Retro Dance & Pop-Rock,ODESZA - Memories That You Call (feat. Monsoonsiren).mp3
Random Prophecies (Part 10),Orac,Root,,,87%,Retro Dance & Pop-Rock,Orac_randomprophecies_10.mp3
Amini (Original Mix),Orsenite,Root,,,87%,Retro Dance & Pop-Rock,Orsenite - Amini (Original Mix).mp3
Bilionera ( [NEW 2014]),Otilia,2017 March,,,87%,Retro Dance & Pop-Rock,Otilia - Bilionera (www.mp3erger.ru) [NEW 2014].mp3
Fa-Fa-Fa-Fa-Fa (Sad Song),Otis Redding,2020 July,,,87%,Retro Dance & Pop-Rock,Otis Redding - Fa-Fa-Fa-Fa-Fa (Sad Song).mp3
blumenkraft-smoked-glass-and-crome[mp3freex],Ott,2016 June,,,87%,Buddha Bar Lounge,ott-blumenkraft-smoked-glass-and-crome[mp3freex].mp3
Taylor Swift,Our Song,Root,,,87%,Retro Dance & Pop-Rock,Our Song - Taylor Swift Lyrics.mp3
Fireflies,Owl City,Root,,,87%,Retro Dance & Pop-Rock,Owl City - Fireflies (lyrics).mp3
Just Give Me A Reason mp3,P!nk,Root,,,87%,Retro Dance & Pop-Rock,P!nk - Just Give Me A Reason mp3.MP3
"Young As The Morning, Old As The Sea (Curtis Alto Remix) - YouTube",Passenger,2017 March,,,87%,Retro Dance & Pop-Rock,"Passenger - Young As The Morning, Old As The Sea (Curtis Alto Remix) - YouTube.mp3"
Always (Radio Edit),Pate No 1,Root,,,87%,Retro Dance & Pop-Rock,Pate No 1 - Always (Radio Edit) (Official Video HQ).mp3
Requiem for a Dream (Remix),Paul Oakenfold,Root,,,87%,Retro Dance & Pop-Rock,Requiem for a Dream Remix (Paul Oakenfold).mp3
High (feat. Nicole Millar),Peking Duk,2019 August,,,87%,Retro Dance & Pop-Rock,15. Peking Duk - High (feat. Nicole Millar).mp3
The Fields of Ard Skellig,Percival,2019 January,,,87%,Retro Dance & Pop-Rock,Percival - The Fields of Ard Skellig [www.slider.kz].mp3
Alvarez - Vielleicht,Peter Heppner,Root,,,87%,Retro Dance & Pop-Rock,Peter Heppner - Alvarez - Vielleicht.mp3
Game Face,Peter Luts,2019 August,,,87%,Retro Dance & Pop-Rock,25  Peter Luts - Game Face.mp3
Nimbus,Peter Luts & Basto,2019 August,,,87%,Retro Dance & Pop-Rock,07  Peter Luts & Basto - Nimbus.mp3
Young Folks,"Peter, Bjorn _ John",Root,,,87%,Retro Dance & Pop-Rock,"Peter, Bjorn _ John - Young Folks.mp3"
Ritmo Caliente,Phatjak vs DJ Hamoodi,Root,,,87%,Buddha Bar Lounge,09 - Phatjak Vs- Dj Hamoodi - Ritmo Caliente.mp3
Another Day,Phil Colins,2018 May,,,87%,Retro Dance & Pop-Rock,Phil Colins - Another Day [www.slider.kz].mp3
In The Air Tonight ('Panski & John Skyfield Remix) [Deep ],Phil Collins,2019 August,,,87%,Retro Dance & Pop-Rock,Phil Collins - In The Air Tonight ('Panski & John Skyfield Remix) [Deep House].mp3
Son of Man,Phil Collins,Root,,,87%,Retro Dance & Pop-Rock,Son of Man.mp3
True love mp3,Pink ft. Lily Rose Cooper,Root,,,87%,Retro Dance & Pop-Rock,Pink ft. Lily Rose Cooper - True love mp3.MP3
Hey There Delilah,Plain White T's,Root,,,87%,Retro Dance & Pop-Rock,Hey there delilah lyrics..mp3
Chase the Sun,Planet Funk,2019 August,,,87%,Retro Dance & Pop-Rock,12. Planet Funk - Chase the Sun.mp3
We Are Together,Planet Of Sound,2019 August,,,87%,Retro Dance & Pop-Rock,Planet Of Sound - We Are Together.mp3
Always and Forever,Planetshakers,Root,,,87%,Retro Dance & Pop-Rock,Planetshakers - Always and Forever.mp3
Finally Moving,Pretty Lights,Root,,,87%,Retro Dance & Pop-Rock,Pretty Lights - Finally Moving.mp3
Erotic City Megamix,Prince / Various,Root,,,87%,Retro Dance & Pop-Rock,Erotic City Megamix.mp3
I'm Sorry,Pure Garage / Various,Root,,,87%,Retro Dance & Pop-Rock,pure garage (im sorry).mp3
Losing my religion,R.E.M,Root,,,87%,Retro Dance & Pop-Rock,R.E.M.-Losing my religion [myfreemp3.eu].mp3
This Is How We Party,R3Hab & Icona Pop,2019 August,,,87%,Retro Dance & Pop-Rock,01  R3Hab & Icona Pop - This Is How We Party.mp3
Up All Night (Feat. Fiora),R3Hab & Moti,2019 August,,,87%,Retro Dance & Pop-Rock,27  R3Hab & Moti - Up All Night (Feat. Fiora).mp3
Ahankara Nagare,Ranidu Lankage,2019 June,,,87%,Retro Dance & Pop-Rock,Ranidu Lankage - Ahankara Nagare [www.slider.kz].mp3
Indian Gipsy,Ravi Prasad,Root,,,87%,Buddha Bar Lounge,07 - Indian Gipsy (Ravi Prasad).mp3
Dani California,Red Hot Chili Peppers,Root,,,87%,Retro Dance & Pop-Rock,Red Hot Chili Peppers - Dani California [Official Music Video].mp3
The Zephyr Song,Red Hot Chili Peppers,Root,,,87%,Retro Dance & Pop-Rock,Red Hot Chili Peppers-The Zephyr Song [myfreemp3.eu].mp3
Every Single Piece,Redondo & Bolier ft. She Keeps Bees,2017 Febuary,,,87%,Retro Dance & Pop-Rock,Redondo & Bolier ft. She Keeps Bees - Every Single Piece.mp3
Liteful Stomp Mix),Rejoicing (Deee),2020 June,,,87%,Retro Dance & Pop-Rock,06 - Rejoicing (Deee-Liteful Stomp Mix).mp3
The State of Things,Reverend and the Makers,Root,,,87%,Retro Dance & Pop-Rock,Reverend And The Makers The State Of Things (GREAT QUALITY).mp3
Ash,Rezonate,2019 August,,,87%,Retro Dance & Pop-Rock,Rezonate - Ash.mp3
Otherside,RHCP,Root,,,87%,Retro Dance & Pop-Rock,RHCP-Otherside  [myfreemp3.eu].mp3
Your Soul,RHODES,2019 August,,,87%,Retro Dance & Pop-Rock,RHODES - Your Soul.mp3
Work (Emma & Shaun Cover) (Koni Remix),Rihanna & Drake,2016 June,,,87%,Retro Dance & Pop-Rock,Rihanna & Drake - Work (Emma & Shaun Cover) (Koni Remix).mp3
+Work+[Emma+&+Shaun+Cover]+(Koni+Remix)[9mash.Com],Rihanna+&+Drake+,2016 June,,,87%,Retro Dance & Pop-Rock,Rihanna+&+Drake+-+Work+[Emma+&+Shaun+Cover]+(Koni+Remix)[9mash.Com].mp3
Addicted to Love '97,Robert Palmer,Root,,,87%,Retro Dance & Pop-Rock,01 Addicted to Love '97.mp3
Another Chance,Roger Sanchez,Root,,,87%,Retro Dance & Pop-Rock,Another Chance Hed Kandi.mp3
Another Chance.avi,Roger Sanchez,Root,,,87%,Retro Dance & Pop-Rock,Roger Sanchez - Another Chance.avi.mp3
I Never Knew ( Full Intention Club Mix ),Roger Sanchez,Root,,,87%,Retro Dance & Pop-Rock,Roger Sanchez - I Never Knew ( Full Intention Club Mix ).mp3
3Six5,Roy Dest,2019 August,,,87%,Retro Dance & Pop-Rock,16  Roy Dest - 3Six5.mp3
Eternal Youth,RUDE,2019 August,,,87%,Retro Dance & Pop-Rock,RUDE - Eternal Youth.mp3
Feel the Love (feat. John Newman),Rudimental,2019 August,,,87%,Retro Dance & Pop-Rock,24. Rudimental - Feel the Love (feat. John Newman).mp3
You Were Right,RUFUS,2017 Febuary,,,87%,Retro Dance & Pop-Rock,RUFUS - You Were Right.mp3
It's Like That (Run DMC Vs. Jason Nevins),Run-DMC & Jason Nevins,2019 August,,,87%,Retro Dance & Pop-Rock,5. Run-DMC & Jason Nevins - It's Like That (Run DMC Vs. Jason Nevins).mp3
Mo Ashibi (Jason Bentley Remix),Ryukyu Underground,Root,,,87%,Buddha Bar Lounge,05 - Ryukyu Underground - Mo Ashibi (Jason Bentley Remix).mp3
The Moves,Sapele,2019 August,,,87%,Retro Dance & Pop-Rock,24  Sapele - The Moves.mp3
Adelante (The Best Of),Sash!,Root,,,87%,Retro Dance & Pop-Rock,Sash! - Adelante (The Best Of).mp3
Ecuador (The Best Of),Sash!,Root,,,87%,Retro Dance & Pop-Rock,Sash! - Ecuador (The Best Of).mp3
Megamix,Sash!,Root,,,87%,Retro Dance & Pop-Rock,Sash! Megamix.mp3
Mysterious Times (The Best Of),Sash! feat. Tina Cousins,Root,,,87%,Retro Dance & Pop-Rock,Sash! feat. Tina Cousins - Mysterious Times (The Best Of).mp3
I Knew I Loved You,Savage Garden,Root,,,87%,Retro Dance & Pop-Rock,02 - I knew I loved you.mp3
I Want You,Savage Garden,Root,,,87%,Retro Dance & Pop-Rock,01 - I want you.mp3
Truly Madly Deeply,Savage Garden,Root,,,87%,Retro Dance & Pop-Rock,08 - Truly madly deeply.mp3
Distance,Schiller,Root,,,87%,Buddha Bar Lounge,Schiller - Distance.mp3
I Feel You,Schiller,Root,,,87%,Buddha Bar Lounge,15 - Schiller - I Feel You.mp3
I Will Find You [Original Version],Schiller,Root,,,87%,Buddha Bar Lounge,Schiller - I Will Find You [Original Version].mp3
In The Dark (mit Jette Von Roth),Schiller,Root,,,87%,Buddha Bar Lounge,Schiller - In The Dark (mit Jette Von Roth).mp3
Love,Schiller,Root,,,87%,Buddha Bar Lounge,Schiller - Love.mp3
ruhe,Schiller,Root,,,87%,Buddha Bar Lounge,schiller _ ruhe.mp3
Dream Of You,Schiller mit Heppner,Root,,,87%,Buddha Bar Lounge,Schiller mit Heppner - Dream Of You.mp3
The Logical Song,Scooter,2019 June,,,87%,Retro Dance & Pop-Rock,Scooter - The Logical Song [www.slider.kz].mp3
Spark Of Life ( Videoclip),Scope DJ,Root,,,87%,Retro Dance & Pop-Rock,Scope DJ - Spark Of Life (Official Videoclip).mp3
San Francisco (Be Sure to Wear Flowers in Your Hair),Scott McKenzie,Root,,,87%,Retro Dance & Pop-Rock,01-San-Francisco-Be-Sure-To-Wear-Flowers-In-Your-Hair.mp3
Get Busy,Sean Paul,Root,,,87%,Retro Dance & Pop-Rock,Sean Paul - Get Busy Lyrics.mp3
It Wasn't Me mp3,Shaggy,Root,,,87%,Retro Dance & Pop-Rock,Shaggy - It Wasn't Me mp3.MP3
IT WASNT ME,SHAGGY,Root,,,87%,Retro Dance & Pop-Rock,SHAGGY - IT WASNT ME.mp3
Don't Bother,Shakira,Root,,,87%,Retro Dance & Pop-Rock,Shakira - Don't Bother.mp3
That Don't Impress Me Much,Shania Twain,Root,,,87%,Retro Dance & Pop-Rock,Shania Twain That Don't Impress Me Much (lyrics in description).mp3
Rave Love,Silent Rider,2019 August,,,87%,Retro Dance & Pop-Rock,Silent Rider - Rave Love.mp3
One (leisuregroove Soulful Mix),Simon Grey feat. Kylie Auldist,Root,,,87%,Retro Dance & Pop-Rock,Simon Grey feat. Kylie Auldist - One (leisuregroove Soulful Mix).mp3
Kiss Me,Sixpence None the Richer,2020 July,,,87%,Retro Dance & Pop-Rock,Sixpence None the Richer - Kiss Me.mp3
Night Out,Slackwax,Root,,,87%,Retro Dance & Pop-Rock,Slackwax-Night Out (www.mp3.vet).mp3
Dreaming,Small Pools –,Root,,,87%,Retro Dance & Pop-Rock,Small Pools –-Dreaming (www.myfreemp3.cc).mp3
Chocolate,Snow Patrol,Root,,,87%,Retro Dance & Pop-Rock,Chocolate.mp3
Seven Cities (Solar Stone Atlantis Mix),Solar Stone,Root,,,87%,Retro Dance & Pop-Rock,Solar Stone - Seven Cities (Solar Stone Atlantis Mix).mp3
Skin of My Skin,Solimano,Root,,,87%,Retro Dance & Pop-Rock,Solimano - Skin of My Skin.mp3
Never Too Far,Sorrow,2019 August,,,87%,Retro Dance & Pop-Rock,Sorrow - Never Too Far.mp3
Free Your Mind (Mell Tierra Remix),Soulvation & Mr. V,2019 August,,,87%,Retro Dance & Pop-Rock,17  Soulvation & Mr. V - Free Your Mind (Mell Tierra Remix).mp3
Losing Hope Was Freedom,SoundNet,2019 August,,,87%,Retro Dance & Pop-Rock,SoundNet - Losing Hope Was Freedom.mp3
Motion Dub,Soundsfiter,Root,,,87%,Retro Dance & Pop-Rock,Soundsfiter - Motion Dub.mp3
Gladiator - Now We Are Free (with lyric).flv,Soundtrack,Root,,,87%,Retro Dance & Pop-Rock,_ Soundtrack - Gladiator - Now We Are Free (with lyric).flv.mp3
Copacabana,Soviente,Root,,,87%,Retro Dance & Pop-Rock,Soviente - Copacabana.mp3
A New Society (Vocal Mix),Starchaser,Root,,,87%,Retro Dance & Pop-Rock,Starchaser - A New Society (Vocal Mix).mp3
Summer Mix 15 (Melodic Deep House),Stay See,Root,,,87%,Retro Dance & Pop-Rock,Stay See Summer Mix 15.mp3
Crossfire,Stephen,2019 August,,,87%,Retro Dance & Pop-Rock,Stephen - Crossfire.mp3
Show Me Love (feat. Robin S.),Steve Angello & Laidback Luke,2019 August,,,87%,Retro Dance & Pop-Rock,11. Steve Angello & Laidback Luke - Show Me Love (feat. Robin S.).mp3
shape of my heart,sting,Root,,,87%,Retro Dance & Pop-Rock,sting - shape of my heart.mp3
Desert rose,Sting feat. Cheb Mami,2018 June,,,87%,Retro Dance & Pop-Rock,088 Sting feat. Cheb Mami - Desert rose.mp3
Push The Button,Sugababes,Root,,,87%,Retro Dance & Pop-Rock,Sugababes - Push The Button.mp3
Perfume (Remixed By Campo),Supervielle,Root,,,87%,Buddha Bar Lounge,06 - Supervielle - Perfume (Remixed By Campo).mp3
Eye of the Tiger,Survivor,Root,,,87%,Retro Dance & Pop-Rock,Eye of the tiger -Lyrics-.mp3
Beauty In Errors,Synthetic Epiphany & CoMa,2019 August,,,87%,Retro Dance & Pop-Rock,Synthetic Epiphany & CoMa - Beauty In Errors.mp3
All The Things She Said,t.A.T.u,Root,,,87%,Retro Dance & Pop-Rock,t.A.T.u. - All The Things She Said.mp3
Heartbroken (Ft. Jodie),T2,Root,,,87%,Retro Dance & Pop-Rock,T2 - Heartbroken (Ft. Jodie)      official video.mp3
Break Your Heart ft. Ludacris,Taio Cruz,Root,,,87%,Retro Dance & Pop-Rock,Taio Cruz - Break Your Heart ft. Ludacris.mp3
Higher ft. Kylie Minogue,Taio Cruz,Root,,,87%,Retro Dance & Pop-Rock,Taio Cruz - Higher ft. Kylie Minogue.mp3
Hey Stephen,Taylor Swift,Root,,,87%,Retro Dance & Pop-Rock,Hey Stephen by Taylor Swift.mp3
The Magic Flute,Techno,Root,,,87%,Retro Dance & Pop-Rock,Trance Techno - The Magic Flute.mp3
Meant To Be (Original mix),Tep No,2017 March,,,87%,Retro Dance & Pop-Rock,Tep No - Meant To Be (Original mix).mp3
No Place Like Home (feat. Kaelyn Behr),The Aston Shuffle,2019 August,,,87%,Retro Dance & Pop-Rock,The Aston Shuffle - No Place Like Home (feat. Kaelyn Behr).mp3
Warp 1.9,The Bloody Beetroots,2019 August,,,87%,Retro Dance & Pop-Rock,19. The Bloody Beetroots - Warp 1.9.mp3
Hey Boy Hey Girl,The Chemical Brothers,2019 August,,,87%,Retro Dance & Pop-Rock,6. The Chemical Brothers - Hey Boy Hey Girl.mp3
Give Me a Reason,The Corrs,Root,,,87%,Retro Dance & Pop-Rock,The Corrs - Give Me a Reason.mp3
Judy,The Corrs,Root,,,87%,Retro Dance & Pop-Rock,The Corrs - Judy.mp3
How To Save A Life,The Fray,Root,,,87%,Retro Dance & Pop-Rock,The Fray - How To Save A Life.mp3
The Galaxy,The Galaxy,2019 August,,,87%,Retro Dance & Pop-Rock,02  The Galaxy - The Galaxy.mp3
Swamp Thing,The Grid,Root,,,87%,Retro Dance & Pop-Rock,swamp thing  ( the Grid).mp3
Whatcha Gonna Do (Original Vocal Mix),The Hi Fashions,Root,,,87%,Retro Dance & Pop-Rock,The Hi Fashions - Whatcha Gonna Do (Original Vocal Mix).mp3
We Are One (English),The Lion King 2,Root,,,87%,Retro Dance & Pop-Rock,The Lion King 2 - We Are One (English).mp3
Los Angeles,The Midnight,2020 April,,,87%,Retro Dance & Pop-Rock,The Midnight - Los Angeles.mp3
Hed Kandi World Series- Paris,The One,Root,,,87%,Retro Dance & Pop-Rock,The One - Hed Kandi World Series- Paris.mp3
Can't Stop,The Red Hot Chili Peppers,Root,,,87%,Retro Dance & Pop-Rock,The Red Hot Chili Peppers-Can't Stop [myfreemp3.eu].mp3
Breakeven---with,The Script,Root,,,87%,Retro Dance & Pop-Rock,"The Script, Breakeven---with lyrics.mp3"
If You Ever Come Back,The Script,2017 March,,,87%,Retro Dance & Pop-Rock,The Script - If You Ever Come Back.mp3
The Man Who Can't Be Moved,The Script,Root,,,87%,Retro Dance & Pop-Rock,The Script- The Man Who Can't Be Moved ( lyrics ).mp3
Bitter Sweet Symphony,The Verve,Root,,,87%,Retro Dance & Pop-Rock,The Verve - Bitter Sweet Symphony.mp3
Miguel Migs,Those Things (Feat Lisa Shaw),Root,,,87%,Retro Dance & Pop-Rock,Those Things (Feat Lisa Shaw) - Miguel Migs.mp3
The Way I Are ft. Keri Hilson_ D.O.E._ Sebastian,Timbaland,Root,,,87%,Retro Dance & Pop-Rock,Timbaland - The Way I Are ft. Keri Hilson_ D.O.E._ Sebastian.mp3
Schiller feat. Jael,Tired,Root,,,87%,Buddha Bar Lounge,Tired - Schiller feat. Jael.mp3
Leva's Polka,Togafunk,2018 December,,,87%,Retro Dance & Pop-Rock,Togafunk - Leva's Polka [www.slider.kz].mp3
Who We Want To Be,Tom Day,2019 August,,,87%,Retro Dance & Pop-Rock,Tom Day - Who We Want To Be.mp3
Mary Jane's Last Dance,Tom Petty And The Heartbreakers,Root,,,87%,Retro Dance & Pop-Rock,Tom Petty And The Heartbreakers - Mary Jane's Last Dance.mp3
Always In Heaven When I'm With You,Tortured Soul,Root,,,87%,Retro Dance & Pop-Rock,Tortured Soul &quot;Always in Heaven When I'm With You&quot; at Java Jazz Festival 2006.mp3
Enjoy it now(Original),Tortured Soul,Root,,,87%,Retro Dance & Pop-Rock,Tortured Soul - Enjoy it now(Original).mp3
Fall In Love,Tortured Soul,Root,,,87%,Retro Dance & Pop-Rock,Tortured Soul Love Mp3 Download.MP3
Galaxia 2009 (Original mix),Treadstone,Root,,,87%,Retro Dance & Pop-Rock,Treadstone - Galaxia 2009 (Original mix) FULL HD.mp3
Criminal ( Song),Tum Mile Dil Khile,Root,,,87%,Retro Dance & Pop-Rock,Tum Mile Dil Khile - Criminal (1080p HD Song).mp3
Kevin Lyttle,Turn Me On,Root,,,87%,Retro Dance & Pop-Rock,Turn Me On - Kevin Lyttle.mp3
Track 8 - Godot - The Fragrance of Dark Coffee,Turnabout Jazz Soul,Root,,,87%,Retro Dance & Pop-Rock,Turnabout Jazz Soul - Track 8 - Godot - The Fragrance of Dark Coffee.mp3
After Touch (Original Mix]),Tuxedo,2020 April,,,87%,Retro Dance & Pop-Rock,Tuxedo - After Touch (Original Mix].mp3
Do It,Tuxedo,Root,,,87%,Retro Dance & Pop-Rock,Tuxedo-Do It (www.myfreemp3x.com).mp3
Aja Maji,Ustad Sultan Khan,Root,,,87%,Buddha Bar Lounge,06 - Ustad Sultan Khan - Aja Maji.mp3
Sanctuary,Utada Hikaru,Root,,,87%,Retro Dance & Pop-Rock,sanctuary song.mp3
A Thousand Miles,Vanessa Carlton,Root,,,87%,Retro Dance & Pop-Rock,Vanessa Carlton - A Thousand Miles.mp3
Closing Tiles From Mutiny on the Bounty,Vangelis,2018 September,,,87%,Retro Dance & Pop-Rock,04 - Vangelis - Closing Tiles From Mutiny on the Bounty.mp3
Cops,Vanic X K.Flay,2019 August,,,87%,Retro Dance & Pop-Rock,Vanic X K.Flay - Cops.mp3
01 Bboom Bboom,Various Artists,2018 June,,,87%,Retro Dance & Pop-Rock,1-01 Bboom Bboom.mp3
[Eng sub] Kasaneteku Winning in a singles mixer ! Japanese commercial,Various Artists,2018 June,,,87%,Retro Dance & Pop-Rock,[Eng sub] Kasaneteku  Winning in a singles mixer !  Japanese commercial.mp3
A gift of Love,Various Artists,2016 November,,,87%,Retro Dance & Pop-Rock,A gift of Love.mp3
afgo-judia-original-mix-gringos,Various Artists,2016 June,,,87%,Retro Dance & Pop-Rock,afgo-judia-original-mix-gringos[mp3freex].mp3
ajab-zindagi-by-shiamak-davar,Various Artists,2016 June,,,87%,Retro Dance & Pop-Rock,ajab-zindagi-by-shiamak-davar.mp3
All That Matters (The Almighty Mix),Various Artists,2020 June,,,87%,Retro Dance & Pop-Rock,24 - All That Matters (The Almighty Mix).mp3
all-saints-all-hooked-up,Various Artists,2016 June,,,87%,Retro Dance & Pop-Rock,all-saints-all-hooked-up[mp3freex].mp3
attiyo-movin-on,Various Artists,2016 June,,,87%,Retro Dance & Pop-Rock,attiyo-movin-on[mp3freex].mp3
Best Dance Music #1,Various Artists,Root,,,87%,Retro Dance & Pop-Rock,Best Dance music #1.mp3
Best Female Vocal Drum and Bass Mix,Various Artists,2019 August,,,87%,Retro Dance & Pop-Rock,Best Female Vocal Drum and Bass Mix.mp3
Best of illenium A Chill & Melodic Dubstep Mix 2017,Various Artists,2019 August,,,87%,Retro Dance & Pop-Rock,Best of illenium   A Chill & Melodic Dubstep Mix 2017.mp3
C'mon N' Ride It (The Train) [Dance Remix],Various Artists,2020 June,,,87%,Retro Dance & Pop-Rock,02 - C'mon N' Ride It (The Train) [Dance Remix].mp3
c-p-metal-heart-einsauszwei-edit,Various Artists,2016 June,,,87%,Retro Dance & Pop-Rock,c-p-metal-heart-einsauszwei-edit[mp3freex].mp3
centimeters-per-second-ost-end-theme,Various Artists,2016 June,,,87%,Retro Dance & Pop-Rock,5-centimeters-per-second-ost-end-theme[mp3freex].mp3
chris-madem-agarina-original-mix,Various Artists,2016 June,,,87%,Retro Dance & Pop-Rock,chris-madem-agarina-original-mix[mp3freex].mp3
Clubhopping (Legacy of Sound Remix),Various Artists,2020 June,,,87%,Retro Dance & Pop-Rock,26 - Clubhopping (Legacy of Sound Remix).mp3
Earth Groove,Various Artists,2020 July,,,87%,Retro Dance & Pop-Rock,01 - Earth Groove.mp3
Earth Groove (Extended Mix),Various Artists,2020 July,,,87%,Retro Dance & Pop-Rock,02 - Earth Groove (Extended Mix).mp3
Falling Down (Alex Cruz & No One 32 Radio Edit),Various Artists,2020 July,,,87%,Retro Dance & Pop-Rock,02 - Falling Down (Alex Cruz & No One 32 Radio Edit).mp3
Falling Down (Alex Cruz & No One 32 Remix),Various Artists,2020 July,,,87%,Retro Dance & Pop-Rock,04 - Falling Down (Alex Cruz & No One 32 Remix).mp3
Falling Down (Extended Mix),Various Artists,2020 July,,,87%,Retro Dance & Pop-Rock,03 - Falling Down (Extended Mix).mp3
Falling Down (Notte Remix),Various Artists,2020 July,,,87%,Retro Dance & Pop-Rock,05 - Falling Down (Notte Remix).mp3
Falling Down (Radio Edit),Various Artists,2020 July,,,87%,Retro Dance & Pop-Rock,01 - Falling Down (Radio Edit).mp3
"Giabaker's Cam, Photos, Videos & Live Webcam Chat on Cam4",Various Artists,2016 June,,,87%,Retro Dance & Pop-Rock,"Giabaker's Cam, Photos, Videos & Live Webcam Chat on Cam4.MP3"
Give Me Back Your Love (808 Remix),Various Artists,2020 June,,,87%,Retro Dance & Pop-Rock,01 - Give Me Back Your Love (808 Remix).mp3
golden-dreams-pretty-stranger-vocal-mix,Various Artists,2016 June,,,87%,Retro Dance & Pop-Rock,golden-dreams-pretty-stranger-vocal-mix[mp3freex].mp3
Good Lover,Various Artists,2020 June,,,87%,Retro Dance & Pop-Rock,14 - Good Lover.mp3
Got a Love for You,Various Artists,2020 June,,,87%,Retro Dance & Pop-Rock,07 - Got a Love for You.mp3
Hua Hain Aaj Pehli Baar,Various Artists,2017 November,,,87%,Retro Dance & Pop-Rock,Hua Hain Aaj Pehli Baar @ IndiaMp3.Com.mp3
I Belong to You (12_ Extended Mix),Various Artists,2020 June,,,87%,Retro Dance & Pop-Rock,21 - I Belong to You (12_ Extended Mix).mp3
I Write You a Love Song (12_ Remix),Various Artists,2020 June,,,87%,Retro Dance & Pop-Rock,25 - I Write You a Love Song (12_ Remix).mp3
I'm Alive (Tin Tin Out Radio Mix),Various Artists,2020 June,,,87%,Retro Dance & Pop-Rock,22 - I'm Alive (Tin Tin Out Radio Mix).mp3
Informer,Various Artists,2020 June,,,87%,Retro Dance & Pop-Rock,20 - Informer.mp3
inxs-need-you-tonight-michael-hutchence-1987,Various Artists,2016 November,,,87%,Retro Dance & Pop-Rock,inxs-need-you-tonight-michael-hutchence-1987[mp3freex].mp3
Jeene Laga Hoon,Various Artists,2017 November,,,87%,Retro Dance & Pop-Rock,Jeene Laga Hoon @ IndiaMp3.Com.mp3
koala-vs-filatov-amp-karas-imagine-puronen-unofficial-video-touch,Various Artists,2016 November,,,87%,Retro Dance & Pop-Rock,koala-vs-filatov-amp-karas-imagine-puronen-unofficial-video-touch[mp3freex].mp3
LaLaLa Techno Dance,Various Artists,Root,,,87%,Retro Dance & Pop-Rock,LaLaLa Techno Dance.mp3
Let Me Show You (1994 Klassic Mix),Various Artists,2020 June,,,87%,Retro Dance & Pop-Rock,03 - Let Me Show You (1994 Klassic Mix).mp3
Luv 4 Luv,Various Artists,2020 June,,,87%,Retro Dance & Pop-Rock,Various Artists - Luv 4 Luv.mp3
Magic Ball (12_ Version),Various Artists,2020 June,,,87%,Retro Dance & Pop-Rock,18 - Magic Ball (12_ Version).mp3
marius-drescher-helpless-original-mix,Various Artists,2016 June,,,87%,Retro Dance & Pop-Rock,marius-drescher-helpless-original-mix[mp3freex].mp3
mark-tarmonea-adam-amp-eva-original-mix,Various Artists,2016 June,,,87%,Retro Dance & Pop-Rock,mark-tarmonea-adam-amp-eva-original-mix[mp3freex].mp3
me-amp-my-toothbrush-marble-radio-mix,Various Artists,2016 June,,,87%,Retro Dance & Pop-Rock,me-amp-my-toothbrush-marble-radio-mix[mp3freex].mp3
mojiito-into-the-blue-original-mix,Various Artists,2016 June,,,87%,Retro Dance & Pop-Rock,mojiito-into-the-blue-original-mix[mp3freex].mp3
Music Selector Is the Soul Reflector (Remix),Various Artists,2020 June,,,87%,Retro Dance & Pop-Rock,16 - Music Selector Is the Soul Reflector (Remix).mp3
No One Can Love You More Than Me,Various Artists,2020 June,,,87%,Retro Dance & Pop-Rock,11 - No One Can Love You More Than Me.mp3
nuru-kane-goree-afgo-edit,Various Artists,2016 June,,,87%,Retro Dance & Pop-Rock,nuru-kane-goree-afgo-edit[mp3freex].mp3
Off the Hook (Kenlou Mix),Various Artists,2020 June,,,87%,Retro Dance & Pop-Rock,17 - Off the Hook (Kenlou Mix).mp3
one-republik-counting-stars-original,Various Artists,2016 November,,,87%,Retro Dance & Pop-Rock,one-republik-counting-stars-original[mp3freex].mp3
Opening Titles From Mutiny On The Bounty,Various Artists,2018 September,,,87%,Retro Dance & Pop-Rock,10. Opening Titles From Mutiny On The Bounty.mp3
pascal-junior-love-trouble-original-mix,Various Artists,2016 June,,,87%,Retro Dance & Pop-Rock,pascal-junior-love-trouble-original-mix[mp3freex].mp3
pascal-junior-overdose-original-mix,Various Artists,2016 June,,,87%,Retro Dance & Pop-Rock,pascal-junior-overdose-original-mix[mp3freex].mp3
Play (Part 2),Various Artists,Root,,,87%,Retro Dance & Pop-Rock,play_2.MP3
Play (Part 3),Various Artists,Root,,,87%,Retro Dance & Pop-Rock,play_3.MP3
Play (Part 4),Various Artists,Root,,,87%,Retro Dance & Pop-Rock,play_4.MP3
Play (Part 5),Various Artists,Root,,,87%,Retro Dance & Pop-Rock,play_5.MP3
radistai-on-road,Various Artists,2016 June,,,87%,Retro Dance & Pop-Rock,radistai-on-road-official[mp3freex].mp3
Return of the Mack (Joe T. Vannelli Light Radio Edit),Various Artists,2020 June,,,87%,Retro Dance & Pop-Rock,12 - Return of the Mack (Joe T. Vannelli Light Radio Edit).mp3
rita-ora-i-will-never-let-you-down-lulleaux-remix,Various Artists,2016 June,,,87%,Retro Dance & Pop-Rock,rita-ora-i-will-never-let-you-down-lulleaux-remix[mp3freex].mp3
sam-roberts-band-we-re-all-in-this-together,Various Artists,2016 June,,,87%,Retro Dance & Pop-Rock,sam-roberts-band-we-re-all-in-this-together[mp3freex].mp3
Samurai ☯ Japanese Lofi HipHop Mix,Various Artists,2019 August,,,87%,Retro Dance & Pop-Rock,Samurai ☯ Japanese Lofi HipHop Mix.mp3
savage-garden-to-the-moon-and-back-afgo-cover-edit,Various Artists,2016 November,,,87%,Retro Dance & Pop-Rock,savage-garden-to-the-moon-and-back-afgo-cover-edit[mp3freex].mp3
sevenhills-i-ve-been-thinking-original-mix,Various Artists,2016 June,,,87%,Retro Dance & Pop-Rock,sevenhills-i-ve-been-thinking-original-mix[mp3freex].mp3
shamur-let-the-music-play-original-vocal-mix,Various Artists,2016 June,,,87%,Retro Dance & Pop-Rock,shamur-let-the-music-play-original-vocal-mix--[mp3freex].mp3
shift-k3y-i-know,Various Artists,2016 November,,,87%,Retro Dance & Pop-Rock,shift-k3y-i-know[mp3freex].mp3
sia-vs-madilyn-bailey-chandelier-ellin-spring-edit,Various Artists,2016 June,,,87%,Retro Dance & Pop-Rock,sia-vs-madilyn-bailey-chandelier-ellin-spring-edit[mp3freex].mp3
Skin On Skin (Oakenfold & Osborne 12_ Mix),Various Artists,2020 June,,,87%,Retro Dance & Pop-Rock,19 - Skin On Skin (Oakenfold & Osborne 12_ Mix).mp3
solitude-buddha-bar,Various Artists,2016 November,,,87%,Buddha Bar Lounge,solitude-buddha-bar[mp3freex].mp3
Stranger,Various Artists,2020 June,,,87%,Retro Dance & Pop-Rock,27 - Stranger.mp3
Summer Dress,Various Artists,2018 June,,,87%,Retro Dance & Pop-Rock,02 Summer Dress.mp3
Take Me to the Groove,Various Artists,2020 June,,,87%,Retro Dance & Pop-Rock,08 - Take Me to the Groove.mp3
tenmon-想い出は遠くの日々-memories-are-distant-days,Various Artists,2016 June,,,87%,Retro Dance & Pop-Rock,tenmon-想い出は遠くの日々-memories-are-distant-days[mp3freex].mp3
Thank You (Kenlou Horn Mix),Various Artists,2020 June,,,87%,Retro Dance & Pop-Rock,09 - Thank You (Kenlou Horn Mix).mp3
The Only One (Original Mix),Various Artists,2020 July,,,87%,Retro Dance & Pop-Rock,01 - The Only One (Original Mix).mp3
The Only One (Radio Mix),Various Artists,2020 July,,,87%,Retro Dance & Pop-Rock,02 - The Only One (Radio Mix).mp3
the-magician-feat-years-amp-years-fdm-sunlight-max-liese-remix-free,Various Artists,2016 June,,,87%,Retro Dance & Pop-Rock,the-magician-feat-years-amp-years-fdm-sunlight-max-liese-remix-free[mp3freex].mp3
Theme from Gutbuster (Junior Cartier Remix),Various Artists,2020 June,,,87%,Retro Dance & Pop-Rock,13 - Theme from Gutbuster (Junior Cartier Remix).mp3
Theme of Chun-Li -SFIV Arrange,Various Artists,2018 June,,,87%,Retro Dance & Pop-Rock,67-Theme of Chun-Li -SFIV Arrange-.mp3
Tomorrow (Ware Mix),Various Artists,2020 June,,,87%,Retro Dance & Pop-Rock,05 - Tomorrow (Warehouse Mix).mp3
Touch (Extended Remix),Various Artists,2020 June,,,87%,Retro Dance & Pop-Rock,23 - Touch (Extended Remix).mp3
Track 10,Various Artists,Root,,,87%,Retro Dance & Pop-Rock,10.mp3
Tune,Various Artists,Root,,,87%,Retro Dance & Pop-Rock,Tune.mp3
two-ft-kaya-angel-suprafive-remix,Various Artists,2016 November,,,87%,Retro Dance & Pop-Rock,two-ft-kaya-angel-suprafive-remix[mp3freex].mp3
Vintage Culture,Various Artists,2018 May,,,87%,Retro Dance & Pop-Rock,Vintage Culture.mp3
Visa_kill_15,Various Artists,2017 March,,,87%,Retro Dance & Pop-Rock,Visa_kill_15.mp3
waze-amp-odyssey-vs-r-kelly-bump-amp-grind-2014,Various Artists,2016 November,,,87%,Retro Dance & Pop-Rock,waze-amp-odyssey-vs-r-kelly-bump-amp-grind-2014[mp3freex].mp3
waze-odyssey-vs-r-kelly-bump-grind-2014-extended-edit,Various Artists,2016 November,,,87%,Retro Dance & Pop-Rock,waze-odyssey-vs-r-kelly-bump-grind-2014-extended-edit[mp3freex].mp3
You Don't Have to Worry (Club Remix),Various Artists,2020 June,,,87%,Retro Dance & Pop-Rock,15 - You Don't Have to Worry (Club Remix).mp3
yuki-no-youni-yume-no-youni,Various Artists,2017 November,,,87%,Retro Dance & Pop-Rock,23-yuki-no-youni-yume-no-youni.mp3
yves-larock-rise-up-original-radio,Various Artists,2016 November,,,87%,Retro Dance & Pop-Rock,yves-larock-rise-up-original-radio[mp3freex].mp3
【みうめ・メイリア・217】桃源恋歌 Tougen Renka 中日文歌詞,Various Artists,2018 June,,,87%,Retro Dance & Pop-Rock,【みうめ・メイリア・217】桃源恋歌 Tougen Renka 中日文歌詞.mp3
Stay Strong,Venemy & BH,2019 August,,,87%,Retro Dance & Pop-Rock,Venemy & BH - Stay Strong.mp3
48 Hours,Vengaboys,2018 September,,,87%,Retro Dance & Pop-Rock,Vengaboys - 48 Hours  [www.sly.kz].mp3
Shalala Lala,Vengaboys,Root,,,87%,Retro Dance & Pop-Rock,shalala vengaboys lycris.mp3
In The Navy,Village People,Root,,,87%,Retro Dance & Pop-Rock,In the NAVY!!.mp3
One Night in Bangkok,Vinyl Shakerz,Root,,,87%,Retro Dance & Pop-Rock,Vinyl Shakerz - One Night in Bangkok.mp3
Yes Maam (All Night Long) (Trentemoller Remix),Visti _ Meyland,Root,,,87%,Retro Dance & Pop-Rock,Visti _ Meyland - Yes Maam (All Night Long) (Trentemoller Remix).mp3
Miss U,Wax Hero Meets Prisl,Root,,,87%,Retro Dance & Pop-Rock,Wax Hero Meets Prisl - Miss U.mp3
Vybe Dub) [Remix],Whatever (Tuff Jam's Unda),2020 June,,,87%,Retro Dance & Pop-Rock,28 - Whatever (Tuff Jam's Unda-Vybe Dub) [Remix].mp3
Japanese & Progressive Mix,Whispers Wonder,Root,,,87%,Retro Dance & Pop-Rock,Whispers Wonder - Japanese Trance & Progressive Mix.mp3
Remix,Why is the Rum Gone,Root,,,87%,Retro Dance & Pop-Rock,Why is the Rum Gone_ - Remix.mp3
Wolves Cry,Wildstylez & D-Block & S-Te-Fan,2019 August,,,87%,Retro Dance & Pop-Rock,22  Wildstylez & D-Block & S-Te-Fan - Wolves Cry.mp3
Scream and Shout,Will I Am ft Britney Spears,Root,,,87%,Retro Dance & Pop-Rock,Will I Am ft Britney Spears -Scream and Shout.mp3
Get Jiggy Wit It,Will Smith,Root,,,87%,Retro Dance & Pop-Rock,Will Smith- Get Jiggy Wit It.mp3
Miami,Will Smith,Root,,,87%,Retro Dance & Pop-Rock,Will Smith Miami lyrics.mp3
Kiss The Rain (Full Version),Yiruma,Root,,,87%,Buddha Bar Lounge,Yiruma - Kiss The Rain (Full Version).mp3
Moonlight,Yiruma,Root,,,87%,Buddha Bar Lounge,Yiruma - Moonlight.mp3
The Fox (What Does The Fox Say?),Ylvis,Root,,,87%,Retro Dance & Pop-Rock,What Does The Fox Say Mp3 Download_2.MP3
Lullabies (Adventure Club Remix),Yuna,2019 August,,,87%,Retro Dance & Pop-Rock,Yuna - Lullabies (Adventure Club Remix).mp3
Lifetimes,Zhao Jiping,2020 July,,,87%,Retro Dance & Pop-Rock,Zhao Jiping - Lifetimes.mp3
Sharp Dressed Man,ZZ Top,Root,,,87%,Retro Dance & Pop-Rock,ZZ Top-Sharp Dressed Man Lyrics.mp3
Oceans apart day after day And I slowly go insane I hear your voice on the line But it doesn't stop the pain If I see you next to never How can we say forever W,♪ Richard Marks-ღ I'll Be Right Here Waiting for you♥,Root,,,87%,Retro Dance & Pop-Rock,♪ Richard Marks-ღ I'll Be Right Here Waiting for you♥ - Oceans apart day after day And I slowly go insane I hear your voice on the line But it doesn't stop the pain If I see you next to never How can we say forever W.MP3
Synthwave - Retrowave Mix ],ＳＰＡＣＥ ＴＲＩＰ [ Chillwave],2019 August,,,87%,Retro Dance & Pop-Rock,ＳＰＡＣＥ ＴＲＩＰ [ Chillwave - Synthwave - Retrowave Mix ].mp3
Watching You 0.30 (Z5.30),!!!!Lisitsyn feat. Stepanov,Deep 2019,,,84%,Sunset Deep House,!!!!Lisitsyn feat. Stepanov - Watching You 0.30  (Z5.30).mp3
Needy Girl (Earstrip Woo2tech Remix) DV _0.30 (Z4.47),!!!Chromeo,Deep 2019,,,84%,Sunset Deep House,!!!Chromeo - Needy Girl (Earstrip  Woo2tech Remix) DV _0.30 (Z4.47).mp3
Lonely One (Anton Ishutin Remix),"!K! Chris Willis, Crazibiza",Deep 2019,,,84%,Sunset Deep House,"!K! Chris Willis, Crazibiza - Lonely One (Anton Ishutin Remix) www.music4you.hu.mp3"
feat. Seveneverâ€“ I Don't Want (Original Mix),!Lisitsyn & Misha Klein,Deep 2019,,,84%,Sunset Deep House,!Lisitsyn & Misha Klein feat Seveneverâ€“ I Don't Want (Original Mix).mp3
Stronger (Original Mix),!Misha Klein & Lisitsyn feat. SevenEver,Deep 2019,,,84%,Sunset Deep House,!Misha Klein & Lisitsyn feat. SevenEver - Stronger (Original Mix).mp3
Getting Lost (Sinistro Remix),"!Misha Klein, Lisitsyn feat Alateya",Deep 2019,,,84%,Sunset Deep House,"!Misha Klein, Lisitsyn feat Alateya - Getting Lost (Sinistro Remix).mp3"
Calvin Harris & Disciples - How Deep Is Your Love,(01),Deep 2019,,,84%,Sunset Deep House,(01) - Calvin Harris & Disciples - How Deep Is Your Love.mp3
Sade - Somebody Already Broke My Heart [Olej Edit],(2015),Deep 2019,,,84%,Sunset Deep House,(2015) - Sade - Somebody Already Broke My Heart [Olej Edit].mp3
Searching (Geonis & Mier) 2016 DeepH (120 Amaj),(NuDisco) Deep Sound Effect,Deep 2019,,,84%,Sunset Deep House,(NuDisco) Deep Sound Effect - Searching (Geonis & Mier) 2016 DeepH (120 Amaj).mp3
Want Your Love (Olej) 2016 NuDisco (120 Fmin),(NuDisco) Geonis & Mier,Deep 2019,,,84%,Sunset Deep House,(NuDisco) Geonis & Mier - Want Your Love (Olej) 2016 NuDisco (120 Fmin).mp3
Want Your Love (Original) 2016 (120 Fmin),(NuDisco) Geonis & Mier,Deep 2019,,,84%,Sunset Deep House,(NuDisco) Geonis & Mier - Want Your Love (Original) 2016 (120 Fmin).mp3
Fade Away (Kovary Remix),) Dayne S,Deep 2019,,,84%,Sunset Deep House,(deep ) Dayne S - Fade Away (Kovary Remix).mp3
RISE AGAIN - scott wozniak remix,+ 06-DJ ROLAND CLARK feat. ROBIN S,Deep 2019,,,84%,Sunset Deep House,+ 06-DJ ROLAND CLARK feat. ROBIN S - RISE AGAIN -  scott wozniak remix.mp3
Beautiful Moment (Original Floor Mix),+++ 102. Hideo Kobayashi Feat. Christa,Deep 2019,,,84%,Sunset Deep House,+++ 102. Hideo Kobayashi Feat. Christa - Beautiful Moment (Original Floor Mix).mp3
Kissing Your Shadow (MBNN),00000111_Neteta,Deep 2019,,,84%,Sunset Deep House,00000111_Neteta - Kissing Your Shadow (MBNN.mp3
Im Gonna Fly (Original Mi),00000E59_Juloboy,Deep 2019,,,84%,Sunset Deep House,00000E59_Juloboy - Im Gonna Fly (Original Mi.mp3
Open Up Your Heart (Origi),00000E5A_Juloboy,Deep 2019,,,84%,Sunset Deep House,00000E5A_Juloboy - Open Up Your Heart (Origi.mp3
I Need To Know (Anton Ish),00000F6D_Juloboy,Deep 2019,,,84%,Sunset Deep House,00000F6D_Juloboy - I Need To Know (Anton Ish.mp3
reflection_(pete_bellis_remix),5prite,Deep 2019,,,84%,Sunset Deep House,03-5prite-reflection_(pete_bellis_remix).mp3
Close You Rise (Original Mix),Abriviatura IV,Deep 2019,,,84%,Sunset Deep House,01. Abriviatura IV - Close You Rise (Original Mix).mp3
Cruel Summer (Mr.Nu & Deepjack Remix),Ace of Base,Deep 2019,,,84%,Sunset Deep House,02. Ace of Base - Cruel Summer (Mr.Nu & Deepjack Remix).mp3
Hydro,Addex,Deep 2019,,,84%,Sunset Deep House,01 - Addex - Hydro.mp3
Hydro (original mix),Addex,Deep 2019,,,84%,Sunset Deep House,01. Addex - Hydro (original mix).mp3
Only Dust Remains (original mix),Addex,Deep 2019,,,84%,Sunset Deep House,03. Addex - Only Dust Remains (original mix).mp3
rumble_in_the_bronx_(ilias_katelanos_remix),addex,Deep 2019,,,84%,Sunset Deep House,02-addex-rumble_in_the_bronx_(ilias_katelanos_remix).mp3
rumble_in_the_bronx_(original_mix),addex,Deep 2019,,,84%,Sunset Deep House,01-addex-rumble_in_the_bronx_(original_mix).mp3
Take Me (original mix),Addex,Deep 2019,,,84%,Sunset Deep House,02. Addex - Take Me (original mix).mp3
Timewarp Creation (Original Mix),Addex,Deep 2019,,,84%,Sunset Deep House,02. Addex - Timewarp Creation (Original Mix).mp3
like a record (original mix),addex & blissphemy,Deep 2019,,,84%,Sunset Deep House,01 - addex & blissphemy - like a record (original mix).mp3
Chocolate (Ben Delay Main Remix),"Africanism, Olivia de Lanzac",Deep 2019,,,84%,Sunset Deep House,"032.Africanism, Olivia de Lanzac - Chocolate (Ben Delay Main Remix).mp3"
Eyes of Love (Toly Braun Remix),"Akora, Mike Stil, Yam Nor, Toly Braun",Deep 2019,,,84%,Sunset Deep House,"029. Akora, Mike Stil, Yam Nor, Toly Braun - Eyes of Love (Toly Braun Remix).mp3"
In the Dark (Original Mix),Alex Harrington,Deep 2019,,,84%,Sunset Deep House,007.Alex Harrington - In the Dark (Original Mix).mp3
No Smoking,"Alexic Rod, Colombo",Sax House,,,84%,Sunset Deep House,"Alexic Rod, Colombo - No Smoking.mp3"
No Roots (Fly & Sasha Fashion Remix),Alice Merton,Deep 2019,,,84%,Sunset Deep House,008.Alice Merton - No Roots (Fly & Sasha Fashion Remix).mp3
Beautiful_Things_(Dapa_Deep_Remix),Andain,Deep 2019,,,84%,Sunset Deep House,01_Andain_-_Beautiful_Things_(Dapa_Deep_Remix).mp3
Phantom Highways - 06R Remix,Andre Bonsor,Deep 2019,,,84%,Sunset Deep House,02. Andre Bonsor - Phantom Highways - 06R Remix.mp3
Departure (Blood Groove & Kikis Remix),Andre Sobota,Progressive techno,,,84%,Sunset Deep House,Andre Sobota - Departure (Blood Groove & Kikis Remix).mp3
Save the World,"Andrey Exx, Goldhand",Deep 2019,,,84%,Sunset Deep House,"012. Andrey Exx, Goldhand - Save the World.mp3"
Everlasting Pictures (feat. Casey) (Ivan Spell Remix),Andrey Keyton Casey Irina Gi,Deep 2019,,,84%,Sunset Deep House,012. Andrey Keyton Casey Irina Gi - Everlasting Pictures (feat. Casey) (Ivan Spell Remix).mp3
I Want Your Soul (Kevin Karlson Remix),"Andrey Keyton, Sharapov feat. Tinaya",Deep 2019,,,84%,Sunset Deep House,"013.Andrey Keyton, Sharapov feat. Tinaya - I Want Your Soul (Kevin Karlson Remix).mp3"
Deal With Darlings (Original Mix),Angelo Draetta Ft Sanna Hartfield,Deep 2019,,,84%,Sunset Deep House,01-Angelo Draetta Ft Sanna Hartfield-Deal With Darlings (Original Mix).mp3
This Is Unreal (Vicent Ballester Remix),Angelo M. & David Manso feat. Brijow,Deep 2019,,,84%,Sunset Deep House,019. Angelo M. & David Manso feat. Brijow - This Is Unreal (Vicent Ballester Remix).mp3
Androfile (Original Mix),Anthony Mea,Deep 2019,,,84%,Sunset Deep House,03.Anthony Mea - Androfile (Original Mix).mp3
Broken (Original Mix),Anthony Mea,Deep 2019,,,84%,Sunset Deep House,01. Anthony Mea - Broken (Original Mix).mp3
I Can't Feel A Good Time (Original Mix),Anthony Mea,Deep 2019,,,84%,Sunset Deep House,03. Anthony Mea - I Can't Feel A Good Time (Original Mix).mp3
Someday (Original Mix),Anthony Mea,Deep 2019,,,84%,Sunset Deep House,02. Anthony Mea - Someday (Original Mix).mp3
My Home (ft. Jaze Knight - The Sax Mix),Anthony Romeno,Sax House,,,84%,Sunset Deep House,Anthony Romeno - My Home (ft. Jaze Knight - The Sax Mix).mp3
crimson_(original_mix),anthony_mea,Deep 2019,,,84%,Sunset Deep House,02-anthony_mea-crimson_(original_mix).mp3
lifetime_in_berlin_submantra_rmx,anthony_mea,Deep 2019,,,84%,Sunset Deep House,03-anthony_mea-lifetime_in_berlin_submantra_rmx.mp3
Bassmore (Original Mix),Anton Ishutin,Deep 2019,,,84%,Sunset Deep House,03. Anton Ishutin - Bassmore (Original Mix).mp3
Be My Lover (Melih Aydogan Remix),Anton Ishutin Feat. Note U,Deep 2019,,,84%,Sunset Deep House,024. Anton Ishutin Feat. Note U - Be My Lover (Melih Aydogan Remix).mp3
Good Day (Original Mix),Anton Liss & Andrew Rai,Deep 2019,,,84%,Sunset Deep House,031. Anton Liss & Andrew Rai - Good Day (Original Mix).mp3
Higher (Barkley Remix),Anton Liss & Andrew Rai feat. Philip Manning,Deep 2019,,,84%,Sunset Deep House,012.Anton Liss & Andrew Rai feat. Philip Manning - Higher  (Barkley Remix).mp3
Back In Time (Original Mix),Antony Miles,Deep 2019,,,84%,Sunset Deep House,01 - 02 - Antony Miles - Back In Time (Original Mix).mp3
Just Keep Your Head Up (Original Mix),Antony Miles,Deep 2019,,,84%,Sunset Deep House,01 - 01 - Antony Miles - Just Keep Your Head Up (Original Mix).mp3
The Love (Original Mix),Antony Miles,Deep 2019,,,84%,Sunset Deep House,01 - 02 - Antony Miles - The Love (Original Mix).mp3
Finders Keepers (Nubah Remix),Anturage & Amnesia Haze,Deep 2019,,,84%,Sunset Deep House,02.Anturage & Amnesia Haze - Finders Keepers (Nubah Remix).mp3
love again (original mix),anturage & sergey silvertone,Deep 2019,,,84%,Sunset Deep House,01.anturage & sergey silvertone - love again (original mix).mp3
try (fenomenon remix),arvid feat ernestos,Deep 2019,,,84%,Sunset Deep House,02 - arvid feat ernestos - try (fenomenon remix).mp3
Survive (Hugobeat Remix)&v,"AvA studio-Slipenberg, Skylee",Deep 2019,,,84%,Sunset Deep House,"00-AvA studio-Slipenberg, Skylee - Survive (Hugobeat Remix)&v.mp3"
Wake Me Up (EDX Miami Sunset Remix),Avicii,Top 100 Beatport - April 2014,,,84%,Sunset Deep House,86 - Avicii - Wake Me Up (EDX Miami Sunset Remix).mp3
Wake Me Up (EDX's Miami Sunset Remix),Avicii,Beatport Progressive House Top100 (February 14),,,84%,Sunset Deep House,Avicii - Wake Me Up (EDX's Miami Sunset Remix).mp3
Lights,Axero,Sax House,,,84%,Sunset Deep House,Axero - Lights.mp3
Uptown (Jay's Up! Dub),Aya,Deep 2019,,,84%,Sunset Deep House,02 - Aya - Uptown (Jay's Up! Dub).mp3
One Step Closer (ft. Diana Leah),Azzalto,Sax House,,,84%,Sunset Deep House,Azzalto - One Step Closer (ft. Diana Leah).mp3
fagan be without you (original mix),babylonia 5&dime feat. janine,Deep 2019,,,84%,Sunset Deep House,01 babylonia 5&dime feat. janine - fagan be without you (original mix).mp3
Sax,BackForth,Sax House,,,84%,Sunset Deep House,BackForth - Sax.mp3
Whats Your Name (Original Mix),Barbary feat. Adriana Lucia,Deep 2019,,,84%,Sunset Deep House,017.Barbary feat. Adriana Lucia  -  Whats Your Name  (Original Mix).mp3
feat. Josh Milan (veda vocal),BEAUTIFUL N'Dinga Gaba & Jaidene Veda,Deep 2019,,,84%,Sunset Deep House,02 BEAUTIFUL N'Dinga Gaba & Jaidene Veda ft Josh Milan (veda vocal).mp3
No Gun,Bedrud & Aneta Moran,Sax House,,,84%,Sunset Deep House,Bedrud & Aneta Moran  -  No Gun.mp3
The Boy Is Mine (Mark Lower Remix),Ben Delay Feat. Alexandra Prince,Deep 2019,,,84%,Sunset Deep House,004. Ben Delay Feat. Alexandra Prince - The Boy Is Mine (Mark Lower Remix).mp3
Friends Always (ft. Jocelyn Brown - Paolo Madzone Zampetti & Steve Paradise Dub),Ben Hur,Sax House,,,84%,Sunset Deep House,Ben Hur - Friends Always (ft. Jocelyn Brown - Paolo Madzone Zampetti & Steve Paradise Dub).mp3
Lone Cat,Ben Watt,Sax House,,,84%,Sunset Deep House,Ben Watt - Lone Cat.mp3
Won't Back Down (Boehm Remix),Benjamin Francis Leftwich,Indie,,,84%,Sunset Deep House,Benjamin Francis Leftwich-Won't Back Down (Boehm Remix) www.myfreemp3.re .mp3
7 Hours (ft. Veselina Popova - Love Mix),Blondee,Sax House,,,84%,Sunset Deep House,Blondee - 7 Hours (ft. Veselina Popova - Love Mix).mp3
Dusty,Blood Groove & Kikis,Deep 2019,,,84%,Sunset Deep House,01. Blood Groove & Kikis - Dusty.mp3
i_believe_in_you_(anthony_mea_remix),blood_groove_and_kikis,Deep 2019,,,84%,Sunset Deep House,03-blood_groove_and_kikis-i_believe_in_you_(anthony_mea_remix).mp3
The Place Of Safety (Saxaphone Mix),Boo Williams,Sax House,,,84%,Sunset Deep House,Boo Williams - The Place Of Safety (Saxaphone Mix).mp3
On My Own - Island Groove Remix,Boulevard,Deep 2019,,,84%,Sunset Deep House,004. Boulevard - On My Own - Island Groove Remix.mp3
African Sax,Brazo Wa Afrika,Sax House,,,84%,Sunset Deep House,Brazo Wa Afrika - African Sax.mp3
feat. Lisa Shaw,Breakdown,Deep 2019,,,84%,Sunset Deep House,03 Breakdown feat. Lisa Shaw.mp3
My Desire (ft. Ptea & Jimmy Sax - Brown Ice Remix),Brown Ice,Sax House,,,84%,Sunset Deep House,Brown Ice - My Desire (ft. Ptea & Jimmy Sax - Brown Ice Remix).mp3
Your Arms Are (Club Mix),Bruno Motta & Guzwoo feat. Nathan Brumley,Deep 2019,,,84%,Sunset Deep House,005.  Bruno Motta & Guzwoo feat. Nathan Brumley  -  Your Arms Are (Club Mix).mp3
Feels Like Dancing,Buba,Sax House,,,84%,Sunset Deep House,Buba - Feels Like Dancing.mp3
My Baby Walking (Matt Prehn Deep Rub),Cable Stealing Gypsies,Deep 2019,,,84%,Sunset Deep House,01. Cable Stealing Gypsies - My Baby Walking (Matt Prehn Deep Rub).mp3
Dancing On My Own (Tiesto Remix - Bruno Soares Sax Cover),Calum Scott,Sax House,,,84%,Sunset Deep House,Calum Scott - Dancing On My Own (Tiesto Remix - Bruno Soares Sax Cover).mp3
Touch Me (Peter Ellis Deep Disco Remix),Cathy Dennis,Deep 2019,,,84%,Sunset Deep House,031.Cathy Dennis - Touch Me (Peter Ellis Deep Disco Remix).mp3
On My Mind (ft. Tone Two),Chadash Cort,Sax House,,,84%,Sunset Deep House,Chadash Cort - On My Mind (ft. Tone Two).mp3
Slow Down (VetLove & Mike Drozdov Remix),Chadash Cort & ALP3R feat. Morena,Deep 2019,,,84%,Sunset Deep House,028.Chadash Cort & ALP3R feat. Morena - Slow Down (VetLove & Mike Drozdov Remix).mp3
Shame On You (Kenny Summit's Tribute To Phife Mix),"Chaka Kenn, Kenny Summit",Sax House,,,84%,Sunset Deep House,"Chaka Kenn, Kenny Summit - Shame On You (Kenny Summit's Tribute To Phife Mix).mp3"
Aicha (Marcapasos Remix),Cheb Khaled,Sax House,,,84%,Sunset Deep House,Cheb Khaled - Aicha (Marcapasos Remix).mp3
curious_mind_(tom_conrad_and_andre_bonsor_remix),citizen_42_and_philthy_chit,Deep 2019,,,84%,Sunset Deep House,03-citizen_42_and_philthy_chit-curious_mind_(tom_conrad_and_andre_bonsor_remix).mp3
No Eyes (ft. Jaw - Gamper & Dadoni Remix),Claptone,Sax House,,,84%,Sunset Deep House,Claptone - No Eyes (ft. Jaw - Gamper & Dadoni Remix).mp3
Vox,Cocolores,Sax House,,,84%,Sunset Deep House,Cocolores - Vox.mp3
Heart Of Gold,Congaman,Sax House,,,84%,Sunset Deep House,Congaman - Heart Of Gold.mp3
never_really_comes_for_free,constantinne_and_felten,Deep 2019,,,84%,Sunset Deep House,02-constantinne_and_felten-never_really_comes_for_free.mp3
sometimes,constantinne_and_felten,Deep 2019,,,84%,Sunset Deep House,01-constantinne_and_felten-sometimes.mp3
when doves cry (original mix),"cosmo klein, ynot",Deep 2019,,,84%,Sunset Deep House,"024. cosmo klein, ynot - when doves cry (original mix).mp3"
King Of My Castle (Tom Collins Club Mix),Cristian Poow ft Dessy Slavova,Deep 2019,,,84%,Sunset Deep House,(House) Cristian Poow ft Dessy Slavova - King Of My Castle (Tom Collins Club Mix).mp3
Keep It Down (Toucan Remix),Cucumbers,Deep 2019,,,84%,Sunset Deep House,03-Cucumbers-Keep It Down (Toucan Remix).mp3
Leaving You Original Mix,Cucumbers,Deep 2019,,,84%,Sunset Deep House,024. Cucumbers - Leaving You Original Mix.mp3
orbital_(original_mix),cucumbers,Deep 2019,,,84%,Sunset Deep House,01-cucumbers_-_orbital_(original_mix).mp3
Shoot From The Heart (Hideo Kobayashi Remix),D-Reflection feat. Christa,Deep 2019,,,84%,Sunset Deep House,02. D-Reflection feat. Christa - Shoot From The Heart (Hideo Kobayashi Remix).mp3
Kop Hadi Benden (Original Mix) (Original Mix),Damla Y¬Òld¬Òz Feat. Melih Aydogan,Deep 2019,,,84%,Sunset Deep House,027. Damla Y¬Òld¬Òz Feat. Melih Aydogan - Kop Hadi Benden (Original Mix) (Original Mix).mp3
Joy & Happiness,Daniel Steinberg,Sax House,,,84%,Sunset Deep House,Daniel Steinberg - Joy & Happiness.mp3
You Won't (Ashibah & Notize Remix),Dapa Deep,Deep 2019,,,84%,Sunset Deep House,025. Dapa Deep - You Won't (Ashibah & Notize Remix).mp3
Down_to_Me_Andruss_Remix,David_Manso,Deep 2019,,,84%,Sunset Deep House,02_David_Manso_-_Down_to_Me_Andruss_Remix.mp3
feat. S.Y.F. (Jaymo & And),Dawn,Deep 2019,,,84%,Sunset Deep House,02 Dawn feat. S.Y.F. (Jaymo & And.mp3
Checked life (blood groove & kikis remix),Deep Active Sound,Deep 2019,,,84%,Sunset Deep House,02 Deep Active Sound - Checked life (blood groove & kikis remix).mp3
Good Mood (Original Mix),Deep Active Sound,Deep 2019,,,84%,Sunset Deep House,03 - Deep Active Sound - Good Mood (Original Mix).mp3
Pia,Deep Active Sound,Deep 2019,,,84%,Sunset Deep House,01. Deep Active Sound - Pia.mp3
Pia (Fer Ferrari Remix),Deep Active Sound,Deep 2019,,,84%,Sunset Deep House,02. Deep Active Sound - Pia (Fer Ferrari Remix).mp3
Crush (Mahmut Orhan Remix),"Deeperise, Anything But Monday",Deep 2019,,,84%,Sunset Deep House,"019. Deeperise, Anything But Monday - Crush (Mahmut Orhan Remix).mp3"
Broken Heart (Crack D remix),Denis K and Andrey Kravtsov,Deep 2019,,,84%,Sunset Deep House,02. Denis K and Andrey Kravtsov - Broken Heart (Crack D remix).mp3
Broken Heart (La Rose remix),Denis K and Andrey Kravtsov,Deep 2019,,,84%,Sunset Deep House,03. Denis K and Andrey Kravtsov - Broken Heart (La Rose remix).mp3
Broken Heart (original mix),Denis K and Andrey Kravtsov,Deep 2019,,,84%,Sunset Deep House,01. Denis K and Andrey Kravtsov - Broken Heart (original mix).mp3
Sometimes (Dim Chris Remix),Dim Chris Feat. Amanda Wilson,Deep 2019,,,84%,Sunset Deep House,02-Dim Chris Feat. Amanda Wilson - Sometimes (Dim Chris Remix).mp3
Fich So Saxy,DJ Apt One,Sax House,,,84%,Sunset Deep House,DJ Apt One -  Fich So Saxy.mp3
I See You (Touch The Sound Remix),Dj Aristocrat & Paula P'Cay,Deep 2019,,,84%,Sunset Deep House,029. Dj Aristocrat & Paula P'Cay - I See You (Touch The Sound Remix).mp3
Fantasy (Original Mix),DJ Aristocrat &amp; Dave Baron,Deep 2019,,,84%,Sunset Deep House,020.DJ Aristocrat &amp; Dave Baron - Fantasy (Original Mix).mp3
Emanate Light (Original Mix),DJ Aristocrat Feat. Demiana,Deep 2019,,,84%,Sunset Deep House,033. DJ Aristocrat Feat. Demiana - Emanate Light (Original Mix).mp3
I Belive In Love (Marc Moosbrugger Remix),"DJ Aristocrat, Eva Bristol",Deep 2019,,,84%,Sunset Deep House,"01. DJ Aristocrat, Eva Bristol - I Belive In Love (Marc Moosbrugger Remix).mp3"
Moment of Silence,DJ Clizo,Sax House,,,84%,Sunset Deep House,DJ Clizo - Moment of Silence.mp3
Let Me Live (Spiritchaser Drum Tool),DJ Dealer & Rashaan Houston,Deep 2019,,,84%,Sunset Deep House,02-DJ Dealer & Rashaan Houston-Let Me Live (Spiritchaser Drum Tool).mp3
"One Night, Last Night (ft. Lady Zamar)",DJ Fortee,Sax House,,,84%,Sunset Deep House,"DJ Fortee - One Night, Last Night (ft. Lady Zamar).mp3"
Ainowa,Dj Juri,Deep 2019,,,84%,Sunset Deep House,018. Dj Juri - Ainowa.mp3
Black Again,"DJ Roland Clark, Tonya Green",Sax House,,,84%,Sunset Deep House,"DJ Roland Clark, Tonya Green - Black Again.mp3"
Sex On Sax,"DJ Smilk, Dave Bo",Sax House,,,84%,Sunset Deep House,"DJ Smilk, Dave Bo - Sex On Sax.mp3"
Ivan Deyanov,Do You Ever Wonder (Feat. Diva Vocal),Deep 2019,,,84%,Sunset Deep House,03. Do You Ever Wonder (Feat. Diva Vocal) - Ivan Deyanov.mp3
before_the_mess_(karol_xvii_and_mb_valence_remix),dzeta_n_basile,Deep 2019,,,84%,Sunset Deep House,03-dzeta_n_basile-before_the_mess_(karol_xvii_and_mb_valence_remix) - www.electrouniverse.net.mp3
Szeplo (Arston Remix),EDX,Beatport Progressive House Top100 (February 14),,,84%,Sunset Deep House,EDX - Szeplo (Arston Remix).mp3
Warrior (Hailing Jordan Remix),EDX feat. Tamra Keenan,Top 100 Beatport - April 2014,,,84%,Sunset Deep House,41 - EDX feat. Tamra Keenan - Warrior (Hailing Jordan Remix).mp3
Warrior (Hailing Jordan Remix),EDX ft. Tamra Keenan,Beatport Progressive House Top100 (February 14),,,84%,Sunset Deep House,EDX ft. Tamra Keenan - Warrior (Hailing Jordan Remix).mp3
adventure,Ehrling,ehrling,,,84%,Sunset Deep House,adventure.mp3
all i need,Ehrling,ehrling,,,84%,Sunset Deep House,all i need.mp3
best friend,Ehrling,ehrling,,,84%,Sunset Deep House,best friend.mp3
breeze,Ehrling,ehrling,,,84%,Sunset Deep House,breeze.mp3
champagne ocean,Ehrling,ehrling,,,84%,Sunset Deep House,champagne ocean.mp3
chasing palm trees,Ehrling,ehrling,,,84%,Sunset Deep House,chasing palm trees.mp3
clouds,Ehrling,ehrling,,,84%,Sunset Deep House,clouds.mp3
dance with me,Ehrling,ehrling,,,84%,Sunset Deep House,dance with me.mp3
heart,Ehrling,ehrling,,,84%,Sunset Deep House,heart.mp3
i feel good,Ehrling,ehrling,,,84%,Sunset Deep House,i feel good.mp3
lakans,Ehrling,ehrling,,,84%,Sunset Deep House,lakans.mp3
lounge,Ehrling,ehrling,,,84%,Sunset Deep House,lounge.mp3
memories,Ehrling,ehrling,,,84%,Sunset Deep House,memories.mp3
mood,Ehrling,ehrling,,,84%,Sunset Deep House,mood.mp3
no worries,Ehrling,ehrling,,,84%,Sunset Deep House,no worries.mp3
ocean,Ehrling,ehrling,,,84%,Sunset Deep House,ocean.mp3
palm trees,Ehrling,ehrling,,,84%,Sunset Deep House,palm trees.mp3
play with you,Ehrling,ehrling,,,84%,Sunset Deep House,play with you.mp3
questions,Ehrling,ehrling,,,84%,Sunset Deep House,questions.mp3
road trip,Ehrling,ehrling,,,84%,Sunset Deep House,road trip.mp3
sax,Ehrling,ehrling,,,84%,Sunset Deep House,sax.mp3
sax education,Ehrling,ehrling,,,84%,Sunset Deep House,sax education.mp3
sommar,Ehrling,ehrling,,,84%,Sunset Deep House,sommar.mp3
stay forever,Ehrling,ehrling,,,84%,Sunset Deep House,stay forever.mp3
sthlm sunset,Ehrling,ehrling,,,84%,Sunset Deep House,sthlm sunset.mp3
take me away,Ehrling,ehrling,,,84%,Sunset Deep House,take me away.mp3
tease,Ehrling,ehrling,,,84%,Sunset Deep House,tease.mp3
Tequila,Ehrling,Sax House,,,84%,Sunset Deep House,Ehrling - Tequila.mp3
the world,Ehrling,ehrling,,,84%,Sunset Deep House,the world.mp3
this is my passion,Ehrling,ehrling,,,84%,Sunset Deep House,this is my passion.mp3
typhoon,Ehrling,ehrling,,,84%,Sunset Deep House,typhoon.mp3
with you [128.kbps],Ehrling,ehrling,,,84%,Sunset Deep House,with you [128.kbps].mp3
x-rated,Ehrling,ehrling,,,84%,Sunset Deep House,x-rated.mp3
you & me,Ehrling,ehrling,,,84%,Sunset Deep House,you & me.mp3
Burn [Gryffin Remix] [SM],Ellie Goulding,Indie,,,84%,Sunset Deep House,Ellie Goulding-Burn [Gryffin Remix] [SM] www.myfreemp3.re .mp3
lonely heart (original mix),enki nyxx,Deep 2019,,,84%,Sunset Deep House,012. enki nyxx - lonely heart (original mix).mp3
Limitless (Original Mix),Eric Kupper,Deep 2019,,,84%,Sunset Deep House,02.  Eric Kupper - Limitless (Original Mix).mp3
deflection_of_mind_(original_mix),escadia,Deep 2019,,,84%,Sunset Deep House,01-escadia_-_deflection_of_mind_(original_mix).mp3
feat. Diva Vocal (To Feel Good),Everybody's Free,Deep 2019,,,84%,Sunset Deep House,01 Everybody's Free feat. Diva Vocal (To Feel Good).mp3
Saints & Sinners (Ilias Katelanos Remix),Evren Ulusoy,Deep 2019,,,84%,Sunset Deep House,02.Evren Ulusoy - Saints & Sinners (Ilias Katelanos Remix).mp3
sad_summer_(original_mix),evren_ulusoy,Deep 2019,,,84%,Sunset Deep House,01-evren_ulusoy-sad_summer_(original_mix).mp3
Happy Endings,Faul,Sax House,,,84%,Sunset Deep House,Faul - Happy Endings.mp3
Sommer Am Meer (Bunched Remix),Felix Jaehn,Sax House,,,84%,Sunset Deep House,Felix Jaehn - Sommer Am Meer (Bunched Remix).mp3
Isla,Felon,Sax House,,,84%,Sunset Deep House,Felon - Isla.mp3
Isla (Sebastian Carter Remix),Felon,Sax House,,,84%,Sunset Deep House,Felon - Isla (Sebastian Carter Remix).mp3
Pong,Florencio Cruz,Sax House,,,84%,Sunset Deep House,Florencio Cruz - Pong.mp3
By Your Side (Original Mix),Fly & Sasha Fashion,Deep 2019,,,84%,Sunset Deep House,027.  Fly & Sasha Fashion  -  By Your Side (Original Mix).mp3
got my self (original mix),fly & sasha fashion,Deep 2019,,,84%,Sunset Deep House,028. fly & sasha fashion - got my self (original mix).mp3
Lady (Original mix),Fly & Sasha Fashion,Deep 2019,,,84%,Sunset Deep House,033.Fly & Sasha Fashion - Lady  (Original mix).mp3
Play ЁEGood Girl (Original Mix),Fly & Sasha Fashion,Deep 2019,,,84%,Sunset Deep House,030. Fly & Sasha Fashion - Play ЁEGood Girl (Original Mix).mp3
Where Are You Go (Original Mix),Fly & Sasha Fashion,Deep 2019,,,84%,Sunset Deep House,028.  Fly & Sasha Fashion  -  Where Are You Go (Original Mix).mp3
believe,fred everything feat. kathy diamond,Deep 2019,,,84%,Sunset Deep House,017. fred everything feat. kathy diamond - believe.mp3
feat. Roisin Murphy – Leviathan (Brad Rock ABCDEEP Free Remix),Freeform Five,Deep 2019,,,84%,Sunset Deep House,02 Freeform Five feat. Roisin Murphy – Leviathan (Brad Rock ABCDEEP Free Remix).mp3
Dont Wanna Love You,Freejak,Deep 2019,,,84%,Sunset Deep House,028. Freejak - Dont Wanna Love You.mp3
Lovin U (Mark Lower Remix),Frey,Deep 2019,,,84%,Sunset Deep House,024.Frey - Lovin U (Mark Lower Remix).mp3
Melodie fuer Millionen,Funkwerkstatt,Deep 2019,,,84%,Sunset Deep House,02 - Funkwerkstatt - Melodie fuer Millionen.mp3
Island in the Sun (ft. Conor Byrne),Gamper & Dadoni,Sax House,,,84%,Sunset Deep House,Gamper & Dadoni - Island in the Sun (ft. Conor Byrne).mp3
Just Smile (ft. Milow),GAMPER & DADONI,Sax House,,,84%,Sunset Deep House,GAMPER & DADONI - Just Smile (ft. Milow).mp3
Oxas,"GAMPER & DADONI, De Hofnar",Sax House,,,84%,Sunset Deep House,"GAMPER & DADONI, De Hofnar - Oxas.mp3"
Caravella,Gavinco,Sax House,,,84%,Sunset Deep House,Gavinco - Caravella.mp3
Jazz mind (deephope remix),George Horn,Deep 2019,,,84%,Sunset Deep House,03 George Horn - Jazz mind (deephope remix).mp3
last night a dj saved my life (original mix),giacca & flores,Deep 2019,,,84%,Sunset Deep House,011. giacca & flores - last night a dj saved my life (original mix).mp3
in_the_heat_(miguel_migs_salted_dub),global_mind,Deep 2019,,,84%,Sunset Deep House,03-global_mind-in_the_heat_(miguel_migs_salted_dub).mp3
Cucumbers,Good Night LA (Anturage Remix),Deep 2019,,,84%,Sunset Deep House,01. Good Night LA (Anturage Remix) - Cucumbers.mp3
I Know You (Moe Turk Remix),"Gosha, Anton Ishutin, Dessy Slavova",Deep 2019,,,84%,Sunset Deep House,"024. Gosha, Anton Ishutin, Dessy Slavova - I Know You (Moe Turk Remix).mp3"
Feelin' So High (Andrey Kravtsov Remix),Greenfish,Deep 2019,,,84%,Sunset Deep House,018. Greenfish - Feelin' So High (Andrey Kravtsov Remix).mp3
Jaidene Veda & Undergroundvibe,Healing (Veda Vocal Mix) [feat. Pete Morris],Deep 2019,,,84%,Sunset Deep House,01. Healing (Veda Vocal Mix) [feat. Pete Morris] - Jaidene Veda & Undergroundvibe.mp3
feat. Casey (Mart 2015 Edit) [minimalfreaks.pw],Heart of Glass,Deep 2019,,,84%,Sunset Deep House,019. Heart of Glass feat. Casey (Mart 2015 Edit) [minimalfreaks.pw].mp3
As I See feat. Bip (Original Mix),HNQO,Deep 2019,,,84%,Sunset Deep House,035 HNQO - As I See feat. Bip (Original Mix).mp3
i'm into this (andre crom & martin dawson remix),homework,Deep 2019,,,84%,Sunset Deep House,01 homework - i'm into this (andre crom & martin dawson remix).mp3
The Way I See It,Homework feat. Bea Anubis,Deep 2019,,,84%,Sunset Deep House,031.Homework feat. Bea Anubis - The Way I See It.mp3
Ain't No Love (Hott 22 Sax Dub),Hott 22 Feat Octavia,Best Of House 16,,,84%,Sunset Deep House,Hott 22 Feat Octavia - Ain't No Love (Hott 22 Sax Dub).mp3
We Are Society,Hudson Passos,Sax House,,,84%,Sunset Deep House,Hudson Passos - We Are Society.mp3
"The Good, The Bad & The Crazy [Ivan Spell & Daniel Magre Club Mix]",Imany,Deep 2019,,,84%,Sunset Deep House,"008. Imany - The Good, The Bad & The Crazy [Ivan Spell & Daniel Magre Club Mix].mp3"
Hold You (Millok Remix),"Inner Rebels, Liva K",Deep 2019,,,84%,Sunset Deep House,"019.Inner Rebels, Liva K - Hold You (Millok Remix).mp3"
no_way_back__jay_lumen_remix,ivan_spell,Deep 2019,,,84%,Sunset Deep House,007-ivan_spell-no_way_back__jay_lumen_remix.mp3
Youth (Alex Hook Remix),Jako Diaz,Deep 2019,,,84%,Sunset Deep House,001. Jako Diaz - Youth (Alex Hook Remix).mp3
Oslo,Jako_Diaz,Deep 2019,,,84%,Sunset Deep House,02_Jako_Diaz_-_Oslo.mp3
do_that_thing_(original_mix),james_dexter,Deep 2019,,,84%,Sunset Deep House,02-james_dexter-do_that_thing_(original_mix).mp3
Dbm - 123.0,james_dexter-alright,Deep 2019,,,84%,Sunset Deep House,03-james_dexter-alright - Dbm - 123.0.mp3
Illusion (Original Mix),Javier Penna & Cristian Poow,Deep 2019,,,84%,Sunset Deep House,012. Javier Penna & Cristian Poow - Illusion (Original Mix).mp3
just_be_good_to_me_(original_mix),jay_frog_and_jerome_robins_feat._alexandra_prince,Deep 2019,,,84%,Sunset Deep House,01-jay_frog_and_jerome_robins_feat._alexandra_prince-just_be_good_to_me_(original_mix).mp3
got_me_insane_(alternative_mix),jay_west_and_manuel_sahagun,Deep 2019,,,84%,Sunset Deep House,02-jay_west_and_manuel_sahagun-got_me_insane_(alternative_mix).mp3
Follow Me,Jerico,Sax House,,,84%,Sunset Deep House,Jerico - Follow Me.mp3
Kiss My Sax,Jimmy Sax,Sax House,,,84%,Sunset Deep House,Jimmy Sax - Kiss My Sax.mp3
No Man No Cry,Jimmy Sax,Sax House,,,84%,Sunset Deep House,Jimmy Sax - No Man No Cry.mp3
No Man No Cry (Alex Colle Edit),Jimmy Sax,Sax House,,,84%,Sunset Deep House,Jimmy Sax - No Man No Cry (Alex Colle Edit).mp3
No Man No Cry (Elio Foglia Boot Remix),Jimmy Sax,Sax House,,,84%,Sunset Deep House,Jimmy Sax - No Man No Cry (Elio Foglia Boot Remix).mp3
No Man No Cry (Lisio Remix),Jimmy Sax,Sax House,,,84%,Sunset Deep House,Jimmy Sax - No Man No Cry (Lisio Remix).mp3
Oye Como Va (Record),Jimmy Sax,Sax House,,,84%,Sunset Deep House,Jimmy Sax - Oye Como Va (Record).mp3
Parga (Niccolò Boggia Remix),Jimmy Sax,Sax House,,,84%,Sunset Deep House,Jimmy Sax - Parga (Niccolò Boggia Remix).mp3
Parga (Oriental sax live),Jimmy Sax,Sax House,,,84%,Sunset Deep House,Jimmy Sax - Parga (Oriental sax live).mp3
Praise you (Tenor Rework),Jimmy Sax,Sax House,,,84%,Sunset Deep House,Jimmy Sax - Praise you (Tenor Rework).mp3
Time,Jimmy Sax,Sax House,,,84%,Sunset Deep House,Jimmy Sax - Time.mp3
Got a feeling (Bontan remix pleasurekraft edit),Josh butler,Deep 2019,,,84%,Sunset Deep House,01 - Josh butler - Got a feeling (Bontan remix pleasurekraft edit).mp3
Rise Like The Sun,Josh Wave,Sax House,,,84%,Sunset Deep House,Josh Wave - Rise Like The Sun.mp3
a_pebble_for_your_thoughts__original_mix,julien_mier,Deep 2019,,,84%,Sunset Deep House,01-julien_mier-a_pebble_for_your_thoughts__original_mix.mp3
The One,Just Matte,Deep 2019,,,84%,Sunset Deep House,027. Just Matte - The One.mp3
Melodic Groove,"K-One, Mojere, Saxo T",Sax House,,,84%,Sunset Deep House,"K-One, Mojere, Saxo T - Melodic Groove.mp3"
snatches_(original_mix),karol_xvii_and_mb_valence,Deep 2019,,,84%,Sunset Deep House,03-karol_xvii_and_mb_valence-snatches_(original_mix).mp3
i lost my way (vocal mix),katrin souza feat. lena grig,Deep 2019,,,84%,Sunset Deep House,01.katrin souza feat. lena grig - i lost my way (vocal mix).mp3
Feels Good (Emmaculate Remix),"Kelly G., Emmaculate",Sax House,,,84%,Sunset Deep House,"Kelly G., Emmaculate - Feels Good (Emmaculate Remix).mp3"
Hini Me,Kojo Antwi,Sax House,,,84%,Sunset Deep House,Kojo Antwi - Hini Me.mp3
Missing (The Beatangers & Boogie Vice Rmx),Kovary,Deep 2019,,,84%,Sunset Deep House,017.Kovary - Missing (The Beatangers & Boogie Vice Rmx).mp3
Everytime (Deepjack & Mr.Nu Remix),"Le Alen, Thousand Fingers",Deep 2019,,,84%,Sunset Deep House,"02. Le Alen, Thousand Fingers - Everytime (Deepjack & Mr.Nu Remix).mp3"
NY Shuffle (Kreature Remix),Lee M Kelsall,Sax House,,,84%,Sunset Deep House,Lee M Kelsall - NY Shuffle (Kreature Remix).mp3
your_embrace_(sivesgaard_remix),lessovsky,Deep 2019,,,84%,Sunset Deep House,02-lessovsky-your_embrace_(sivesgaard_remix).mp3
Gone Tomorrow (Me & My Toothbrush Remix),Lika Morgan,Deep 2019,,,84%,Sunset Deep House,01. Lika Morgan - Gone Tomorrow (Me & My Toothbrush Remix).mp3
faded (original mix),lil'm,Deep 2019,,,84%,Sunset Deep House,003. lil'm - faded (original mix).mp3
All Night High (Miguel Migs Salted Dub Deluxe),Lisa Shaw,Deep 2019,,,84%,Sunset Deep House,02-Lisa Shaw - All Night High (Miguel Migs Salted Dub Deluxe).mp3
free_(deep_phreeze_dub),lisa_shaw,Deep 2019,,,84%,Sunset Deep House,02-lisa_shaw-free_(deep_phreeze_dub).mp3
free_(deep_phreeze_phunk),lisa_shaw,Deep 2019,,,84%,Sunset Deep House,01-lisa_shaw-free_(deep_phreeze_phunk).mp3
sunglasses_at_night_(misha_klein_remix),lissat_and_voltaxx,Deep 2019,,,84%,Sunset Deep House,02-lissat_and_voltaxx_-_sunglasses_at_night_(misha_klein_remix).mp3
Matt Samuels,Love Begins (feat. Joel Edwards) [Karol XVII & MB Valence Remix],Deep 2019,,,84%,Sunset Deep House,03. Love Begins (feat. Joel Edwards) [Karol XVII & MB Valence Remix] - Matt Samuels.mp3
Sax Pleasure (ft. Tiziano Di Sansa),Luca Lala,Sax House,,,84%,Sunset Deep House,Luca Lala - Sax Pleasure (ft. Tiziano Di Sansa).mp3
Same Love (De Hofnar Bootleg) (1),Macklemore ft. Ed Sheeran,Indie,,,84%,Sunset Deep House,Macklemore ft. Ed Sheeran-Same Love (De Hofnar Bootleg) www.myfreemp3.re  (1).mp3
I Can't Fight This Feeling (Antony Miles Mix),Maison All Stars,Deep 2019,,,84%,Sunset Deep House,01 - 03 - Maison All Stars - I Can't Fight This Feeling (Antony Miles Mix).mp3
Marco Grandi - Friday Night (Anthony Mea 'So Far Away' Remix),Marco Grandi,Deep 2019,,,84%,Sunset Deep House,02.Marco Grandi - Marco Grandi - Friday Night (Anthony Mea 'So Far Away' Remix).mp3
Sparks (Justin Imperiale Remix),Marlon D,Sax House,,,84%,Sunset Deep House,Marlon D - Sparks (Justin Imperiale Remix).mp3
Chemical Attraction (Original Mix),Matt Prehn,Deep 2019,,,84%,Sunset Deep House,01-Matt Prehn-Chemical Attraction (Original Mix).mp3
Chemical Attraction feat. Moodtrap (Moodtrap Remix),Matt Prehn,Deep 2019,,,84%,Sunset Deep House,02-Matt Prehn-Chemical Attraction feat. Moodtrap (Moodtrap Remix).mp3
absolom_(feat._marcia_alves),matt_prehn,Deep 2019,,,84%,Sunset Deep House,01-matt_prehn-absolom_(feat._marcia_alves).mp3
taking_it_back_(evren_ulusoy_remix),matt_prehn_feat._dene_theron,Deep 2019,,,84%,Sunset Deep House,02-matt_prehn_feat._dene_theron-taking_it_back_(evren_ulusoy_remix).mp3
taking_it_back_(original_mix),matt_prehn_feat._dene_theron,Deep 2019,,,84%,Sunset Deep House,01-matt_prehn_feat._dene_theron-taking_it_back_(original_mix).mp3
monica_(original),matt_prehn_feat._lasdiva_soulice,Deep 2019,,,84%,Sunset Deep House,01-matt_prehn_feat._lasdiva_soulice-monica_(original).mp3
Shine (Original Mix),MATVEY EMERSON & ALEX HOOK FEAT. GOSHA,Deep 2019,,,84%,Sunset Deep House,03. MATVEY EMERSON & ALEX HOOK FEAT. GOSHA - Shine (Original Mix).mp3
Paradise (Anton Ishutin Remix) LoveStyle Records PROMO,Matvey Emerson & Alex Hook ft. Rene,Deep 2019,,,84%,Sunset Deep House,02. Matvey Emerson & Alex Hook ft. Rene - Paradise (Anton Ishutin Remix) LoveStyle Records PROMO.mp3
All I Want Is You (Mark Lower Day Vision Remix),Matvey Emerson feat. Gosha,Deep 2019,,,84%,Sunset Deep House,02. Matvey Emerson feat. Gosha - All I Want Is You (Mark Lower Day Vision Remix).mp3
Alright (Anturage Remix),Matvey Emerson feat. Rene,Deep 2019,,,84%,Sunset Deep House,01-Matvey Emerson feat. Rene-Alright (Anturage Remix).mp3
Never Gonna Give It Up (Original Mix),"Max Lyazgin, Hugobeat",Deep 2019,,,84%,Sunset Deep House,"012. Max Lyazgin, Hugobeat - Never Gonna Give It Up (Original Mix).mp3"
Dance Like You Mean it,Max The Sax,Sax House,,,84%,Sunset Deep House,Max The Sax - Dance Like You Mean it.mp3
Behind the Mask,Micheal Jackson,Sax House,,,84%,Sunset Deep House,Micheal Jackson - Behind the Mask.mp3
breathe (aki bergen remix),milton jackson,Deep 2019,,,84%,Sunset Deep House,01 milton jackson - breathe (aki bergen remix).mp3
Edit),Ministry Of Love (Kevin Mckay 90s Re),Deep 2019,,,84%,Sunset Deep House,02_ Ministry Of Love (Kevin Mckay 90s Re-Edit).mp3
Toca Sax (Original Mix),Mirbeys &amp; Karim,Indie,,,84%,Sunset Deep House,Mirbeys &amp; Karim-Toca Sax (Original Mix) www.myfreemp3.re .mp3
on_the_inside_(tosel__and__hale_remix),motif,Deep 2019,,,84%,Sunset Deep House,02-motif-on_the_inside_(tosel__and__hale_remix).mp3
Waves (Robin Schulz Remix),Mr. Probz,Top 100 Beatport - April 2014,,,84%,Sunset Deep House,100 - Mr. Probz - Waves (Robin Schulz Remix).mp3
You're Not Alone(Fly & Leo Grand Edit 2015),Mr.Vaulin & Svet Feat. Barclay,Deep 2019,,,84%,Sunset Deep House,016. Mr.Vaulin & Svet Feat. Barclay - You're Not Alone(Fly & Leo Grand Edit 2015).mp3
Do It Now feat. Veselina Popova (Original Mix),"No Hopes, Veselina Popova, RoelBeat",Deep 2019,,,84%,Sunset Deep House,"03 No Hopes, Veselina Popova, RoelBeat - Do It Now feat. Veselina Popova (Original Mix).mp3"
Back Home (City Soul Project Remix),"Northeye, Frankin",Deep 2019,,,84%,Sunset Deep House,"006 Northeye, Frankin - Back Home (City Soul Project Remix).mp3"
Little Talks (Thomas Jack Remix)-Little Talks (Thomas Jack Remix),Of Monsters and Men,Indie,,,84%,Sunset Deep House,Of Monsters and Men - Little Talks (Thomas Jack Remix)-Little Talks (Thomas Jack Remix) www.myfreemp3.re .mp3
Feel It,Ollie S,Deep 2019,,,84%,Sunset Deep House,020. Ollie S. - Feel It.mp3
Friendships,Pascal Letoublon,Sax House,,,84%,Sunset Deep House,Pascal Letoublon - Friendships.mp3
Wonderland (Sax Mix),"Peter Gelderblom, Randy Colle",Sax House,,,84%,Sunset Deep House,"Peter Gelderblom, Randy Colle - Wonderland (Sax Mix).mp3"
Feel Alive (Deep Edit),Peter Sax,Sax House,,,84%,Sunset Deep House,Peter Sax - Feel Alive (Deep House Edit).mp3
Baby Come Back (Jimmy Sax Rework),Player,Sax House,,,84%,Sunset Deep House,Player - Baby Come Back (Jimmy Sax Rework).mp3
Flamingo (Markus Homm and Mihai Popoviciu Remix),Pysh,Deep 2019,,,84%,Sunset Deep House,007. Pysh - Flamingo (Markus Homm and Mihai Popoviciu Remix).mp3
lax [härligt piano],re,ehrling,,,84%,Sunset Deep House,re-lax [härligt piano].mp3
Blazed Temptation (Original Mix),"Re Dupre, Rod B",Deep 2019,,,84%,Sunset Deep House,"01. Re Dupre, Rod B. - Blazed Temptation (Original Mix).mp3"
Sunday,Redondo & Boris Way,Sax House,,,84%,Sunset Deep House,Redondo & Boris Way - Sunday.mp3
Sojourne (ft. Carson Freeman),Rezonate & Apollodor,Sax House,,,84%,Sunset Deep House,Rezonate & Apollodor - Sojourne (ft. Carson Freeman).mp3
Night fall (original mix),Riders,Deep 2019,,,84%,Sunset Deep House,02 HouseRiders - Night fall (original mix).mp3
still_water_(spiritchaser_remix),rocco_feat._khensy,Deep 2019,,,84%,Sunset Deep House,02-rocco_feat._khensy-still_water_(spiritchaser_remix).mp3
let_your_love_surround_me_(touchtalk_remix),rockerr,Deep 2019,,,84%,Sunset Deep House,02-rockerr-let_your_love_surround_me_(touchtalk_remix).mp3
Play It Down (Freydel & Ozaka Remix),Roland Nights,Deep 2019,,,84%,Sunset Deep House,01. Roland Nights - Play It Down (Freydel & Ozaka Remix).mp3
Play It Down (Original Mix),Roland Nights,Deep 2019,,,84%,Sunset Deep House,03. Roland Nights - Play It Down (Original Mix).mp3
Need You Here (Nikko Culture Remix),Roman Depthsound feat. Maria Estrella,Deep 2019,,,84%,Sunset Deep House,003.  Roman Depthsound feat. Maria Estrella  -  Need You Here (Nikko Culture Remix).mp3
enchanted_life,samantha_james,Deep 2019,,,84%,Sunset Deep House,02-samantha_james-enchanted_life.mp3
rise,samantha_james,Deep 2019,,,84%,Sunset Deep House,01-samantha_james-rise.mp3
Losing Myself (Original Mix),Sandy Dae,Deep 2019,,,84%,Sunset Deep House,017. Sandy Dae - Losing Myself (Original Mix).mp3
Up All Night (ft. Sean Bradford),Saxity,Sax House,,,84%,Sunset Deep House,Saxity - Up All Night (ft. Sean Bradford).mp3
Infinity 2014 (Instrumental Mix),Sean Finn feat. Saxisfaction,Beatport Progressive House Top100 (February 14),,,84%,Sunset Deep House,Sean Finn feat. Saxisfaction - Infinity 2014 (Instrumental Mix).mp3
Dream Of You (Re Dupre Remix),Search DiP,Deep 2019,,,84%,Sunset Deep House,02. Search DiP - Dream Of You (Re Dupre Remix).mp3
Sax,Sefox,Sax House,,,84%,Sunset Deep House,Sefox - House Sax.mp3
Close To You (Dim2Play & Techcrasher Remix),Selda,Deep 2019,,,84%,Sunset Deep House,018.  Selda - Close To You (Dim2Play & Techcrasher Remix).mp3
If You're Not In Love (Teenage Mutants & Lars Moston Remix),"Shimmer (NL), Gia Mellish, Shake Sofa",Deep 2019,,,84%,Sunset Deep House,"01 Shimmer (NL), Gia Mellish, Shake Sofa-If You're Not In Love (Teenage Mutants &  Lars Moston Remix).mp3"
Hope (Nora En Pure Remix),Sir Felix,Indie,,,84%,Sunset Deep House,Sir Felix-Hope (Nora En Pure Remix) www.myfreemp3.re .mp3
for me (original club mix),sonny fodera & doorly,Deep 2019,,,84%,Sunset Deep House,033.sonny fodera & doorly - for me (original club mix).mp3
fly_to_the_sun_(max_lyazgin_remix),sophia_chumburidze_and_d_compost_feat._yasmine_azaiez,Deep 2019,,,84%,Sunset Deep House,03-sophia_chumburidze_and_d_compost_feat._yasmine_azaiez-fly_to_the_sun_(max_lyazgin_remix).mp3
Edge Of The World (Dub Mix),Spiritchaser,Deep 2019,,,84%,Sunset Deep House,02 - Spiritchaser - Edge Of The World (Dub Mix).mp3
Yesterday's Gone (Club Mix),Spiritchaser,Deep 2019,,,84%,Sunset Deep House,01. Spiritchaser - Yesterday's Gone (Club Mix).mp3
Mother (Danijel Kostic Remix),Stage Rockers feat. Mick Fouse & Tiana Kruskic,Deep 2019,,,84%,Sunset Deep House,03 Stage Rockers feat. Mick Fouse & Tiana Kruskic - Mother (Danijel Kostic Remix).mp3
A Great Day To Fly A Kite,Stavroz,Sax House,,,84%,Sunset Deep House,Stavroz - A Great Day To Fly A Kite.mp3
The Finishing,Stavroz,Sax House,,,84%,Sunset Deep House,Stavroz - The Finishing.mp3
It's All Right (Eric Kupper Remix),Sterling Void,Deep 2019,,,84%,Sunset Deep House,009. Sterling Void - It's All Right (Eric Kupper Remix).mp3
Probably Me (Jimmy Sax Sample Rework),Sting,Sax House,,,84%,Sunset Deep House,Sting - Probably Me (Jimmy Sax Sample Rework).mp3
Look Right Through (Route 94 Remix),Storm Queen,Deep 2019,,,84%,Sunset Deep House,01.Storm Queen - Look Right Through (Route 94 Remix).mp3
Voices in My Mind,Studio15,Deep 2019,,,84%,Sunset Deep House,01 - Studio15 - Voices in My Mind.mp3
Is It Because Im Black (David August Live Rework),Syl Johnson,Sax House,,,84%,Sunset Deep House,Syl Johnson - Is It Because Im Black (David August Live Rework).mp3
Wait [Nacho Marco Remix],Terry Lee Brown Jr feat. Robert Manos,Deep 2019,,,84%,Sunset Deep House,01 Terry Lee Brown Jr feat. Robert Manos - Wait [Nacho Marco Remix].mp3
Innocent (Forteba Alternative Version),Terry Lee Brown Junior,Deep 2019,,,84%,Sunset Deep House,01. Terry Lee Brown Junior - Innocent (Forteba Alternative Version).mp3
Intercourse (Original Mix),The Distance & Riddick,Deep 2019,,,84%,Sunset Deep House,021. The Distance & Riddick -  Intercourse (Original Mix).mp3
holding_on__nacho_marco_remix,the_littlemen,Deep 2019,,,84%,Sunset Deep House,02-the_littlemen-holding_on__nacho_marco_remix.mp3
Symphony (Original Mix),Thomas Jack,Indie,,,84%,Sunset Deep House,Thomas Jack-Symphony (Original Mix) www.myfreemp3.re .mp3
Lightness (ft. Steve Bone),Tim Gartz,Sax House,,,84%,Sunset Deep House,Tim Gartz - Lightness (ft. Steve Bone).mp3
Leaving me again (Sebb Junior rmx),Todd Terry,Deep 2019,,,84%,Sunset Deep House,01.Todd Terry - Leaving me again (Sebb Junior rmx).mp3
Touch Me (Mario Chris Remix) [feat. Abigail Bailey]_[plixid.com],"Tom & Jerry, Tom Novy & Jerry Ropero",Deep 2019,,,84%,Sunset Deep House,"01. Tom & Jerry, Tom Novy & Jerry Ropero - Touch Me (Mario Chris Remix) [feat. Abigail Bailey]_[plixid.com].mp3"
So Happy (Satoshi Fumi Vocal Mix),Tom Conrad feat. Dawn Tallman,Deep 2019,,,84%,Sunset Deep House,03 - Tom Conrad feat. Dawn Tallman - So Happy (Satoshi Fumi Vocal Mix).mp3
feat. Meshell Ndegeocello,Tonight,Deep 2019,,,84%,Sunset Deep House,02 Tonight feat. Meshell Ndegeocello.mp3
can't keep rhythm drom a dancer (miguel migs deep dub),tortured soul,Deep 2019,,,84%,Sunset Deep House,03 - tortured soul - can't keep rhythm drom a dancer (miguel migs deep dub).mp3
Miles Away (Original Mix) 2014,Tosel & Hale,Deep 2019,,,84%,Sunset Deep House,01 Tosel & Hale - Miles Away (Original Mix) 2014.mp3
I Really Miss My Woman,"Twinny Tee, Ma V, Simphiwe",Sax House,,,84%,Sunset Deep House,"Twinny Tee, Ma V, Simphiwe - I Really Miss My Woman.mp3"
On Tha Floor (Hott 22 Saxxy Vocal Mix),Tyree Cooper,Best Of House 16,,,84%,Sunset Deep House,Tyree Cooper - On Tha Floor (Hott 22 Saxxy Vocal Mix).mp3
Desire (Kerri Chandler Brazilian Mix),Ultra Nate,Sax House,,,84%,Sunset Deep House,Ultra Nate - Desire (Kerri Chandler Brazilian Mix).mp3
Free (Javier penna Remix),Ultra Nate,Deep 2019,,,84%,Sunset Deep House,007. Ultra Nate - Free (Javier penna Remix).mp3
ludovico Einaudi (Jimmy Sax Impro Live),Una Mattina,Sax House,,,84%,Sunset Deep House,Una Mattina - ludovico Einaudi (Jimmy Sax Impro Live).mp3
Deep Is All You Need (Evren Ulusoy's Cosmic Deep Dub),und,Deep 2019,,,84%,Sunset Deep House,03 - Edmund - Deep Is All You Need (Evren Ulusoy's Cosmic Deep Dub).mp3
Gimme What You Got (Original Mix),und,Deep 2019,,,84%,Sunset Deep House,02. Edmund - Gimme What You Got (Original Mix).mp3
00000F81_Jako Diaz feat,Various Artists,Deep 2019,,,84%,Sunset Deep House,00000F81_Jako Diaz feat.mp3
"001 lissat & voltaxx, marc fishe",Various Artists,Deep 2019,,,84%,Sunset Deep House,"03 _001 lissat & voltaxx, marc fishe.mp3"
1Times1 (Soul Minority dub),Various Artists,Deep 2019,,,84%,Sunset Deep House,02 _1Times1 (Soul Minority dub).mp3
90's Stars (Soul Minority Deep M),Various Artists,Deep 2019,,,84%,Sunset Deep House,01 _90's Stars (Soul Minority Deep M.mp3
A Better World (Original Mix),Various Artists,Deep 2019,,,84%,Sunset Deep House,01 A Better World (Original Mix).mp3
aaIn The Waiting Line (A),Various Artists,Deep 2019,,,84%,Sunset Deep House,01 aaIn The Waiting Line (A.mp3
AARain (Speakeasy Remix),Various Artists,Deep 2019,,,84%,Sunset Deep House,02 AARain (Speakeasy Remix).mp3
AAWaiting for Your Love,Various Artists,Deep 2019,,,84%,Sunset Deep House,03 AAWaiting for Your Love .mp3
addex-the_cooler_(marvin_zeyss_remix)-wws,Various Artists,Deep 2019,,,84%,Sunset Deep House,03-addex-the_cooler_(marvin_zeyss_remix)-wws.mp3
addex_-_getting_away_from_this_(original_mix)-you,Various Artists,Deep 2019,,,84%,Sunset Deep House,02_addex_-_getting_away_from_this_(original_mix)-you.mp3
alex_hook_feat_akacia_-_let_go_(vocal_version)-zzzz,Various Artists,Deep 2019,,,84%,Sunset Deep House,01-alex_hook_feat_akacia_-_let_go_(vocal_version)-zzzz.mp3
alex_panchenco_elena_dia-want_to_be-309d4f64,Various Artists,Deep 2019,,,84%,Sunset Deep House,02-alex_panchenco_elena_dia-want_to_be-309d4f64.mp3
Always (Mig's Petalpusher Bump M),Various Artists,Deep 2019,,,84%,Sunset Deep House,03 Always (Mig's Petalpusher Bump M.mp3
Always There (Aki Bergen & Daniel Jaze Remix),Various Artists,Deep 2019,,,84%,Sunset Deep House,03 Always There (Aki Bergen & Daniel Jaze Remix).mp3
Amber Sky,Various Artists,Deep 2019,,,84%,Sunset Deep House,01 Amber Sky.mp3
Angel Love,Various Artists,Deep 2019,,,84%,Sunset Deep House,02 Angel Love.mp3
Angel Love Digital Singl,Various Artists,Deep 2019,,,84%,Sunset Deep House,03 Angel Love Digital Singl.mp3
Anthony Mea-Spin Your Heart (Original Mix)-Feelmusic.cc,Various Artists,Deep 2019,,,84%,Sunset Deep House,02-Anthony Mea-Spin Your Heart (Original Mix)-Feelmusic.cc.mp3
anthony_mea--odyssey_(original_mix)-dh,Various Artists,Deep 2019,,,84%,Sunset Deep House,01-anthony_mea--odyssey_(original_mix)-dh.mp3
anthony_mea--what_to_do-dh,Various Artists,Deep 2019,,,84%,Sunset Deep House,03-anthony_mea--what_to_do-dh.mp3
anthony_mea-good_times-emf,Various Artists,Deep 2019,,,84%,Sunset Deep House,01-anthony_mea-good_times-emf.mp3
anthony_mea-reality-emf,Various Artists,Deep 2019,,,84%,Sunset Deep House,03-anthony_mea-reality-emf.mp3
anthony_mea_-_dust-idc,Various Artists,Deep 2019,,,84%,Sunset Deep House,02_anthony_mea_-_dust-idc.mp3
anthony_mea_-_harder-idc,Various Artists,Deep 2019,,,84%,Sunset Deep House,01_anthony_mea_-_harder-idc.mp3
anturage-drowning_in_your_love_(original_mix)-you,Various Artists,Deep 2019,,,84%,Sunset Deep House,01-anturage-drowning_in_your_love_(original_mix)-you.mp3
Are You Ready For The Future (Revisited Dub),Various Artists,Deep 2019,,,84%,Sunset Deep House,03 Are You Ready For The Future (Revisited Dub).mp3
asymmetric_soul--diamonde_(est8_remix)-wus,Various Artists,Deep 2019,,,84%,Sunset Deep House,02-asymmetric_soul--diamonde_(est8_remix)-wus.mp3
Aytac Kart-Feel Me In (Gorkiz Remix)-electrobuzz.net,Various Artists,Deep 2019,,,84%,Sunset Deep House,01-Aytac Kart-Feel Me In (Gorkiz Remix)-electrobuzz.net.mp3
Back to You (Martin Roth Touch),Various Artists,Deep 2019,,,84%,Sunset Deep House,02 Back to You (Martin Roth Touch).mp3
Back Together (Tony Lionni Remix),Various Artists,Deep 2019,,,84%,Sunset Deep House,01 Back Together (Tony Lionni Remix).mp3
Behaving Badly (Nightriders Dub),Various Artists,Deep 2019,,,84%,Sunset Deep House,03 Behaving Badly (Nightriders Dub).mp3
Bird (Giom Remix),Various Artists,Deep 2019,,,84%,Sunset Deep House,01 Bird (Giom Remix).mp3
Body Language (Dub),Various Artists,Deep 2019,,,84%,Sunset Deep House,02 Body Language (Dub).mp3
Breakin' It Down (Jay's Blue Voca),Various Artists,Deep 2019,,,84%,Sunset Deep House,01 Breakin' It Down (Jay's Blue Voca.mp3
budai_and_vic-suntan_warriorz_(soul_minority_deep_mix)-ugp,Various Artists,Deep 2019,,,84%,Sunset Deep House,02-budai_and_vic-suntan_warriorz_(soul_minority_deep_mix)-ugp.mp3
Burnin' Up (Spiritchaser Club Remix),Various Artists,Deep 2019,,,84%,Sunset Deep House,02 - Burnin' Up (Spiritchaser Club Remix).mp3
Can't Get Through,Various Artists,Deep 2019,,,84%,Sunset Deep House,03 Can't Get Through.mp3
Can't U See (Original Mix),Various Artists,Deep 2019,,,84%,Sunset Deep House,02 Can't U See (Original Mix).mp3
Circles One,Various Artists,Deep 2019,,,84%,Sunset Deep House,01 Circles One.mp3
cristian_poow_feat_dessy_slavova_austins_groove_remix-king_of_my_castle_(austins_groove_remix)-b977bea7,Various Artists,Deep 2019,,,84%,Sunset Deep House,01-cristian_poow_feat_dessy_slavova_austins_groove_remix-king_of_my_castle_(austins_groove_remix)-b977bea7.mp3
cristian_poow_feat_dessy_slavova_bruno_motta_remix-king_of_my_castle_(bruno_motta_remix)-0f0451e6,Various Artists,Deep 2019,,,84%,Sunset Deep House,02-cristian_poow_feat_dessy_slavova_bruno_motta_remix-king_of_my_castle_(bruno_motta_remix)-0f0451e6.mp3
Dancing With Each Other (Original Mix),Various Artists,Deep 2019,,,84%,Sunset Deep House,02 Dancing With Each Other (Original Mix).mp3
danny daze matches-if this (original mix)-electrobuzz.net,Various Artists,Deep 2019,,,84%,Sunset Deep House,03-danny daze matches-if this (original mix)-electrobuzz.net.mp3
Deep Active Sound-Departure-electrobuzz.net,Various Artists,Deep 2019,,,84%,Sunset Deep House,01-Deep Active Sound-Departure-electrobuzz.net.mp3
Deep Active Sound-Got A Gun-electrobuzz.net,Various Artists,Deep 2019,,,84%,Sunset Deep House,03-Deep Active Sound-Got A Gun-electrobuzz.net.mp3
Deephope & Manos-Into My Life (Original Mix)-Feelmusic.cc,Various Artists,Deep 2019,,,84%,Sunset Deep House,01-Deephope & Manos-Into My Life (Original Mix)-Feelmusic.cc.mp3
Deephope & Manos-Into My Life (Zorz Post & Emme Remix)-Feelmusic.cc,Various Artists,Deep 2019,,,84%,Sunset Deep House,03-Deephope & Manos-Into My Life (Zorz Post & Emme Remix)-Feelmusic.cc.mp3
demarkus_lewis_-_i_can_feel_u__sebb_junior_remix-idc,Various Artists,Deep 2019,,,84%,Sunset Deep House,01_demarkus_lewis_-_i_can_feel_u__sebb_junior_remix-idc.mp3
demarkus_lewis_-_sway_away__original_mix-idc,Various Artists,Deep 2019,,,84%,Sunset Deep House,01_demarkus_lewis_-_sway_away__original_mix-idc.mp3
DIMMI – Dizzy,Various Artists,Sax House,,,84%,Sunset Deep House,DIMMI – Dizzy.mp3
discorocks_feat_april_raquel_-_wanted__mark_picchiotti_remix-idc,Various Artists,Deep 2019,,,84%,Sunset Deep House,02_discorocks_feat_april_raquel_-_wanted__mark_picchiotti_remix-idc.mp3
DJ Vartan Techcrasher & Syntheticsax Ft Elliot Chapman-Think Of You (Original Mix)-Essential.net,Various Artists,Deep 2019,,,84%,Sunset Deep House,01-DJ Vartan Techcrasher & Syntheticsax Ft Elliot Chapman-Think Of You (Original Mix)-Essentialhouse.net.mp3
dj_lora-fresh_heartbreak_feat._vula_(original_mix)-you,Various Artists,Deep 2019,,,84%,Sunset Deep House,01-dj_lora-fresh_heartbreak_feat._vula_(original_mix)-you.mp3
Do What You Feel (Steve Mill mix),Various Artists,Deep 2019,,,84%,Sunset Deep House,03 Do What You Feel (Steve Mill mix).mp3
Enchanted Life,Various Artists,Deep 2019,,,84%,Sunset Deep House,02 Enchanted Life.mp3
erin_leah_and_ndinga_gaba--rocker_(spiritchaser_remix)-dh,Various Artists,Deep 2019,,,84%,Sunset Deep House,03-erin_leah_and_ndinga_gaba--rocker_(spiritchaser_remix)-dh.mp3
escenda_cotry-same_as_before_(abriviatura_iv_and_tecksound_remix)-2d3712cd,Various Artists,Deep 2019,,,84%,Sunset Deep House,03-escenda_cotry-same_as_before_(abriviatura_iv_and_tecksound_remix)-2d3712cd.mp3
evren_ulusoy--histoire_damour_-_evren_ulusoy_unknown_pleasures_remix-dh,Various Artists,Deep 2019,,,84%,Sunset Deep House,02-evren_ulusoy--histoire_damour_-_evren_ulusoy_unknown_pleasures_remix-dh.mp3
evren_ulusoy--histoire_damour_-_original_mix-dh,Various Artists,Deep 2019,,,84%,Sunset Deep House,01-evren_ulusoy--histoire_damour_-_original_mix-dh.mp3
Feel Good (Andrey Kravtsov Remix),Various Artists,Deep 2019,,,84%,Sunset Deep House,02 Feel Good (Andrey Kravtsov Remix).mp3
Feel What You Know (Bob Sinclair),Various Artists,Deep 2019,,,84%,Sunset Deep House,03 Feel What You Know (Bob Sinclair.mp3
Finally (Tosel & Hale Remix),Various Artists,Deep 2019,,,84%,Sunset Deep House,01 Finally (Tosel & Hale Remix).mp3
frank_solano-beautiful_connection_(fred_everything_dub_mix)-emf,Various Artists,Deep 2019,,,84%,Sunset Deep House,02-frank_solano-beautiful_connection_(fred_everything_dub_mix)-emf.mp3
Got This Feeling (Deep Disco Dub),Various Artists,Deep 2019,,,84%,Sunset Deep House,02 Got This Feeling (Deep Disco Dub).mp3
Got This Feeling (Deep Disco Instrumental),Various Artists,Deep 2019,,,84%,Sunset Deep House,03 Got This Feeling (Deep Disco Instrumental).mp3
Got This Feeling (Deep Disco Version),Various Artists,Deep 2019,,,84%,Sunset Deep House,01 Got This Feeling (Deep Disco Version).mp3
Groove Cartell Samantha Mogwe-So Far Gone (Spiritchaser Dub)-Feelmusic.cc,Various Artists,Deep 2019,,,84%,Sunset Deep House,03-Groove Cartell Samantha Mogwe-So Far Gone (Spiritchaser Dub)-Feelmusic.cc.mp3
Here For You (Matvey Emerson Dub Remix),Various Artists,Deep 2019,,,84%,Sunset Deep House,00 Here For You (Matvey Emerson Dub Remix) [].mp3
Higher Place (Vintage Culture & Lazy Bear Remix) (Extended) (Clean),Various Artists,Deep 2019,,,84%,Sunset Deep House,01 Higher Place (Vintage Culture & Lazy Bear Remix) (Extended) (Clean).mp3
How To Move (Original Mix),Various Artists,Deep 2019,,,84%,Sunset Deep House,01 How To Move (Original Mix).mp3
I'll be over you Turn the page ( Island groove Remix ),Various Artists,Deep 2019,,,84%,Sunset Deep House,02 - I'll be over you  Turn the page ( Island groove Remix ).mp3
I'm Lonely (Laura Jones Remix),Various Artists,Deep 2019,,,84%,Sunset Deep House,02 I'm Lonely (Laura Jones Remix).mp3
In & Out (Original Mix),Various Artists,Deep 2019,,,84%,Sunset Deep House,03 In & Out (Original Mix).mp3
It's What You Got (Random Soul Vocal),Various Artists,Deep 2019,,,84%,Sunset Deep House,01 It's What You Got (Random Soul Vocal).mp3
ivan_deyanov_mark_mansion_diva_vocal-come_a_little_closer_(original_mix)-you,Various Artists,Deep 2019,,,84%,Sunset Deep House,01-ivan_deyanov_mark_mansion_diva_vocal-come_a_little_closer_(original_mix)-you.mp3
jaidene_veda-sunday_(jason_b_instrumental)-soulful,Various Artists,Deep 2019,,,84%,Sunset Deep House,03-jaidene_veda-sunday_(jason_b_instrumental)-soulful.mp3
jaidene_veda-sunday_(jason_b_remix)-soulful,Various Artists,Deep 2019,,,84%,Sunset Deep House,02-jaidene_veda-sunday_(jason_b_remix)-soulful.mp3
jaidene_veda-sunday_(osaze_original_mix)-soulful,Various Artists,Deep 2019,,,84%,Sunset Deep House,01-jaidene_veda-sunday_(osaze_original_mix)-soulful.mp3
james_dexter-only_you_(original_mix)-you,Various Artists,Deep 2019,,,84%,Sunset Deep House,01-james_dexter-only_you_(original_mix)-you.mp3
Jinzou (Manuel Tur Remix),Various Artists,Deep 2019,,,84%,Sunset Deep House,01 Jinzou (Manuel Tur Remix).mp3
johannes-my_heart_beat_(original_mix)-1cbfcf8b,Various Artists,Deep 2019,,,84%,Sunset Deep House,03-johannes-my_heart_beat_(original_mix)-1cbfcf8b.mp3
Just One Touch (The Mekanism Remix),Various Artists,Deep 2019,,,84%,Sunset Deep House,02 Just One Touch (The Mekanism Remix).mp3
karol_xvii_and_mb_valence--deep_beginning_(big_al_unreleased_edit)-dh,Various Artists,Deep 2019,,,84%,Sunset Deep House,03-karol_xvii_and_mb_valence--deep_beginning_(big_al_unreleased_edit)-dh.mp3
kitchens_inc--schweinsteiger_(demarkus_lewis_remix)-dh,Various Artists,Deep 2019,,,84%,Sunset Deep House,01-kitchens_inc--schweinsteiger_(demarkus_lewis_remix)-dh.mp3
kitchens_inc--seagulls_workshop_(matt_prehn_remix)-dh,Various Artists,Deep 2019,,,84%,Sunset Deep House,03-kitchens_inc--seagulls_workshop_(matt_prehn_remix)-dh.mp3
kriss_darang-check_me_out_feat_jo_jo_(no_artificial_colours_remix)-wws,Various Artists,Deep 2019,,,84%,Sunset Deep House,02-kriss_darang-check_me_out_feat_jo_jo_(no_artificial_colours_remix)-wws.mp3
Les Autres Moments (DJ Runo Remix),Various Artists,Deep 2019,,,84%,Sunset Deep House,03 Les Autres Moments (DJ Runo Remix).mp3
Let Me Tell You (Lou Van Remix),Various Artists,Deep 2019,,,84%,Sunset Deep House,03 Let Me Tell You (Lou Van Remix).mp3
Live Before I Leave,Various Artists,Deep 2019,,,84%,Sunset Deep House,01 Live Before I Leave.mp3
Live Before I Leave (Roni Iron Acid Mix),Various Artists,Deep 2019,,,84%,Sunset Deep House,02 Live Before I Leave (Roni Iron Acid Mix).mp3
Love (Audio Luxury Remix),Various Artists,Deep 2019,,,84%,Sunset Deep House,02 Love (Audio Luxury Remix).mp3
Luv Soundz,Various Artists,Deep 2019,,,84%,Sunset Deep House,02 - Luv Soundz.mp3
Make Things Happen,Various Artists,Deep 2019,,,84%,Sunset Deep House,03 Make Things Happen.mp3
matt_prehn-lovers_(original_mix)-ugp,Various Artists,Deep 2019,,,84%,Sunset Deep House,03-matt_prehn-lovers_(original_mix)-ugp.mp3
matt_prehn_feat_marcia_alves--glow_(benny_beatz_remix)-dh,Various Artists,Deep 2019,,,84%,Sunset Deep House,03-matt_prehn_feat_marcia_alves--glow_(benny_beatz_remix)-dh.mp3
matt_prehn_feat_marcia_alves--glow_(damien_exton_goodnight_starshine_remix)-dh,Various Artists,Deep 2019,,,84%,Sunset Deep House,02-matt_prehn_feat_marcia_alves--glow_(damien_exton_goodnight_starshine_remix)-dh.mp3
maxxa-day_after_day_(deep_active_sound_remix)-emf,Various Artists,Deep 2019,,,84%,Sunset Deep House,02-maxxa-day_after_day_(deep_active_sound_remix)-emf.mp3
Melodie fÃ¼r Millionen (Dole & Kom Ueberdisco Dub),Various Artists,Deep 2019,,,84%,Sunset Deep House,03 Melodie fÃ¼r Millionen (Dole & Kom Ueberdisco Dub).mp3
miguel_migs_-_everybody_(arco_remix)-zzzz,Various Artists,Deep 2019,,,84%,Sunset Deep House,03-miguel_migs_-_everybody_(arco_remix)-zzzz.mp3
miguel_migs_-_lose_control_(dave_mayer_dub)-zzzz,Various Artists,Deep 2019,,,84%,Sunset Deep House,02-miguel_migs_-_lose_control_(dave_mayer_dub)-zzzz.mp3
miguel_migs_-_the_distance_(balcazar_and_sordo_remix)-zzzz (2),Various Artists,Deep 2019,,,84%,Sunset Deep House,01-miguel_migs_-_the_distance_(balcazar_and_sordo_remix)-zzzz (2).mp3
miguel_migs_feat_lisa_shaw-heartbeat_(dj_le_roi_vocal_mix)-italive,Various Artists,Deep 2019,,,84%,Sunset Deep House,02-miguel_migs_feat_lisa_shaw-heartbeat_(dj_le_roi_vocal_mix)-italive.mp3
Music & Wine (Th' Attaboy Vocal),Various Artists,Deep 2019,,,84%,Sunset Deep House,02 Music & Wine (Th' Attaboy Vocal).mp3
My Funny Valentine (Body & Soul R),Various Artists,Deep 2019,,,84%,Sunset Deep House,01 My Funny Valentine (Body & Soul R.mp3
nekliff_and_mary_s.k._-_never_alone_(hugobeat_remix)-xds,Various Artists,Deep 2019,,,84%,Sunset Deep House,03-nekliff_and_mary_s.k._-_never_alone_(hugobeat_remix)-xds.mp3
nekliff_and_mary_sk_-_first_dot_(deep_sound_effect_remix)-zzzz,Various Artists,Deep 2019,,,84%,Sunset Deep House,03-nekliff_and_mary_sk_-_first_dot_(deep_sound_effect_remix)-zzzz.mp3
nick_holder--welcome_to_detroit_(feat_jaidene_veda)-dh,Various Artists,Deep 2019,,,84%,Sunset Deep House,03-nick_holder--welcome_to_detroit_(feat_jaidene_veda)-dh.mp3
No More (original mix),Various Artists,Deep 2019,,,84%,Sunset Deep House,02 - No More (original mix).mp3
Over You,Various Artists,Deep 2019,,,84%,Sunset Deep House,03 Over You.mp3
pammin_-_right_guy_(original_mix)-ume,Various Artists,Deep 2019,,,84%,Sunset Deep House,02-pammin_-_right_guy_(original_mix)-ume.mp3
pammin_-_you_to_me_(original_mix)-ume,Various Artists,Deep 2019,,,84%,Sunset Deep House,01-pammin_-_you_to_me_(original_mix)-ume.mp3
Pavel Svetlove & Max Dyuryagin Ft Anna Korona-Don't Forget (Alexz & Remko B Remix)-Feelmusic.cc,Various Artists,Deep 2019,,,84%,Sunset Deep House,03-Pavel Svetlove & Max Dyuryagin Ft Anna Korona-Don't Forget (Alexz & Remko B Remix)-Feelmusic.cc.mp3
Pleasure Seeker,Various Artists,Deep 2019,,,84%,Sunset Deep House,01 Pleasure Seeker.mp3
right_to_your_soul_(aki_bergen_remix),Various Artists,Deep 2019,,,84%,Sunset Deep House,02-right_to_your_soul_(aki_bergen_remix).mp3
Rise,Various Artists,Deep 2019,,,84%,Sunset Deep House,01 Rise.mp3
rishi_k.-the_day_we_said_goodbye-alki,Various Artists,Deep 2019,,,84%,Sunset Deep House,02-rishi_k.-the_day_we_said_goodbye-alki.mp3
rishi_k_-_clandestiny__original_mix-idc,Various Artists,Deep 2019,,,84%,Sunset Deep House,01_rishi_k_-_clandestiny__original_mix-idc.mp3
ryralio_djs_ft_nica_brooke-dance_out_loud_(nacho_marco_vocal_remix)-hft,Various Artists,Deep 2019,,,84%,Sunset Deep House,03-ryralio_djs_ft_nica_brooke-dance_out_loud_(nacho_marco_vocal_remix)-hft.mp3
saccao__stage_rockers__shake_sofa--walk_away_feat_soph-eye_richard_(marty_fame_and_dj_lvov_remix)-dh,Various Artists,Deep 2019,,,84%,Sunset Deep House,03-saccao__stage_rockers__shake_sofa--walk_away_feat_soph-eye_richard_(marty_fame_and_dj_lvov_remix)-dh.mp3
Saints & Sinners (Prosis Remix),Various Artists,Deep 2019,,,84%,Sunset Deep House,03 Saints & Sinners (Prosis Remix).mp3
Satellites,Various Artists,Deep 2019,,,84%,Sunset Deep House,03 Satellites.mp3
Sax,Various Artists,Sax House,,,84%,Sunset Deep House,Sax House.mp3
scott_diaz--change_my_world_(original_mix)-dh,Various Artists,Deep 2019,,,84%,Sunset Deep House,01-scott_diaz--change_my_world_(original_mix)-dh.mp3
Sebb Junior-My Love My Sins-Essential.net,Various Artists,Deep 2019,,,84%,Sunset Deep House,01-Sebb Junior-My Love My Sins-Essentialhouse.net.mp3
shreddie_mercury_-_mount_cleverest_(jay_fm_remix)-eithel,Various Artists,Deep 2019,,,84%,Sunset Deep House,03-shreddie_mercury_-_mount_cleverest_(jay_fm_remix)-eithel.mp3
Sign Of The Times (Reelsoul Vocal Mix),Various Artists,Deep 2019,,,84%,Sunset Deep House,01_Sign Of The Times (Reelsoul Vocal Mix).mp3
Solan-Essence-Aki_Bergen_Remix,Various Artists,Deep 2019,,,84%,Sunset Deep House,02-Solan-Essence-Aki_Bergen_Remix.mp3
Sometime,Various Artists,Deep 2019,,,84%,Sunset Deep House,01 Sometime.mp3
sonny_fodera--back_to_you_(original_mix)-dh,Various Artists,Deep 2019,,,84%,Sunset Deep House,01-sonny_fodera--back_to_you_(original_mix)-dh.mp3
sonny_fodera--soul_good_(original_mix)-dh,Various Artists,Deep 2019,,,84%,Sunset Deep House,02-sonny_fodera--soul_good_(original_mix)-dh.mp3
sonny_fodera-hold_it_down_feat._amber_jolene_(original_mix)-you,Various Artists,Deep 2019,,,84%,Sunset Deep House,01-sonny_fodera-hold_it_down_feat._amber_jolene_(original_mix)-you.mp3
Sono (Original Mix),Various Artists,Deep 2019,,,84%,Sunset Deep House,03 Sono (Original Mix).mp3
Soul Surrender (Island Groove Deep In Dub),Various Artists,Deep 2019,,,84%,Sunset Deep House,02 Soul Surrender (Island Groove Deep In Dub).mp3
spiritchaser--we_will_never_know_(spiritlevel_mix)-dh,Various Artists,Deep 2019,,,84%,Sunset Deep House,02-spiritchaser--we_will_never_know_(spiritlevel_mix)-dh.mp3
submantra-calinda_(k-bana_deep_down_remix),Various Artists,Deep 2019,,,84%,Sunset Deep House,03-submantra-calinda_(k-bana_deep_down_remix).mp3
Sunday's Pain,Various Artists,Deep 2019,,,84%,Sunset Deep House,01 Sunday's Pain.mp3
Sunday's Pain (Oscar Barila Remix),Various Artists,Deep 2019,,,84%,Sunset Deep House,02 Sunday's Pain (Oscar Barila Remix).mp3
Sweet Love (und Remix),Various Artists,Deep 2019,,,84%,Sunset Deep House,03 Sweet Love (Edmund Remix).mp3
Take Me To Paradise (Mig's Summer Lover's Dub),Various Artists,Deep 2019,,,84%,Sunset Deep House,01 Take Me To Paradise (Mig's Summer Lover's Dub).mp3
Take Me To Paradise (summer Lover's Dub)(Miguel Migs),Various Artists,Deep 2019,,,84%,Sunset Deep House,02 - Take Me To Paradise (summer Lover's Dub)(Miguel Migs).mp3
The Night (Andys Love Bizarre Dub),Various Artists,Deep 2019,,,84%,Sunset Deep House,02-The Night (Andys Love Bizarre Dub).mp3
the_timewriter--broken_spell_feat_theresa_baltimore-dh,Various Artists,Deep 2019,,,84%,Sunset Deep House,02-the_timewriter--broken_spell_feat_theresa_baltimore-dh.mp3
Thee Worst (Club Mix),Various Artists,Deep 2019,,,84%,Sunset Deep House,01 Thee Worst (Club Mix).mp3
These Crazy Nights (Original Mix),Various Artists,Deep 2019,,,84%,Sunset Deep House,03 These Crazy Nights (Original Mix).mp3
Think Twice (Fred Everything Lazy Dub),Various Artists,Deep 2019,,,84%,Sunset Deep House,03. Think Twice (Fred Everything Lazy Dub).mp3
Those Things,Various Artists,Deep 2019,,,84%,Sunset Deep House,02 Those Things.mp3
Time 2 Move (Original Mix),Various Artists,Deep 2019,,,84%,Sunset Deep House,02 Time 2 Move (Original Mix).mp3
tom_conrad_andre_bonsor_-_esoteric_(original_mix)-you,Various Artists,Deep 2019,,,84%,Sunset Deep House,01_tom_conrad_andre_bonsor_-_esoteric_(original_mix)-you.mp3
Valeron & 7even (GR)_Dance Tonight_Original Mix,Various Artists,Deep 2019,,,84%,Sunset Deep House,02_Valeron & 7even (GR)_Dance Tonight_Original Mix.mp3
vasco_c___vladoff-what_u_see_(feat._veselina_popova)__the_distance_and_riddick_remix-cb1d2aee,Various Artists,Deep 2019,,,84%,Sunset Deep House,03-vasco_c___vladoff-what_u_see_(feat._veselina_popova)__the_distance_and_riddick_remix-cb1d2aee.mp3
Veil,Various Artists,Deep 2019,,,84%,Sunset Deep House,02 Veil.mp3
vinny_troia_feat_jaidene_veda-do_for_love_(matt_lange_remix)-alki,Various Artists,Deep 2019,,,84%,Sunset Deep House,01-vinny_troia_feat_jaidene_veda-do_for_love_(matt_lange_remix)-alki.mp3
vinny_troia_feat_jaidene_veda-do_for_love_(original_mix)-alki,Various Artists,Deep 2019,,,84%,Sunset Deep House,02-vinny_troia_feat_jaidene_veda-do_for_love_(original_mix)-alki.mp3
Waves (Original Mix),Various Artists,Deep 2019,,,84%,Sunset Deep House,01 Waves (Original Mix).mp3
Waves Of Change,Various Artists,Deep 2019,,,84%,Sunset Deep House,01 Waves Of Change.mp3
What If_ (Original Mix),Various Artists,Deep 2019,,,84%,Sunset Deep House,01 What If_ (Original Mix).mp3
When 2 R In Love (Original Mix),Various Artists,Deep 2019,,,84%,Sunset Deep House,01 When 2 R In Love (Original Mix).mp3
Will Love This (Umut Akalin Remix),Various Artists,Deep 2019,,,84%,Sunset Deep House,03 Will Love This (Umut Akalin Remix.mp3
Without You (Anturage & Amnesia Haze Remix),Various Artists,Deep 2019,,,84%,Sunset Deep House,03 - Without You (Anturage & Amnesia Haze Remix).mp3
You Are In My System (Spiritchaser Remix),Various Artists,Deep 2019,,,84%,Sunset Deep House,01 - You Are In My System (Spiritchaser Remix).mp3
You Are Love [Original Version],Various Artists,Deep 2019,,,84%,Sunset Deep House,03 You Are Love [Original Version].mp3
Your Love,Various Artists,Deep 2019,,,84%,Sunset Deep House,01 Your Love.mp3
Your Shine (Roman Depthsound Remix),Various Artists,Deep 2019,,,84%,Sunset Deep House,03 Your Shine (Roman Depthsound Remix).mp3
Your Shine (The Nurk Remix),Various Artists,Deep 2019,,,84%,Sunset Deep House,02 Your Shine (The Nurk Remix).mp3
Think Twice (Original Mix),"Velker, Maria Estrella",Deep 2019,,,84%,Sunset Deep House,"028. Velker, Maria Estrella - Think Twice (Original Mix).mp3"
Leave Behind (Ivan Spell Remix),Vincent Vega Feat Milaxa,Deep 2019,,,84%,Sunset Deep House,014. Vincent Vega Feat Milaxa - Leave Behind (Ivan Spell Remix).mp3
Close To You (Original Mix),"Wasabi, Nytron, Mob",Deep 2019,,,84%,Sunset Deep House,"021. Wasabi, Nytron, Mob - Close To You (Original Mix).mp3"
perfect_sunrise__alex_kenji_mix,wilson_and_matt_smallwood_and_ingram,Deep 2019,,,84%,Sunset Deep House,03-wilson_and_matt_smallwood_and_ingram-perfect_sunrise__alex_kenji_mix.mp3
Blue (Jimmy Sax),Worakls,Sax House,,,84%,Sunset Deep House,Worakls - Blue (Jimmy Sax).mp3
Elea (Jimmy Sax),Worakls,Sax House,,,84%,Sunset Deep House,Worakls - Elea (Jimmy Sax).mp3
Porto (Jimmy Sax),Worakls,Sax House,,,84%,Sunset Deep House,Worakls - Porto (Jimmy Sax).mp3
beg (hot since 82 future mix),yousef,Deep 2019,,,84%,Sunset Deep House,003 yousef - beg (hot since 82 future mix).mp3
Slow Motion (Nezhdan Remix),ZONATTO x Bruno Motta & EBO Live,Deep 2019,,,84%,Sunset Deep House,019.  ZONATTO x Bruno Motta & EBO Live  -  Slow Motion (Nezhdan Remix).mp3
Не молчи (Fly & Sasha Fashion Remix),Алсу,Deep 2019,,,84%,Sunset Deep House,011. Алсу - Не молчи (Fly & Sasha Fashion Remix).mp3
Do Or Die (Afrojack Remix),Afrojack vs. Thirty Seconds To Mars,Top 100 Beatport - April 2014,,,83%,Gym / High Energy,44 - Afrojack vs. Thirty Seconds To Mars - Do Or Die (Afrojack Remix).mp3
Ping Pong (Original Mix),Armin Van Buuren,Top 100 Beatport - April 2014,,,83%,Hypnotic Trance,08 - Armin Van Buuren - Ping Pong (Original Mix).mp3
This Is What It Feels Like (W&W Remix),Armin van Buuren feat. Trevor Guthrie,Beatport Progressive House Top100 (February 14),,,83%,Hypnotic Trance,Armin van Buuren feat. Trevor Guthrie - This Is What It Feels Like (W&W Remix).mp3
RIOT (Original Mix),"Arty, Matisse & Sadko",Beatport Progressive House Top100 (February 14),,,83%,Hypnotic Trance,"Arty, Matisse & Sadko - RIOT (Original Mix).mp3"
9PM (Till I Come) (Original Radio Edit),ATB,Discoteca Anni 90,,,83%,Hypnotic Trance,ATB - 9PM (Till I Come) (Original Radio Edit).mp3
Face to Face (Junkx Remix),ATB feat. Stanfour,Top 100 Beatport - April 2014,,,83%,Hypnotic Trance,50 - ATB feat. Stanfour - Face to Face (Junkx Remix).mp3
Addicted To You (David Guetta Remix),Avicii,Top 100 Beatport - April 2014,,,83%,Gym / High Energy,54 - Avicii - Addicted To You (David Guetta Remix).mp3
Hey Brother (Syn Cole Remix),Avicii,Beatport Progressive House Top100 (February 14),,,83%,Gym / High Energy,Avicii - Hey Brother (Syn Cole Remix).mp3
Wake Me Up (Original Extended Mix),Avicii,Beatport Progressive House Top100 (February 14),,,83%,Gym / High Energy,Avicii - Wake Me Up (Original Extended Mix).mp3
You Make Me (Extended Mix),Avicii,Beatport Progressive House Top100 (February 14),,,83%,Gym / High Energy,Avicii - You Make Me (Extended Mix).mp3
I Could Be The One (Original Mix),Avicii vs Nicky Romero,Beatport Progressive House Top100 (February 14),,,83%,Gym / High Energy,Avicii vs Nicky Romero - I Could Be The One (Original Mix).mp3
Honey [Chicane Club Mix],Billie Ray Martin,(2001) In Search Of Sunrise Vol.1,,,83%,Hypnotic Trance,03 - Billie Ray Martin - Honey [Chicane Club Mix].mp3
Fifteen (Hardwell Edit),Blasterjaxx,Beatport Progressive House Top100 (February 14),,,83%,Gym / High Energy,Blasterjaxx - Fifteen (Hardwell Edit).mp3
Mercury And Solace [Bt 12 Mastermix],Bt,(2001) In Search Of Sunrise Vol.1,,,83%,Hypnotic Trance,05 - Bt - Mercury And Solace [Bt 12 Mastermix].mp3
5iliconeater,Calvin Harris,Calvin Harris [2009]  Ready For The Weekend 320k [Cov+CD][Bubanee],,,83%,Gym / High Energy,14 5iliconeater.mp3
Dance Wiv Me,Calvin Harris,Calvin Harris [2009]  Ready For The Weekend 320k [Cov+CD][Bubanee],,,83%,Gym / High Energy,13 Dance Wiv Me.mp3
Flashback,Calvin Harris,Calvin Harris [2009]  Ready For The Weekend 320k [Cov+CD][Bubanee],,,83%,Gym / High Energy,07 Flashback.mp3
Limits,Calvin Harris,Calvin Harris [2009]  Ready For The Weekend 320k [Cov+CD][Bubanee],,,83%,Gym / High Energy,10 Limits.mp3
Off the Record,Calvin Harris,Tinchy Stryder - Off the Record (feat. Calvin Harris & Burns),,,83%,Gym / High Energy,01 Off the Record.mp3
Relax,Calvin Harris,Calvin Harris [2009]  Ready For The Weekend 320k [Cov+CD][Bubanee],,,83%,Gym / High Energy,09 Relax.mp3
Stars Come Out,Calvin Harris,Calvin Harris [2009]  Ready For The Weekend 320k [Cov+CD][Bubanee],,,83%,Gym / High Energy,03 Stars Come Out.mp3
The Rain,Calvin Harris,Calvin Harris [2009]  Ready For The Weekend 320k [Cov+CD][Bubanee],,,83%,Gym / High Energy,01 The Rain.mp3
Yeah Yeah Yeah La La La,Calvin Harris,Calvin Harris [2009]  Ready For The Weekend 320k [Cov+CD][Bubanee],,,83%,Gym / High Energy,12 Yeah Yeah Yeah La La La.mp3
You Used To Hold Me,Calvin Harris,Calvin Harris [2009]  Ready For The Weekend 320k [Cov+CD][Bubanee],,,83%,Gym / High Energy,04 You Used To Hold Me.mp3
Under Control (Extended Mix),Calvin Harris & Alesso feat. Hurts,Beatport Progressive House Top100 (February 14),,,83%,Gym / High Energy,Calvin Harris & Alesso feat. Hurts - Under Control (Extended Mix).mp3
Three Words [Ft. Will.i.am],Cheryl Cole,Cheryl Cole,,,83%,Gym / High Energy,Three Words [Ft. Will.i.am].mp3
Brimful Of Asha (Norman Cook Remix),Cornershop,fatboy slim-The Greatest Hits - Why Try Harder (mp3) {tre123wor},,,83%,Gym / High Energy,03-Cornershop - Brimful Of Asha (Norman Cook Remix).mp3
Ain't A Party (Original Mix),David Guetta & Glowinthedark feat. Harrison,Beatport Progressive House Top100 (February 14),,,83%,Gym / High Energy,David Guetta & Glowinthedark feat. Harrison - Ain't A Party (Original Mix).mp3
Bad (#Ash Simons Remix),David Guetta & Showtek Ft. Michael Jackson,Top 100 Beatport - April 2014,,,83%,Gym / High Energy,101 - David Guetta & Showtek Ft. Michael Jackson - Bad (#Ash Simons Remix).mp3
1981 (Mike Vale Vs Jerome Robins Mix),Deadmau5,"Top 20 Electro, Tech & Progressive House Charts - Feb 2013 - iCORM",,,83%,Hypnotic Trance,014. Deadmau5 - 1981 (Mike Vale Vs Jerome Robins Mix).mp3
Sparkles [Magikal Remake],Dj Tiesto,(2001) In Search Of Sunrise Vol.1,,,83%,Hypnotic Trance,14 - Dj Tiesto - Sparkles [Magikal Remake].mp3
Starlight (Could You Be Mine) (Otto Knows Remix),Don Diablo & Matt Nash,Beatport Progressive House Top100 (February 14),,,83%,Gym / High Energy,Don Diablo & Matt Nash - Starlight (Could You Be Mine) (Otto Knows Remix).mp3
Liberate (Original Mix),Eric Prydz,Top 100 Beatport - April 2014,,,83%,Hypnotic Trance,04 - Eric Prydz - Liberate (Original Mix).mp3
Eat Sleep Rave Repeat (Dimitri Vegas & Like Mike & Ummet Ozcan Tomorrowland Remix),Fatboy Slim,Beatport Progressive House Top100 (February 14),,,83%,Gym / High Energy,Fatboy Slim - Eat Sleep Rave Repeat (Dimitri Vegas & Like Mike & Ummet Ozcan Tomorrowland Remix).mp3
Sunset (Bird Of Prey),Fatboy Slim,fatboy slim-The Greatest Hits - Why Try Harder (mp3) {tre123wor},,,83%,Gym / High Energy,10-Fatboy Slim - Sunset (Bird Of Prey).mp3
That Old Pair Of Jeans,Fatboy Slim,fatboy slim-The Greatest Hits - Why Try Harder (mp3) {tre123wor},,,83%,Gym / High Energy,18-Fatboy Slim - That Old Pair Of Jeans.mp3
The Rockafeller Skank,Fatboy Slim,fatboy slim-The Greatest Hits - Why Try Harder (mp3) {tre123wor},,,83%,Gym / High Energy,01-Fatboy Slim - The Rockafeller Skank.mp3
Dont Give Up (Original Mix),Fedde Le Grand,Top 100 Beatport - April 2014,,,83%,Gym / High Energy,16 - Fedde Le Grand - Dont Give Up (Original Mix).mp3
Where We Belong (Extended Mix),Fedde Le Grand & DI-RECT,Beatport Progressive House Top100 (February 14),,,83%,Gym / High Energy,Fedde Le Grand & DI-RECT - Where We Belong (Extended Mix).mp3
Where We Belong (Original Mix),Fedde Le Grand & DI-RECT,Top 100 Beatport - April 2014,,,83%,Gym / High Energy,45 - Fedde Le Grand & DI-RECT - Where We Belong (Original Mix).mp3
Sparks (Instrumental Edit),Fedde Le Grand & Nicky Romero,VA - Hed Kandi Ibiza 2012 (2012),,,83%,Gym / High Energy,19.Fedde Le Grand & Nicky Romero - Sparks (Instrumental Edit).mp3
Spectrum (Say My Name) (Calvin Harris Remix),Florence + The Machine,VA - Hed Kandi Ibiza 2012 (2012),,,83%,Gym / High Energy,16.Florence + The Machine - Spectrum (Say My Name) (Calvin Harris Remix).mp3
Walhalla,Gouryella,(2001) In Search Of Sunrise Vol.1,,,83%,Hypnotic Trance,10 - Gouryella - Walhalla.mp3
I See You Baby (Fatboy Slim Remix),Groove Armada,fatboy slim-The Greatest Hits - Why Try Harder (mp3) {tre123wor},,,83%,Gym / High Energy,06-Groove Armada - I See You Baby (Fatboy Slim Remix).mp3
Dare You (Tiësto vs. Twoloud Remix),Hardwell feat. Matthew Koma,Top 100 Beatport - April 2014,,,83%,Gym / High Energy,29 - Hardwell feat. Matthew Koma - Dare You (Tiësto vs. Twoloud Remix).mp3
Far From Over,Kamaya Painters,(2001) In Search Of Sunrise Vol.1,,,83%,Hypnotic Trance,11 - Kamaya Painters - Far From Over.mp3
I Believe [Dj Tandu Remix],Lange,(2001) In Search Of Sunrise Vol.1,,,83%,Hypnotic Trance,12 - Lange - I Believe [Dj Tandu Remix].mp3
Lose Yourself (Original Mix),Major Lazer feat. RDX & Moska,Top 100 Beatport - April 2014,,,83%,Gym / High Energy,97 - Major Lazer feat. RDX & Moska - Lose Yourself (Original Mix).mp3
Time Gate [Update],Marc Vision,(2001) In Search Of Sunrise Vol.1,,,83%,Hypnotic Trance,04 - Marc Vision - Time Gate [Update].mp3
Man With The Red Face (Hardwell Remix),Mark Knight & Funkagenda,Beatport Progressive House Top100 (February 14),,,83%,Gym / High Energy,Mark Knight & Funkagenda - Man With The Red Face (Hardwell Remix).mp3
I Could Be the One (Original Mix),"Nicky Romero, Avicii","Top 20 Electro, Tech & Progressive House Charts - Feb 2013 - iCORM",,,83%,Gym / High Energy,"015. Nicky Romero, Avicii - I Could Be the One (Original Mix).mp3"
Million Voices,Otto Knows,VA - Hed Kandi Ibiza 2012 (2012),,,83%,Gym / High Energy,18.Otto Knows - Million Voices.mp3
For An Angel,Paul Van Dyk,Discoteca Anni 90,,,83%,Hypnotic Trance,Paul Van Dyk - For An Angel.mp3
F.A.T (Original Mix),Pryda,Beatport Progressive House Top100 (February 14),,,83%,Hypnotic Trance,Pryda - F.A.T (Original Mix).mp3
Lycka (Original Mix),Pryda,Beatport Progressive House Top100 (February 14),,,83%,Hypnotic Trance,Pryda - Lycka (Original Mix).mp3
Children,Robert Miles,Discoteca Anni 90,,,83%,Hypnotic Trance,Robert Miles - Children.mp3
Children (Dream Version),Robert Miles,Discoteca Anni 90,,,83%,Hypnotic Trance,Robert Miles - Children (Dream Version).mp3
Fable,Robert Miles,Discoteca Anni 90,,,83%,Hypnotic Trance,Robert Miles - Fable.mp3
Fable (Dream Version),Robert Miles,Discoteca Anni 90,,,83%,Hypnotic Trance,Robert Miles - Fable (Dream Version).mp3
One And One,Robert Miles feat. Maria Nayler,Discoteca Anni 90,,,83%,Hypnotic Trance,Robert Miles feat. Maria Nayler - One And One.mp3
One And One (Club Version),Robert Miles feat. Maria Nayler,Discoteca Anni 90,,,83%,Hypnotic Trance,Robert Miles feat. Maria Nayler - One And One (Club Version).mp3
Cannonball (Earthquake) (Kryder Remix),Showtek & Justin Prime feat. Matthew Koma,Top 100 Beatport - April 2014,,,83%,Gym / High Energy,71 - Showtek & Justin Prime feat. Matthew Koma - Cannonball (Earthquake) (Kryder Remix).mp3
Cannonball (Earthquake) [Kryder Remix],Showtek & Justin Prime ft. Matthew Koma,Beatport Progressive House Top100 (February 14),,,83%,Gym / High Energy,Showtek & Justin Prime ft. Matthew Koma - Cannonball (Earthquake) [Kryder Remix].mp3
Cannonball (Earthquake) [Loopers Remix],Showtek & Justin Prime ft. Matthew Koma,Beatport Progressive House Top100 (February 14),,,83%,Gym / High Energy,Showtek & Justin Prime ft. Matthew Koma - Cannonball (Earthquake) [Loopers Remix].mp3
No Good (Original Mix),"Sultan, Ned Shepard, Fedde Le Grand",Beatport Progressive House Top100 (February 14),,,83%,Gym / High Energy,"Sultan, Ned Shepard, Fedde Le Grand - No Good (Original Mix).mp3"
Anomaly [Calling Your Name] [Ferry Corsten Remix],Taylor,(2001) In Search Of Sunrise Vol.1,,,83%,Hypnotic Trance,02 - Taylor - Anomaly [Calling Your Name] [Ferry Corsten Remix].mp3
Sun Is Shining [Mash Up Matt Remix],Technique,(2001) In Search Of Sunrise Vol.1,,,83%,Hypnotic Trance,09 - Technique - Sun Is Shining [Mash Up Matt Remix].mp3
Remember [To The Millenium] [Lange Remix],The Morrighan,(2001) In Search Of Sunrise Vol.1,,,83%,Hypnotic Trance,13 - The Morrighan - Remember [To The Millenium] [Lange Remix].mp3
bright_morningstar,tiesto,(2007) Elements Of Life,,,83%,Hypnotic Trance,07-tiesto-bright_morningstar.mp3
carpe_noctum,tiesto,(2007) Elements Of Life,,,83%,Hypnotic Trance,04-tiesto-carpe_noctum.mp3
driving_to_heaven,tiesto,(2007) Elements Of Life,,,83%,Hypnotic Trance,05-tiesto-driving_to_heaven.mp3
elements_of_life,tiesto,(2007) Elements Of Life,,,83%,Hypnotic Trance,11-tiesto-elements_of_life.mp3
hes_a_pirate__tiesto_remix,tiesto,(2007) Elements Of Life,,,83%,Hypnotic Trance,12-tiesto-hes_a_pirate__tiesto_remix.mp3
ten_seconds_before_sunrise,tiesto,(2007) Elements Of Life,,,83%,Hypnotic Trance,01-tiesto-ten_seconds_before_sunrise.mp3
Drop It Like This (Original Mix),Tiesto feat. twoloud,Top 100 Beatport - April 2014,,,83%,Hypnotic Trance,22 - Tiesto feat. twoloud - Drop It Like This (Original Mix).mp3
sweet_things,tiesto_feat_charlotte_martin,(2007) Elements Of Life,,,83%,Hypnotic Trance,06-tiesto_feat_charlotte_martin-sweet_things.mp3
in_the_dark,tiesto_feat_christian_burns,(2007) Elements Of Life,,,83%,Hypnotic Trance,09-tiesto_feat_christian_burns-in_the_dark.mp3
everything,tiesto_feat_jes,(2007) Elements Of Life,,,83%,Hypnotic Trance,02-tiesto_feat_jes-everything.mp3
do_you_feel_me,tiesto_feat_julie_thompson,(2007) Elements Of Life,,,83%,Hypnotic Trance,03-tiesto_feat_julie_thompson-do_you_feel_me.mp3
dance4life,tiesto_feat_maxi_jazz,(2007) Elements Of Life,,,83%,Hypnotic Trance,10-tiesto_feat_maxi_jazz-dance4life.mp3
Traffic (Tiesto Edit),twoloud,Beatport Progressive House Top100 (February 14),,,83%,Hypnotic Trance,twoloud - Traffic (Tiesto Edit).mp3
Going Up,Yahel And Dj Miss T,(2001) In Search Of Sunrise Vol.1,,,83%,Hypnotic Trance,08 - Yahel And Dj Miss T - Going Up.mp3
The Reachers Of Civilisation,York,(2001) In Search Of Sunrise Vol.1,,,83%,Hypnotic Trance,01 - York - The Reachers Of Civilisation.mp3
Find You (Extended Mix),Zedd feat Matthew Koma n Miriam Bryant,Top 100 Beatport - April 2014,,,83%,Gym / High Energy,35 - Zedd feat Matthew Koma n Miriam Bryant - Find You (Extended Mix).mp3
Stay the Night (Zedd & Kevin Drew Extended Remix),Zedd feat. Hayley Williams of Paramore,Top 100 Beatport - April 2014,,,83%,Gym / High Energy,91 - Zedd feat. Hayley Williams of Paramore - Stay the Night (Zedd & Kevin Drew Extended Remix).mp3
7 in My 911,24,Vengaboys - The platinum album,,,81%,Retro Dance & Pop-Rock,02 24-7 in My 911.mp3
How You Love Me (Original Mix),3LAU feat. Bright Lights,Top 100 Beatport - April 2014,,,81%,Retro Dance & Pop-Rock,02 - 3LAU feat. Bright Lights - How You Love Me (Original Mix).mp3
Hello (Original Mix),Above & Beyond,Top 100 Beatport - April 2014,,,81%,Retro Dance & Pop-Rock,60 - Above & Beyond - Hello (Original Mix).mp3
Come In (Rene Deepreen Remix) [Supdub Records],Adoor,Progressive techno,,,81%,Retro Dance & Pop-Rock,Adoor - Come In (Rene Deepreen Remix) [Supdub Records].mp3
Ecoar (Ethereal Mist Remix),Aeikus,Progressive techno,,,81%,Retro Dance & Pop-Rock,Aeikus - Ecoar (Ethereal Mist Remix).mp3
Ecoar (Original Mix),Aeikus,Progressive techno,,,81%,Retro Dance & Pop-Rock,Aeikus - Ecoar (Original Mix).mp3
Espetacular (Original Mix),Aeikus,Progressive techno,,,81%,Retro Dance & Pop-Rock,Aeikus - Espetacular (Original Mix).mp3
Jan Mayen (Original Mix),Affkt,Progressive techno,,,81%,Retro Dance & Pop-Rock,Affkt - Jan Mayen (Original Mix).mp3
King (Original Extended Mix),Ahzee,Beatport Progressive House Top100 (February 14),,,81%,Retro Dance & Pop-Rock,Ahzee - King (Original Extended Mix).mp3
I'm Sorry,Akcent,Akcent - I'm Sorry {2012-Single}[NL],,,81%,Retro Dance & Pop-Rock,I'm Sorry.mp3
Remember When,Alan Jackson,Allen Jackson,,,81%,Retro Dance & Pop-Rock,Remember When..mp3
Silenced By The Night (Alesso Remix),Alesso vs. Keane,VA - Hed Kandi Ibiza 2012 (2012),,,81%,Retro Dance & Pop-Rock,17.Alesso vs. Keane - Silenced By The Night (Alesso Remix).mp3
If I Lose Myself (Alesso vs. OneRepublic Extended Remix),Alesso vs. OneRepublic,Beatport Progressive House Top100 (February 14),,,81%,Retro Dance & Pop-Rock,Alesso vs. OneRepublic - If I Lose Myself (Alesso vs. OneRepublic Extended Remix).mp3
Never Fade (Original Mix),Alex Guesta feat. Rykka,Top 100 Beatport - April 2014,,,81%,Retro Dance & Pop-Rock,72 - Alex Guesta feat. Rykka - Never Fade (Original Mix).mp3
Linn (Original Mix),Alex O'Rion,Progressive techno,,,81%,Retro Dance & Pop-Rock,Alex O'Rion - Linn (Original Mix).mp3
Rubicon (Original Mix),Alex O'Rion,Progressive techno,,,81%,Retro Dance & Pop-Rock,Alex O'Rion - Rubicon (Original Mix).mp3
The Music I Like,Alexia,Discoteca Anni 90,,,81%,Retro Dance & Pop-Rock,Alexia - The Music I Like.mp3
I Know,Alexis Raphael,VA - Hed Kandi Ibiza 2012 (2012),,,81%,Retro Dance & Pop-Rock,37.Alexis Raphael - I Know.mp3
Calypso (Original Mix) [SCI+TEC],Alisa Andreeva,Progressive techno,,,81%,Retro Dance & Pop-Rock,Alisa Andreeva - Calypso (Original Mix) [SCI+TEC].mp3
Lagoon Nebula (Original Mix) [SCI+TEC],Alisa Andreeva,Progressive techno,,,81%,Retro Dance & Pop-Rock,Alisa Andreeva - Lagoon Nebula (Original Mix) [SCI+TEC].mp3
Sirius (Original Mix) [SCI+TEC],Alisa Andreeva,Progressive techno,,,81%,Retro Dance & Pop-Rock,Alisa Andreeva - Sirius (Original Mix) [SCI+TEC].mp3
Ranu Kao (Original Mix) [Plano B Records],Althoff,Progressive techno,,,81%,Retro Dance & Pop-Rock,Althoff - Ranu Kao (Original Mix) [Plano B Records].mp3
Whispers in the Dark (Dub Mix),Amber Long & Daraspa,Progressive techno,,,81%,Retro Dance & Pop-Rock,Amber Long & Daraspa - Whispers in the Dark (Dub Mix).mp3
Palmyra (Original Mix),"Ampish, Tone Depth",Progressive techno,,,81%,Retro Dance & Pop-Rock,"Ampish, Tone Depth - Palmyra (Original Mix).mp3"
Rebel (Original Mix),"AN21, Dimitri Vangelis & Wyman",Beatport Progressive House Top100 (February 14),,,81%,Retro Dance & Pop-Rock,"AN21, Dimitri Vangelis & Wyman - Rebel (Original Mix).mp3"
Cattleya (Original Mix) [Dear Deer Black]_pn,"Andre Bastos, Spuri",Progressive techno,,,81%,Retro Dance & Pop-Rock,"Andre Bastos, Spuri - Cattleya (Original Mix) [Dear Deer Black]_pn.mp3"
Missing Line (Golan Zocher Remix),Andre Sobota,Progressive techno,,,81%,Retro Dance & Pop-Rock,Andre Sobota - Missing Line (Golan Zocher Remix).mp3
Missing Line (Juan Pablo Torrez Remix),Andre Sobota,Progressive techno,,,81%,Retro Dance & Pop-Rock,Andre Sobota - Missing Line (Juan Pablo Torrez Remix).mp3
Magic Forrest,Angel Tears,Supperclub present Nomads  1_2_3_4 by Ramasutra [mp3 Flac],,,81%,Buddha Bar Lounge,14 - Angel Tears - Magic Forrest.mp3
Two Times,Ann Lee,Discoteca Anni 90,,,81%,Retro Dance & Pop-Rock,Ann Lee - Two Times.mp3
I Can Show You (RPO Remix),Anthony G,Progressive techno,,,81%,Retro Dance & Pop-Rock,Anthony G - I Can Show You (RPO Remix).mp3
Higher (Original Mix),Antoine Becks & Maestro Harrell feat. Sherry St. Germain,Beatport Progressive House Top100 (February 14),,,81%,Retro Dance & Pop-Rock,Antoine Becks & Maestro Harrell feat. Sherry St. Germain - Higher (Original Mix).mp3
Higher (Original Mix),"Antoine Becks, Maestro Harrell & Sherry St Germain",Top 100 Beatport - April 2014,,,81%,Retro Dance & Pop-Rock,"37 - Antoine Becks, Maestro Harrell & Sherry St Germain - Higher (Original Mix).mp3"
The Myth Of Tarae Feat. Ed Begley (Konvex & The Shadow Celestial Edition),Anton Dhouran,Progressive techno,,,81%,Retro Dance & Pop-Rock,Anton Dhouran - The Myth Of Tarae Feat. Ed Begley (Konvex & The Shadow Celestial Edition).mp3
Deviate (Original Mix),Antonio Giacca,Beatport Progressive House Top100 (February 14),,,81%,Retro Dance & Pop-Rock,Antonio Giacca - Deviate (Original Mix).mp3
Confused,Antrim,Progressive techno,,,81%,Retro Dance & Pop-Rock,Antrim - Confused.mp3
Jadidat (Original Mix),Antrim,Progressive techno,,,81%,Retro Dance & Pop-Rock,Antrim - Jadidat (Original Mix).mp3
Nightventure (Original Mix),Arno Cost & Greg Cerrone,Beatport Progressive House Top100 (February 14),,,81%,Retro Dance & Pop-Rock,Arno Cost & Greg Cerrone - Nightventure (Original Mix).mp3
Sand In Your Shoes (Original Mix),"ARTBAT, Dino Lenny",Progressive techno,,,81%,Retro Dance & Pop-Rock,"ARTBAT, Dino Lenny - Sand In Your Shoes (Original Mix).mp3"
Do What We Do (Ridney Remix),Artful & Ridney feat. Aaron James Cashell,VA - Hed Kandi Ibiza 2012 (2012),,,81%,Retro Dance & Pop-Rock,14.Artful & Ridney feat. Aaron James Cashell - Do What We Do (Ridney Remix).mp3
System Shock (Vernon & Dacosta Mix),Aruba,Best Of House 16,,,81%,Retro Dance & Pop-Rock,Aruba - System Shock (Vernon & Dacosta Mix).mp3
Interspace (Original Mix) [Us & Them Records],Arude,Progressive techno,,,81%,Retro Dance & Pop-Rock,Arude - Interspace (Original Mix) [Us & Them Records].mp3
Circles (Original Mix),Audien feat. Ruby Prophet,Beatport Progressive House Top100 (February 14),,,81%,Retro Dance & Pop-Rock,Audien feat. Ruby Prophet - Circles (Original Mix).mp3
Bad Influence (Waifs & Strays 'Keep On' Remix),Audiojack,VA - Hed Kandi Ibiza 2012 (2012),,,81%,Retro Dance & Pop-Rock,39.Audiojack - Bad Influence (Waifs & Strays 'Keep On' Remix).mp3
Complicated,Avril Lavigne,Avril Lavigne - The Singles Collection (Deluxe Edition) (2012-Album),,,81%,Retro Dance & Pop-Rock,01 - Complicated.mp3
Nobody's Home,Avril Lavigne,Avril Lavigne - The Singles Collection (Deluxe Edition) (2012-Album),,,81%,Retro Dance & Pop-Rock,08 - Nobody's Home.mp3
Leave Me Behind (Original Mix),Bauer & Lanford,Beatport Progressive House Top100 (February 14),,,81%,Retro Dance & Pop-Rock,Bauer & Lanford - Leave Me Behind (Original Mix).mp3
Samba De Janeiro,Bellini,Discoteca Anni 90,,,81%,Retro Dance & Pop-Rock,Bellini - Samba De Janeiro.mp3
Taxing My Soul (Bioground's Exquisite Dub),Bioground feat. Karlyn,Best Of House 16,,,81%,Retro Dance & Pop-Rock,Bioground feat. Karlyn - Taxing My Soul (Bioground's Exquisite Dub).mp3
My love for you,Blackwood,Discoteca Anni 90,,,81%,Retro Dance & Pop-Rock,Blackwood - My love for you.mp3
After Love [Ambient Mix],Blank & Jones,Blank & Jones - Relax CD-1 - Sun-320,,,81%,Buddha Bar Lounge,03.Blank & Jones - After Love [Ambient Mix].mp3
Choose Disco,Blank & Jones,Blank & Jones - Relax CD-2 -Moon-320,,,81%,Buddha Bar Lounge,11.Blank & Jones - Choose Disco.mp3
Coming Home,Blank & Jones,Blank & Jones - Relax CD-1 - Sun-320,,,81%,Buddha Bar Lounge,12.Blank & Jones - Coming Home.mp3
Comment Te Dire Adieu (with Berry),Blank & Jones,Blank & Jones - Relax CD-1 - Sun-320,,,81%,Buddha Bar Lounge,13.Blank & Jones - Comment Te Dire Adieu (with Berry).mp3
Cruel Love (with Katja Werker),Blank & Jones,Blank & Jones - Relax CD-1 - Sun-320,,,81%,Buddha Bar Lounge,11.Blank & Jones - Cruel Love (with Katja Werker).mp3
Feeld Good,Blank & Jones,Blank & Jones - Relax CD-2 -Moon-320,,,81%,Buddha Bar Lounge,02.Blank & Jones - Feeld Good.mp3
From N'Ney With Love,Blank & Jones,Blank & Jones - Relax CD-1 - Sun-320,,,81%,Buddha Bar Lounge,10.Blank & Jones - From N'Ney With Love.mp3
Futura,Blank & Jones,Blank & Jones - Relax CD-2 -Moon-320,,,81%,Buddha Bar Lounge,04.Blank & Jones - Futura.mp3
Heartbeat [Poolside Mix],Blank & Jones,Blank & Jones - Relax CD-2 -Moon-320,,,81%,Buddha Bar Lounge,06.Blank & Jones - Heartbeat [Poolside Mix].mp3
Island Life,Blank & Jones,Blank & Jones - Relax CD-2 -Moon-320,,,81%,Buddha Bar Lounge,05.Blank & Jones - Island Life.mp3
Love Conquers All (with ABC) [Summer Breeze Mix],Blank & Jones,Blank & Jones - Relax CD-1 - Sun-320,,,81%,Buddha Bar Lounge,04.Blank & Jones - Love Conquers All (with ABC) [Summer Breeze Mix].mp3
Love Conquers All [Beach Bar Mix] (with ABC),Blank & Jones,Blank & Jones - Relax CD-2 -Moon-320,,,81%,Buddha Bar Lounge,01.Blank & Jones - Love Conquers All [Beach Bar Mix] (with ABC).mp3
Miracle Man (with Cathy Batistessa) [Afterlife Mix],Blank & Jones,Blank & Jones - Relax CD-2 -Moon-320,,,81%,Buddha Bar Lounge,10.Blank & Jones - Miracle Man (with Cathy Batistessa) [Afterlife Mix].mp3
Miracle Man (with Cathy Battistessa) [Beached],Blank & Jones,Blank & Jones - Relax CD-1 - Sun-320,,,81%,Buddha Bar Lounge,08.Blank & Jones - Miracle Man (with Cathy Battistessa) [Beached].mp3
Nighttime Lovers,Blank & Jones,Blank & Jones - Relax CD-1 - Sun-320,,,81%,Buddha Bar Lounge,05.Blank & Jones - Nighttime Lovers.mp3
Only Your Love (with Steve Kilbey),Blank & Jones,Blank & Jones - Relax CD-1 - Sun-320,,,81%,Buddha Bar Lounge,02.Blank & Jones - Only Your Love (with Steve Kilbey).mp3
Pura Vida (with Jason Caesar),Blank & Jones,Blank & Jones - Relax CD-1 - Sun-320,,,81%,Buddha Bar Lounge,06.Blank & Jones - Pura Vida (with Jason Caesar).mp3
Pura Vida (with Jason Caesar) [Beach Mix],Blank & Jones,Blank & Jones - Relax CD-2 -Moon-320,,,81%,Buddha Bar Lounge,07.Blank & Jones - Pura Vida (with Jason Caesar) [Beach House Mix].mp3
Simple Life (with Laid Back),Blank & Jones,Blank & Jones - Relax CD-1 - Sun-320,,,81%,Buddha Bar Lounge,09.Blank & Jones - Simple Life (with Laid Back).mp3
Souvenir,Blank & Jones,Blank & Jones - Relax CD-1 - Sun-320,,,81%,Buddha Bar Lounge,01.Blank & Jones - Souvenir.mp3
Summergroove,Blank & Jones,Blank & Jones - Relax CD-2 -Moon-320,,,81%,Buddha Bar Lounge,03.Blank & Jones - Summergroove.mp3
Sundazed,Blank & Jones,Blank & Jones - Relax CD-1 - Sun-320,,,81%,Buddha Bar Lounge,07.Blank & Jones - Sundazed.mp3
This Feeling,Blank & Jones,Blank & Jones - Relax CD-2 -Moon-320,,,81%,Buddha Bar Lounge,09.Blank & Jones - This Feeling.mp3
Urban Funk,Blank & Jones,Blank & Jones - Relax CD-2 -Moon-320,,,81%,Buddha Bar Lounge,08.Blank & Jones - Urban Funk.mp3
Mystica (Werewolf) (Extended Mix),Blasterjaxx,Top 100 Beatport - April 2014,,,81%,Retro Dance & Pop-Rock,19 - Blasterjaxx - Mystica (Werewolf) (Extended Mix).mp3
Sun Is Shining,Bob Marley Vs. Funkstar Deluxe,Discoteca Anni 90,,,81%,Retro Dance & Pop-Rock,Bob Marley Vs. Funkstar Deluxe - Sun Is Shining.mp3
Move On Out (Original Mix),Bontan,Top 100 Beatport - April 2014,,,81%,Retro Dance & Pop-Rock,15 - Bontan - Move On Out (Original Mix).mp3
Blaster (Original Mix),Bream & Jetique,Beatport Progressive House Top100 (February 14),,,81%,Retro Dance & Pop-Rock,Bream & Jetique - Blaster (Original Mix).mp3
Nature Speaks,Brian Harden,Best Of House 16,,,81%,Retro Dance & Pop-Rock,Brian Harden - Nature Speaks.mp3
Worlds Apart,Bruce Springsteen,Bruce Springsteen,,,81%,Retro Dance & Pop-Rock,Worlds Apart.mp3
Gonna Make You Sweat,C & C Music Factory,Discoteca Anni 90,,,81%,Retro Dance & Pop-Rock,C & C Music Factory - Gonna Make You Sweat.mp3
Give It Up (Sven Black$$tar Remix),Captain Jack,Top 100 Beatport - April 2014,,,81%,Retro Dance & Pop-Rock,81 - Captain Jack - Give It Up (Sven Black$$tar Remix).mp3
Eivissa (Edit),Carl Hanaghan,VA - Hed Kandi Ibiza 2012 (2012),,,81%,Retro Dance & Pop-Rock,08.Carl Hanaghan - Eivissa (Edit).mp3
Incredible (Original Mix),"Carnage, Borgore","Top 20 Electro, Tech & Progressive House Charts - Feb 2013 - iCORM",,,81%,Retro Dance & Pop-Rock,"010. Carnage, Borgore - Incredible (Original Mix).mp3"
I Wanna Move With U (Original Mix),CASSIMM,Indie,,,81%,Retro Dance & Pop-Rock,CASSIMM-I Wanna Move With U (Original Mix) www.mp3c.cc .mp3
He Not In (Eats Everything Chicken Tits Rewix),Chicken Lips,"Top 20 Electro, Tech & Progressive House Charts - Feb 2013 - iCORM",,,81%,Retro Dance & Pop-Rock,005. Chicken Lips - He Not In (Eats Everything Chicken Tits Rewix).mp3
Love Me (Big Room Mix),"Chris Kaeser, StoneBridge & Krista Richards",VA - Hed Kandi Ibiza 2012 (2012),,,81%,Retro Dance & Pop-Rock,"24.Chris Kaeser, StoneBridge & Krista Richards - Love Me (Big Room Mix).mp3"
Helium (Original Mix),Chris Lake feat. Jareth,Beatport Progressive House Top100 (February 14),,,81%,Retro Dance & Pop-Rock,Chris Lake feat. Jareth - Helium (Original Mix).mp3
Can We Get Connected (Fred Everything's Connected Mix),Chris Lum,Best Of House 16,,,81%,Retro Dance & Pop-Rock,Chris Lum - Can We Get Connected (Fred Everything's Connected Mix).mp3
These Roads (Original Mix),Chris Reece,Beatport Progressive House Top100 (February 14),,,81%,Retro Dance & Pop-Rock,Chris Reece - These Roads (Original Mix).mp3
Deal With God (Original Mix),Claudia Cazacu & Matt Williams ft. Brian Molko,Beatport Progressive House Top100 (February 14),,,81%,Retro Dance & Pop-Rock,Claudia Cazacu & Matt Williams ft. Brian Molko - Deal With God (Original Mix).mp3
A Rush Of Blood To The Head,Coldplay,Coldplay - A Rush Of Blood To The Head [320kbps],,,81%,Retro Dance & Pop-Rock,Coldplay - 10 - A Rush Of Blood To The Head.mp3
Amsterdam,Coldplay,Coldplay - A Rush Of Blood To The Head [320kbps],,,81%,Retro Dance & Pop-Rock,Coldplay - 11 - Amsterdam.mp3
Clocks,Coldplay,Coldplay - A Rush Of Blood To The Head [320kbps],,,81%,Retro Dance & Pop-Rock,Coldplay - 05 - Clocks.mp3
Daylight,Coldplay,Coldplay - A Rush Of Blood To The Head [320kbps],,,81%,Retro Dance & Pop-Rock,Coldplay - 06 - Daylight.mp3
Green Eyes,Coldplay,Coldplay - A Rush Of Blood To The Head [320kbps],,,81%,Retro Dance & Pop-Rock,Coldplay - 07 - Green Eyes.mp3
Politik,Coldplay,Coldplay - A Rush Of Blood To The Head [320kbps],,,81%,Retro Dance & Pop-Rock,Coldplay - 01 - Politik.mp3
The Scientist,Coldplay,Coldplay - A Rush Of Blood To The Head [320kbps],,,81%,Retro Dance & Pop-Rock,Coldplay - 04 - The Scientist.mp3
Warning Sign,Coldplay,Coldplay - A Rush Of Blood To The Head [320kbps],,,81%,Retro Dance & Pop-Rock,Coldplay - 08 - Warning Sign.mp3
Mystique,Collective Sound Members,Supperclub present Nomads  1_2_3_4 by Ramasutra [mp3 Flac],,,81%,Buddha Bar Lounge,10 - Collective Sound Members - Mystique.mp3
Class Consciousness,Contra Communem Opinonem,Best Of House 16,,,81%,Retro Dance & Pop-Rock,Contra Communem Opinonem - Class Consciousness.mp3
The Rhythm Of The Night,Corona,Discoteca Anni 90,,,81%,Retro Dance & Pop-Rock,Corona - The Rhythm Of The Night.mp3
Passion (Paul Angelo & Don Argento Remix) [Feat. Ashley Berndt],Crocy feat. Ashley Berndt,Progressive techno,,,81%,Retro Dance & Pop-Rock,Crocy feat. Ashley Berndt - Passion (Paul Angelo & Don Argento Remix) [Feat. Ashley Berndt].mp3
In Love,Cue Kids,Best Of House 16,,,81%,Retro Dance & Pop-Rock,Cue Kids - In Love.mp3
Until That (Dub),Cue Kids,Best Of House 16,,,81%,Retro Dance & Pop-Rock,Cue Kids - Until That (Dub).mp3
Under The Sun (Carl Hanaghan Remix),Cult 45,VA - Hed Kandi Ibiza 2012 (2012),,,81%,Retro Dance & Pop-Rock,10.Cult 45 - Under The Sun (Carl Hanaghan Remix).mp3
Miners (Original Mix),Daddy's Groove,Beatport Progressive House Top100 (February 14),,,81%,Retro Dance & Pop-Rock,Daddy's Groove - Miners (Original Mix).mp3
"Around The World - Harder, Better, Faster, Stronger",Daft Punk,Songs,,,81%,Retro Dance & Pop-Rock,"05-Daft Punk - Around The World - Harder, Better, Faster, Stronger.mp3"
Beyond,Daft Punk,Daft Punk - Random Access Memories (2013) [MP3 192],,,81%,Retro Dance & Pop-Rock,09 - Beyond.mp3
Burnin' - Too Long,Daft Punk,Songs,,,81%,Retro Dance & Pop-Rock,06-Daft Punk - Burnin' - Too Long.mp3
Contact,Daft Punk,Daft Punk - Random Access Memories (2013) [MP3 192],,,81%,Retro Dance & Pop-Rock,13 - Contact.mp3
Da Funk - Daftendirekt,Daft Punk,Songs,,,81%,Retro Dance & Pop-Rock,09-Daft Punk - Da Funk - Daftendirekt.mp3
Doin' it right,Daft Punk,Daft Punk - Random Access Memories (2013) [MP3 192],,,81%,Retro Dance & Pop-Rock,12 - Doin' it right.mp3
Encore - Human After All - Together - Together - One More Time (reprise) - Stardust - Music Sounds Better with You,Daft Punk,Songs,,,81%,Retro Dance & Pop-Rock,11-Daft Punk - Encore - Human After All - Together - Together - One More Time (reprise) - Stardust - Music Sounds Better with You.mp3
Face to Face - Short Circuit,Daft Punk,Songs,,,81%,Retro Dance & Pop-Rock,07-Daft Punk - Face to Face - Short Circuit.mp3
Fragments of time,Daft Punk,Daft Punk - Random Access Memories (2013) [MP3 192],,,81%,Retro Dance & Pop-Rock,11 - Fragments of time.mp3
Get lucky,Daft Punk,Daft Punk - Random Access Memories (2013) [MP3 192],,,81%,Retro Dance & Pop-Rock,08 - Get lucky.mp3
Give life back to music (1),Daft Punk,Daft Punk - Random Access Memories (2013) [MP3 192],,,81%,Retro Dance & Pop-Rock,01 - Give life back to music (1).mp3
Instant crush,Daft Punk,Daft Punk - Random Access Memories (2013) [MP3 192],,,81%,Retro Dance & Pop-Rock,05 - Instant crush.mp3
Lose yourself to dance,Daft Punk,Daft Punk - Random Access Memories (2013) [MP3 192],,,81%,Retro Dance & Pop-Rock,06 - Lose yourself to dance.mp3
Motherboard,Daft Punk,Daft Punk - Random Access Memories (2013) [MP3 192],,,81%,Retro Dance & Pop-Rock,10 - Motherboard.mp3
One More Time - Aerodynamic - Aerodynamic Beats - Forget About the World,Daft Punk,Songs,,,81%,Retro Dance & Pop-Rock,08-Daft Punk - One More Time - Aerodynamic - Aerodynamic Beats - Forget About the World.mp3
Robot Rock - Oh Yeah,Daft Punk,Songs,,,81%,Retro Dance & Pop-Rock,01-Daft Punk - Robot Rock - Oh Yeah.mp3
Superheroes - Human After All - Rock'n Roll,Daft Punk,Songs,,,81%,Retro Dance & Pop-Rock,10-Daft Punk - Superheroes - Human After All - Rock'n Roll.mp3
The Prime Time of Your Life - The Brainwasher - Rollin' & Scratchin' - Alive,Daft Punk,Songs,,,81%,Retro Dance & Pop-Rock,08-Daft Punk - The Prime Time of Your Life - The Brainwasher - Rollin' & Scratchin' - Alive.mp3
Too Long - Steam Machine,Daft Punk,Songs,,,81%,Retro Dance & Pop-Rock,04-Daft Punk - Too Long - Steam Machine.mp3
Touch It - Technologic,Daft Punk,Songs,,,81%,Retro Dance & Pop-Rock,02-Daft Punk - Touch It - Technologic.mp3
Within,Daft Punk,Daft Punk - Random Access Memories (2013) [MP3 192],,,81%,Retro Dance & Pop-Rock,04 - Within.mp3
Bird Of Prey (Hailing Jordan Remix),Daniel Portman,Beatport Progressive House Top100 (February 14),,,81%,Retro Dance & Pop-Rock,Daniel Portman - Bird Of Prey (Hailing Jordan Remix).mp3
And God Said (Club Mix),Dankann,Beatport Progressive House Top100 (February 14),,,81%,Retro Dance & Pop-Rock,Dankann - And God Said (Club Mix).mp3
Dragonfly (Original Mix),Dash Berlin & Carita La Nina,Top 100 Beatport - April 2014,,,81%,Retro Dance & Pop-Rock,65 - Dash Berlin & Carita La Nina - Dragonfly (Original Mix).mp3
Fade to Grey (Feat. Steve Strange),Datura,Discoteca Anni 90,,,81%,Retro Dance & Pop-Rock,Datura - Fade to Grey (Feat. Steve Strange).mp3
american_baby,dave_matthews_band,Dave Matthews Band - The Best Of Whats Around Vol.1 (Advance 2006) - Alternative [www.torrentazos.com],,,81%,Retro Dance & Pop-Rock,112-dave_matthews_band-american_baby_-_www.torrentazos.com.mp3
crash_into_me,dave_matthews_band,Dave Matthews Band - The Best Of Whats Around Vol.1 (Advance 2006) - Alternative [www.torrentazos.com],,,81%,Retro Dance & Pop-Rock,103-dave_matthews_band-crash_into_me_-_www.torrentazos.com.mp3
crush,dave_matthews_band,Dave Matthews Band - The Best Of Whats Around Vol.1 (Advance 2006) - Alternative [www.torrentazos.com],,,81%,Retro Dance & Pop-Rock,106-dave_matthews_band-crush_-_www.torrentazos.com.mp3
hunger_for_the_great_light,dave_matthews_band,Dave Matthews Band - The Best Of Whats Around Vol.1 (Advance 2006) - Alternative [www.torrentazos.com],,,81%,Retro Dance & Pop-Rock,111-dave_matthews_band-hunger_for_the_great_light_-_www.torrentazos.com.mp3
so_right,dave_matthews_band,Dave Matthews Band - The Best Of Whats Around Vol.1 (Advance 2006) - Alternative [www.torrentazos.com],,,81%,Retro Dance & Pop-Rock,107-dave_matthews_band-so_right_-_www.torrentazos.com.mp3
the_best_of_whats_around,dave_matthews_band,Dave Matthews Band - The Best Of Whats Around Vol.1 (Advance 2006) - Alternative [www.torrentazos.com],,,81%,Retro Dance & Pop-Rock,101-dave_matthews_band-the_best_of_whats_around_-_www.torrentazos.com.mp3
too_much,dave_matthews_band,Dave Matthews Band - The Best Of Whats Around Vol.1 (Advance 2006) - Alternative [www.torrentazos.com],,,81%,Retro Dance & Pop-Rock,104-dave_matthews_band-too_much_-_www.torrentazos.com.mp3
what_would_you_say,dave_matthews_band,Dave Matthews Band - The Best Of Whats Around Vol.1 (Advance 2006) - Alternative [www.torrentazos.com],,,81%,Retro Dance & Pop-Rock,102-dave_matthews_band-what_would_you_say_-_www.torrentazos.com.mp3
This Is True (Original Mix),"David Amo, Julio Navas, Rober Gaez","Top 20 Electro, Tech & Progressive House Charts - Feb 2013 - iCORM",,,81%,Retro Dance & Pop-Rock,"017. David Amo, Julio Navas, Rober Gaez - This Is True House (Original Mix).mp3"
Epikur (Original Mix),David August,Top 100 Beatport - April 2014,,,81%,Retro Dance & Pop-Rock,51 - David August - Epikur (Original Mix).mp3
Sister Supreme (Fred Everything Movin' Dub),David Panda Feat Cecilia Stalin,Best Of House 16,,,81%,Retro Dance & Pop-Rock,David Panda Feat Cecilia Stalin - Sister Supreme (Fred Everything Movin' Dub).mp3
Lovin' U (Original Mix),David Penn feat. Max C,VA - Hed Kandi Ibiza 2012 (2012),,,81%,Retro Dance & Pop-Rock,07.David Penn feat. Max C - Lovin' U (Original Mix).mp3
Baila Con Migo (Johnny's Fiasco's Unreleased Remix),David Vasquez,Best Of House 16,,,81%,Retro Dance & Pop-Rock,David Vasquez - Baila Con Migo (Johnny's Fiasco's Unreleased Remix).mp3
Izchel (Original Mix) [Stripped Recordings],db,Progressive techno,,,81%,Retro Dance & Pop-Rock,116 db - Izchel (Original Mix) [Stripped Recordings].mp3
Universal Key (Andres Campo Remix),De La Swing,Progressive techno,,,81%,Retro Dance & Pop-Rock,De La Swing - Universal Key (Andres Campo Remix).mp3
Yulunga,Dead Can Dance,Supperclub present Nomads  1_2_3_4 by Ramasutra [mp3 Flac],,,81%,Buddha Bar Lounge,01 - Dead Can Dance - Yulunga.mp3
So Right (Dean’s Dub),Dean Newton & Huggy,VA - Hed Kandi Ibiza 2012 (2012),,,81%,Retro Dance & Pop-Rock,44.Dean Newton & Huggy - So Right (Dean’s House Dub).mp3
The Great Valley (Original Mix),Denzal Park & Dave Winnel,Beatport Progressive House Top100 (February 14),,,81%,Retro Dance & Pop-Rock,Denzal Park & Dave Winnel - The Great Valley (Original Mix).mp3
Bootie In Your Face (Original Mix),Deorro,Top 100 Beatport - April 2014,,,81%,Retro Dance & Pop-Rock,64 - Deorro - Bootie In Your Face (Original Mix).mp3
Five Hours (Original Mix),Deorro,Top 100 Beatport - April 2014,,,81%,Retro Dance & Pop-Rock,47 - Deorro - Five Hours (Original Mix).mp3
Yee (Original Mix),Deorro,Beatport Progressive House Top100 (February 14),,,81%,Retro Dance & Pop-Rock,Deorro - Yee (Original Mix).mp3
G.I.P.S.Y (Original Mix),Dimitri Vegas & Like Mike feat. Boostedkids,Beatport Progressive House Top100 (February 14),,,81%,Retro Dance & Pop-Rock,Dimitri Vegas & Like Mike feat. Boostedkids - G.I.P.S.Y (Original Mix).mp3
Ocarina (The TomorrowWorld Anthem) (Original Mix),Dimitri Vegas & Like Mike feat. Wolfpack,Beatport Progressive House Top100 (February 14),,,81%,Retro Dance & Pop-Rock,Dimitri Vegas & Like Mike feat. Wolfpack - Ocarina (The TomorrowWorld Anthem) (Original Mix).mp3
Wakanda (Original),"Dimitri Vegas, Like Mike","Top 20 Electro, Tech & Progressive House Charts - Feb 2013 - iCORM",,,81%,Retro Dance & Pop-Rock,"006. Dimitri Vegas, Like Mike - Wakanda (Original).mp3"
Mammoth (Original Mix),"Dimitri Vegas, Moguai & Like Mike",Beatport Progressive House Top100 (February 14),,,81%,Retro Dance & Pop-Rock,"Dimitri Vegas, Moguai & Like Mike - Mammoth (Original Mix).mp3"
Harmonize (Club Mix),Dirty Disco Youth,Top 100 Beatport - April 2014,,,81%,Retro Dance & Pop-Rock,13 - Dirty Disco Youth - Harmonize (Club Mix).mp3
Awaken - Believe,Disturbed,Believe,,,81%,Retro Dance & Pop-Rock,03 - Disturbed - Awaken - Believe.mp3
Believe - Believe,Disturbed,Believe,,,81%,Retro Dance & Pop-Rock,04 - Disturbed - Believe - Believe.mp3
Bound - Believe,Disturbed,Believe,,,81%,Retro Dance & Pop-Rock,10 - Disturbed - Bound - Believe.mp3
Breathe - Believe,Disturbed,Believe,,,81%,Retro Dance & Pop-Rock,09 - Disturbed - Breathe - Believe.mp3
Darkness - Believe,Disturbed,Believe,,,81%,Retro Dance & Pop-Rock,12 - Disturbed - Darkness - Believe.mp3
Devour - Believe,Disturbed,Believe,,,81%,Retro Dance & Pop-Rock,11 - Disturbed - Devour - Believe.mp3
Intoxication - Believe,Disturbed,Believe,,,81%,Retro Dance & Pop-Rock,06 - Disturbed - Intoxication - Believe.mp3
Liberate - Believe,Disturbed,Believe,,,81%,Retro Dance & Pop-Rock,02 - Disturbed - Liberate - Believe.mp3
Mistress - Believe,Disturbed,Believe,,,81%,Retro Dance & Pop-Rock,08 - Disturbed - Mistress - Believe.mp3
Prayer - Believe,Disturbed,Believe,,,81%,Retro Dance & Pop-Rock,01 - Disturbed - Prayer - Believe.mp3
Remember - Believe,Disturbed,Believe,,,81%,Retro Dance & Pop-Rock,05 - Disturbed - Remember - Believe.mp3
Rise - Believe,Disturbed,Believe,,,81%,Retro Dance & Pop-Rock,07 - Disturbed - Rise - Believe.mp3
Ready Or Not,DJ Dado & Simone Jay,Discoteca Anni 90,,,81%,Retro Dance & Pop-Rock,DJ Dado & Simone Jay - Ready Or Not.mp3
Break The Day (Original Mix),DJ Eibhlin,VA - Hed Kandi Ibiza 2012 (2012),,,81%,Retro Dance & Pop-Rock,42.DJ Eibhlin - Break The Day (Original Mix).mp3
Mo Fuaime,DJ Eibhlin,VA - Hed Kandi Ibiza 2012 (2012),,,81%,Retro Dance & Pop-Rock,41.DJ Eibhlin - Mo Fuaime.mp3
Be Nice (Sven Black$$tar Remix),DJ Greenhorn,Top 100 Beatport - April 2014,,,81%,Retro Dance & Pop-Rock,67 - DJ Greenhorn - Be Nice (Sven Black$$tar Remix).mp3
Guitar Spell,Dj Sylvan,Discoteca Anni 90,,,81%,Retro Dance & Pop-Rock,Dj Sylvan - Guitar Spell.mp3
Mozambu (Johnny Fiasco Remix),DJ Wady,Best Of House 16,,,81%,Retro Dance & Pop-Rock,DJ Wady - Mozambu (Johnny Fiasco Remix).mp3
Black Mask (Original Mix),Don Diablo,Top 100 Beatport - April 2014,,,81%,Retro Dance & Pop-Rock,77 - Don Diablo - Black Mask (Original Mix).mp3
Cama (Original Mix),Driftmoon,Beatport Progressive House Top100 (February 14),,,81%,Retro Dance & Pop-Rock,Driftmoon - Cama (Original Mix).mp3
Rockin (Original Mix),DubVision & Firebeatz,Top 100 Beatport - April 2014,,,81%,Retro Dance & Pop-Rock,85 - DubVision & Firebeatz - Rockin (Original Mix).mp3
Raveology (Original Mix),DVBBS & VINAI,Top 100 Beatport - April 2014,,,81%,Retro Dance & Pop-Rock,84 - DVBBS & VINAI - Raveology (Original Mix).mp3
Black Smoke (Original Mix),Dyro,Top 100 Beatport - April 2014,,,81%,Retro Dance & Pop-Rock,62 - Dyro - Black Smoke (Original Mix).mp3
Calling Out (Original Mix),Dyro feat. Ryder,Top 100 Beatport - April 2014,,,81%,Retro Dance & Pop-Rock,59 - Dyro feat. Ryder - Calling Out (Original Mix).mp3
Highline (Original Mix),Dzeko & Torres,Beatport Progressive House Top100 (February 14),,,81%,Retro Dance & Pop-Rock,Dzeko & Torres - Highline (Original Mix).mp3
Just You & I,Dzihan & Kamien,Supperclub present Nomads  1_2_3_4 by Ramasutra [mp3 Flac],,,81%,Buddha Bar Lounge,04 - Dzihan & Kamien - Just You & I.mp3
Falling In Love Again,Eagle-Eye Cherry,Eagle Eye Cherry,,,81%,Retro Dance & Pop-Rock,Falling In Love Again.mp3
Between My Sheets (All Good Funk Alliance Remix),East Coast Boogiemen,Best Of House 16,,,81%,Retro Dance & Pop-Rock,East Coast Boogiemen - Between My Sheets (All Good Funk Alliance Remix).mp3
All In The Groove,Eddie Matos,Best Of House 16,,,81%,Retro Dance & Pop-Rock,Eddie Matos - All In The Groove.mp3
Carry On,Eddie Matos,Best Of House 16,,,81%,Retro Dance & Pop-Rock,Eddie Matos - Carry On.mp3
Dancin' Tonight,Eddie Matos,Best Of House 16,,,81%,Retro Dance & Pop-Rock,Eddie Matos - Dancin' Tonight.mp3
Hypnotized (Joshua Iz Vizual Mix),Eddie Matos,Best Of House 16,,,81%,Retro Dance & Pop-Rock,Eddie Matos - Hypnotized (Joshua Iz Vizual Mix).mp3
Sunday Afternoon,Eddie Matos,Best Of House 16,,,81%,Retro Dance & Pop-Rock,Eddie Matos - Sunday Afternoon.mp3
Caramel (Jamie Stevens Remix) [Selador],EdOne,Progressive techno,,,81%,Retro Dance & Pop-Rock,EdOne - Caramel (Jamie Stevens Remix) [Selador].mp3
Caramel (Original Mix) [Selador],EdOne,Progressive techno,,,81%,Retro Dance & Pop-Rock,EdOne - Caramel (Original Mix) [Selador].mp3
Blue (Da Ba Dee),Eiffel 65,Discoteca Anni 90,,,81%,Retro Dance & Pop-Rock,Eiffel 65 - Blue (Da Ba Dee).mp3
Move Your Body,Eiffel 65,Discoteca Anni 90,,,81%,Retro Dance & Pop-Rock,Eiffel 65 - Move Your Body.mp3
El Son,Emilio Perez,Supperclub present Nomads  1_2_3_4 by Ramasutra [mp3 Flac],,,81%,Buddha Bar Lounge,06 - Emilio Perez - El Son.mp3
Ping Pong,Endangered Music,Best Of House 16,,,81%,Retro Dance & Pop-Rock,Endangered Music - Ping Pong.mp3
Azumea (Jacob van Hage Edit),Essentials & Wessel S,Beatport Progressive House Top100 (February 14),,,81%,Retro Dance & Pop-Rock,Essentials & Wessel S - Azumea (Jacob van Hage Edit).mp3
Life Essentials - Cheek to Cheek (Ronan Remix),Fashion TV Beach,Ronan,,,81%,Retro Dance & Pop-Rock,Fashion TV Beach - Life Essentials - Cheek to Cheek (Ronan Remix).mp3
Ronan,Fashion tv Beach _Presence,Ronan,,,81%,Retro Dance & Pop-Rock,Fashion tv Beach House _Presence - Ronan_.mp3
Take The Fall (Extended Mix),First State featuring Relyk,Beatport Progressive House Top100 (February 14),,,81%,Retro Dance & Pop-Rock,First State featuring Relyk - Take The Fall (Extended Mix).mp3
Babutschi,Flamingo Star,Supperclub present Nomads  1_2_3_4 by Ramasutra [mp3 Flac],,,81%,Buddha Bar Lounge,05 - Flamingo Star - Babutschi.mp3
Need In Me (Edit),Flashmob,VA - Hed Kandi Ibiza 2012 (2012),,,81%,Retro Dance & Pop-Rock,40.Flashmob - Need In Me (Edit).mp3
Placebo (Original Mix) (1),Flex Cop,Indie,,,81%,Retro Dance & Pop-Rock,Flex Cop-Placebo (Original Mix) www.myfreemp3.re  (1).mp3
Straight Up (Original Mix) (1),Flex Cop,Indie,,,81%,Retro Dance & Pop-Rock,Flex Cop-Straight Up (Original Mix) www.myfreemp3.re  (1).mp3
Trombone (Original Mix),Flippers,Beatport Progressive House Top100 (February 14),,,81%,Retro Dance & Pop-Rock,Flippers - Trombone (Original Mix).mp3
How I Feel (Sick Individuals Radio Mix),Flo Rida,Top 100 Beatport - April 2014,,,81%,Retro Dance & Pop-Rock,12 - Flo Rida - How I Feel (Sick Individuals Radio Mix).mp3
Believe Me,Fort Minor,Fort Minor,,,81%,Retro Dance & Pop-Rock,Believe Me.mp3
The Facts And The Dreams,Fragile State,Supperclub present Nomads  1_2_3_4 by Ramasutra [mp3 Flac],,,81%,Buddha Bar Lounge,11 - Fragile State - The Facts And The Dreams.mp3
Blackout (Compilation Edit),Franky Rizardo & Roul and Doors,VA - Hed Kandi Ibiza 2012 (2012),,,81%,Retro Dance & Pop-Rock,27.Franky Rizardo & Roul and Doors - Blackout (Compilation Edit).mp3
Come On Everybody,Fred Everything,Best Of House 16,,,81%,Retro Dance & Pop-Rock,Fred Everything - Come On Everybody.mp3
Don't Want Chu (Now) (JT Donaldson & Tim K 12 Inch Edit),Fred Everything,Best Of House 16,,,81%,Retro Dance & Pop-Rock,Fred Everything - Don't Want Chu (Now) (JT Donaldson & Tim K 12 Inch Edit).mp3
First Impressions (Fred's Longer Tribute),Fred Everything,Best Of House 16,,,81%,Retro Dance & Pop-Rock,Fred Everything - First Impressions (Fred's Longer Tribute).mp3
Freed From Desire (Sven Black$$tar Remix),Fun[k],Top 100 Beatport - April 2014,,,81%,Retro Dance & Pop-Rock,09 - Fun[k]House - Freed From Desire (Sven Black$$tar Remix).mp3
Back To Earth (Original Mix),Futuristic Polar Bears,Beatport Progressive House Top100 (February 14),,,81%,Retro Dance & Pop-Rock,Futuristic Polar Bears - Back To Earth (Original Mix).mp3
Ronan Feat. C. Shaw - Sunset,FVT BEACH,Ronan,,,81%,Retro Dance & Pop-Rock,FVT BEACH - Ronan Feat. C. Shaw  - Sunset.mp3
Come Into My Life,Gala,Discoteca Anni 90,,,81%,Retro Dance & Pop-Rock,Gala - Come Into My Life.mp3
Freed From Desire,Gala,Discoteca Anni 90,,,81%,Retro Dance & Pop-Rock,Gala - Freed From Desire.mp3
Let A Boy Cry,Gala,Discoteca Anni 90,,,81%,Retro Dance & Pop-Rock,Gala - Let A Boy Cry.mp3
U (Club Mix),Gareth Emery feat. Bo Bruce,Beatport Progressive House Top100 (February 14),,,81%,Retro Dance & Pop-Rock,Gareth Emery feat. Bo Bruce - U (Club Mix).mp3
Gud Fella,Gigi,Supperclub present Nomads  1_2_3_4 by Ramasutra [mp3 Flac],,,81%,Buddha Bar Lounge,12 - Gigi - Gud Fella.mp3
Another Way,Gigi D'Agostino,Discoteca Anni 90,,,81%,Retro Dance & Pop-Rock,Gigi D'Agostino - Another Way.mp3
Elisir,Gigi D'Agostino,Discoteca Anni 90,,,81%,Retro Dance & Pop-Rock,Gigi D'Agostino - Elisir.mp3
La Passion,Gigi D'Agostino,Discoteca Anni 90,,,81%,Retro Dance & Pop-Rock,Gigi D'Agostino - La Passion.mp3
Music,Gigi D'Agostino,Discoteca Anni 90,,,81%,Retro Dance & Pop-Rock,Gigi D'Agostino - Music.mp3
The Riddle,Gigi D'Agostino,Discoteca Anni 90,,,81%,Retro Dance & Pop-Rock,Gigi D'Agostino - The Riddle.mp3
Oblique,Gillespie,Supperclub present Nomads  1_2_3_4 by Ramasutra [mp3 Flac],,,81%,Buddha Bar Lounge,09 - Gillespie - Oblique.mp3
feat. Apple Rochez Original Mix,Giom Dr Zapp,Indie,,,81%,Retro Dance & Pop-Rock,Giom  Dr Zapp Feat Apple Rochez Original Mix.mp3
Concrete Level Jazz,Glenn Underground,Best Of House 16,,,81%,Retro Dance & Pop-Rock,Glenn Underground - Concrete Level Jazz.mp3
G&S Motion,Glenn Underground,Best Of House 16,,,81%,Retro Dance & Pop-Rock,Glenn Underground - G&S Motion.mp3
Head Of,Glenn Underground,Best Of House 16,,,81%,Retro Dance & Pop-Rock,Glenn Underground - Head Of House.mp3
Seaquest,Glenn Underground,Best Of House 16,,,81%,Retro Dance & Pop-Rock,Glenn Underground - Seaquest.mp3
Feel Good Factor,Greenbay Jackers,Best Of House 16,,,81%,Retro Dance & Pop-Rock,Greenbay Jackers - Feel Good Factor.mp3
In Love (Club Mix),Grum,Beatport Progressive House Top100 (February 14),,,81%,Retro Dance & Pop-Rock,Grum - In Love (Club Mix).mp3
Infinity,Guru Josh,Discoteca Anni 90,,,81%,Retro Dance & Pop-Rock,Guru Josh - Infinity.mp3
Airwaves (Dmitry Molosh Unofficial Remix),GusGus,Progressive techno,,,81%,Retro Dance & Pop-Rock,GusGus - Airwaves (Dmitry Molosh Unofficial Remix).mp3
The River,Haddaway,Haddaway,,,81%,Retro Dance & Pop-Rock,The River.mp3
What Is Love (7'' Mix),Haddaway,Haddaway,,,81%,Retro Dance & Pop-Rock,What Is Love (7'' Mix).mp3
Get Down (Original Mix),Hard Rock Sofa vs Eva Shaw,Beatport Progressive House Top100 (February 14),,,81%,Retro Dance & Pop-Rock,Hard Rock Sofa vs Eva Shaw - Get Down (Original Mix).mp3
Opera (Original Mix),Harvel B,Beatport Progressive House Top100 (February 14),,,81%,Retro Dance & Pop-Rock,Harvel B - Opera (Original Mix).mp3
Beautiful (1),Hed Kandi,Hed Kandi,,,81%,Retro Dance & Pop-Rock,Hed Kandi  - Beautiful (1).mp3
Everywhere,Hed Kandi,Hed Kandi,,,81%,Retro Dance & Pop-Rock,Hed Kandi - Everywhere.mp3
Falling (Miami 2011),Hed Kandi,Hed Kandi,,,81%,Retro Dance & Pop-Rock,Hed Kandi  -  Falling (Miami 2011).mp3
Feeling together,Hed Kandi,Hed Kandi,,,81%,Retro Dance & Pop-Rock,Hed Kandi- Feeling together.mp3
Giving it All,Hed Kandi,Hed Kandi,,,81%,Retro Dance & Pop-Rock,Hed Kandi- Giving it All.mp3
In This Life,Hed Kandi,Hed Kandi,,,81%,Retro Dance & Pop-Rock,Hed Kandi - In This Life.mp3
"Its You, Its Me (Album Mix)",Hed Kandi,Hed Kandi,,,81%,Retro Dance & Pop-Rock,"Hed Kandi  -  Its You, Its Me (Album Mix).mp3"
Jetlag - So Right,Hed Kandi,Hed Kandi,,,81%,Retro Dance & Pop-Rock,Hed Kandi - Jetlag - So Right.mp3
Love Is On My Mind (Club Mix),Hed Kandi,Hed Kandi,,,81%,Retro Dance & Pop-Rock,Hed Kandi  -  Love Is On My Mind (Club Mix).mp3
Man in the Mirror [ club_dance remix ],Hed Kandi,Hed Kandi,,,81%,Retro Dance & Pop-Rock,Hed Kandi - Man in the Mirror [ club_dance remix ].mp3
Never Gonna Let You Down (feat Oby),Hed Kandi,Hed Kandi,,,81%,Retro Dance & Pop-Rock,Hed Kandi  -  Never Gonna Let You Down (feat Oby).mp3
Put them high (1),Hed Kandi,Hed Kandi,,,81%,Retro Dance & Pop-Rock,Hed Kandi- Put them high (1).mp3
Rescue Me (Miami 2011),Hed Kandi,Hed Kandi,,,81%,Retro Dance & Pop-Rock,Hed Kandi  -  Rescue Me (Miami 2011).mp3
Show Me Love,Hed Kandi,Hed Kandi,,,81%,Retro Dance & Pop-Rock,Hed Kandi - Show Me Love.mp3
Sky High (Miami 2011),Hed Kandi,Hed Kandi,,,81%,Retro Dance & Pop-Rock,Hed Kandi  -  Sky High (Miami 2011).mp3
So Many Times,Hed Kandi,Hed Kandi,,,81%,Retro Dance & Pop-Rock,Hed Kandi - So Many Times.mp3
Something Better,Hed Kandi,Hed Kandi,,,81%,Retro Dance & Pop-Rock,Hed Kandi- Something Better.mp3
Star Lover (Martin Ikin Remix),Hed Kandi,Hed Kandi,,,81%,Retro Dance & Pop-Rock,Hed Kandi  -  Star Lover (Martin Ikin Remix).mp3
The End (Original Mix),Hed Kandi,Hed Kandi,,,81%,Retro Dance & Pop-Rock,Hed Kandi  -  The End (Original Mix).mp3
Without You (Ibiza 2010),Hed Kandi,Hed Kandi,,,81%,Retro Dance & Pop-Rock,Hed Kandi - Without You (Ibiza 2010).mp3
You Know How to Love,Hed Kandi,Hed Kandi,,,81%,Retro Dance & Pop-Rock,Hed Kandi  -  You Know How to Love.mp3
Beach HK091,Hed Kandi Album Taster 2009,Hed Kandi,,,81%,Retro Dance & Pop-Rock,Hed Kandi Album Taster 2009 - Beach House HK091.mp3
Factor15 &quot;Summer love&quot,Hed Kandi Beach,Hed Kandi,,,81%,Retro Dance & Pop-Rock,Hed Kandi Beach House -Factor15 &quot;Summer love&quot;.mp3
Love Potion,Hed Kandi Beach,Hed Kandi,,,81%,Retro Dance & Pop-Rock,Hed Kandi Beach House- Love Potion.mp3
Viva L'amore,Hed Kandi Beach 2011,Hed Kandi,,,81%,Retro Dance & Pop-Rock,Hed Kandi Beach House 2011 - Viva L'amore.mp3
The One,Hed kandi....Funkerman ft IFan,Hed Kandi,,,81%,Retro Dance & Pop-Rock,Hed kandi....Funkerman ft IFan - The One.mp3
Less Talk More Action,Hedkandi,Hed Kandi,,,81%,Retro Dance & Pop-Rock,Hedkandi - Less Talk More Action.mp3
Wake Up,Hedkandi,Hed Kandi,,,81%,Retro Dance & Pop-Rock,Hedkandi - Wake Up.mp3
Hi Pitched,Hipp-E & Tony,Best Of House 16,,,81%,Retro Dance & Pop-Rock,Hipp-E & Tony - Hi Pitched.mp3
Lovedub,Hipp-E & Tony,Best Of House 16,,,81%,Retro Dance & Pop-Rock,Hipp-E & Tony - Lovedub.mp3
Flutes (Tong & Rogers Remix),Hot Chip,VA - Hed Kandi Ibiza 2012 (2012),,,81%,Retro Dance & Pop-Rock,15.Hot Chip - Flutes (Tong & Rogers Remix).mp3
Your Brain is Mine (Extended Version),Human Groove,Discoteca Anni 90,,,81%,Retro Dance & Pop-Rock,Human Groove - Your Brain is Mine (Extended Version).mp3
900 Degrees,Ian Pooley,Ian Pooley - Since Then,,,81%,Retro Dance & Pop-Rock,10 - Ian Pooley - 900 Degrees.mp3
Balmes,Ian Pooley,Ian Pooley - Since Then,,,81%,Retro Dance & Pop-Rock,06 - Ian Pooley - Balmes.mp3
Bay Of Plenty,Ian Pooley,Ian Pooley - Since Then,,,81%,Retro Dance & Pop-Rock,04 - Ian Pooley - Bay Of Plenty.mp3
Coraçao Tambor (Featuring Rosanna & Zélia),Ian Pooley,Ian Pooley - Since Then,,,81%,Retro Dance & Pop-Rock,05 - Ian Pooley - Coraçao Tambor (Featuring Rosanna & Zélia).mp3
Coraçao Tambor (Intro),Ian Pooley,Ian Pooley - Since Then,,,81%,Retro Dance & Pop-Rock,01 - Ian Pooley - Coraçao Tambor (Intro).mp3
Menino Brincadeira (Featuring Rosanna & Zélia),Ian Pooley,Ian Pooley - Since Then,,,81%,Retro Dance & Pop-Rock,09 - Ian Pooley - Menino Brincadeira (Featuring Rosanna & Zélia).mp3
Since Then,Ian Pooley,Ian Pooley - Since Then,,,81%,Retro Dance & Pop-Rock,03 - Ian Pooley - Since Then.mp3
Spicy Snapper,Ian Pooley,Ian Pooley - Since Then,,,81%,Retro Dance & Pop-Rock,08 - Ian Pooley - Spicy Snapper.mp3
Sundowner,Ian Pooley,Ian Pooley - Since Then,,,81%,Retro Dance & Pop-Rock,11 - Ian Pooley - Sundowner.mp3
Venasque,Ian Pooley,Ian Pooley - Since Then,,,81%,Retro Dance & Pop-Rock,02 - Ian Pooley - Venasque.mp3
Visions (Featuring Kirsty Hawkshaw),Ian Pooley,Ian Pooley - Since Then,,,81%,Retro Dance & Pop-Rock,07 - Ian Pooley - Visions (Featuring Kirsty Hawkshaw).mp3
Is It Love,iiO,iiO,,,81%,Retro Dance & Pop-Rock,Is It Love.mp3
Kiss You,iiO,iiO,,,81%,Retro Dance & Pop-Rock,Kiss You.mp3
Rapture,iiO,iiO,,,81%,Retro Dance & Pop-Rock,Rapture.mp3
Infinity,Infinity Ink,VA - Hed Kandi Ibiza 2012 (2012),,,81%,Retro Dance & Pop-Rock,36.Infinity Ink - Infinity.mp3
Home (Original Mix),"Ivan Gough, Walden & Jebu ft. Penelope Austin",Beatport Progressive House Top100 (February 14),,,81%,Retro Dance & Pop-Rock,"Ivan Gough, Walden & Jebu ft. Penelope Austin - Home (Original Mix).mp3"
Cosmid,Iz & Diz,Best Of House 16,,,81%,Retro Dance & Pop-Rock,Iz & Diz - Cosmid.mp3
On My Mind (Joshua Iz's SF Dub),Iz & Everything,Best Of House 16,,,81%,Retro Dance & Pop-Rock,Iz & Everything - On My Mind (Joshua Iz's SF Dub).mp3
On My Mind (Montreal Original),Iz & Everything,Best Of House 16,,,81%,Retro Dance & Pop-Rock,Iz & Everything - On My Mind (Montreal Original).mp3
Throne (Original Mix),Jack&Jordan,Beatport Progressive House Top100 (February 14),,,81%,Retro Dance & Pop-Rock,Jack&Jordan - Throne (Original Mix).mp3
Alsema Dub,Jah Wobble & Bill Laswell,Supperclub present Nomads  1_2_3_4 by Ramasutra [mp3 Flac],,,81%,Buddha Bar Lounge,07 - Jah Wobble & Bill Laswell - Alsema Dub.mp3
Bonfire Heart (eSQUIRE vs. OFFBeat Remix),James Blunt,Beatport Progressive House Top100 (February 14),,,81%,Retro Dance & Pop-Rock,James Blunt - Bonfire Heart (eSQUIRE vs. OFFBeat Remix).mp3
Pharaoh (Original Mix),Jewelz & Scott Sparks,Top 100 Beatport - April 2014,,,81%,Retro Dance & Pop-Rock,43 - Jewelz & Scott Sparks - Pharaoh (Original Mix).mp3
Unless We Forget (Original Mix),Jewelz & Scott Sparks feat. Quilla,Beatport Progressive House Top100 (February 14),,,81%,Retro Dance & Pop-Rock,Jewelz & Scott Sparks feat. Quilla - Unless We Forget (Original Mix).mp3
Beans (Swirl Peepz Mix),Jimmy Chronic,Best Of House 16,,,81%,Retro Dance & Pop-Rock,Jimmy Chronic - Beans (Swirl Peepz Mix).mp3
That Ol Style,Jimmy Jazz,Supperclub present Nomads  1_2_3_4 by Ramasutra [mp3 Flac],,,81%,Buddha Bar Lounge,12 - Jimmy Jazz - That Ol Style.mp3
"Aja Maji [Sacred Rhyth, Version]",Joe Claussell],Buddha Bar Vol. 7,,,81%,Buddha Bar Lounge,"06 Aja Maji [Sacred Rhyth, Version by Joe Claussell].mp3"
Don't Want You Back (J Paul Getto's Doesn't Want Anything To Do With You Anymore Radio Edit),Joey Negro Presents Doug Willis,VA - Hed Kandi Ibiza 2012 (2012),,,81%,Retro Dance & Pop-Rock,03.Joey Negro Presents Doug Willis - Don't Want You Back (J Paul Getto's Doesn't Want Anything To Do With You Anymore Radio Edit).mp3
65th Street Hustle,Joey Youngman,Best Of House 16,,,81%,Retro Dance & Pop-Rock,Joey Youngman - 65th Street Hustle.mp3
Flexy Gets Down,Joey Youngman,Best Of House 16,,,81%,Retro Dance & Pop-Rock,Joey Youngman - Flexy Gets Down.mp3
Life Is Calling (Original Mix),JoeySuki & Kill The Buzz,Beatport Progressive House Top100 (February 14),,,81%,Retro Dance & Pop-Rock,JoeySuki & Kill The Buzz - Life Is Calling (Original Mix).mp3
Homme (Original Mix),John Dish,Beatport Progressive House Top100 (February 14),,,81%,Retro Dance & Pop-Rock,John Dish - Homme (Original Mix).mp3
First Time (Sub Mix),Johnny Fiasco,Best Of House 16,,,81%,Retro Dance & Pop-Rock,Johnny Fiasco - First Time (Sub Mix).mp3
Dur dur d'être bébé,Jordy,Discoteca Anni 90,,,81%,Retro Dance & Pop-Rock,Jordy - Dur dur d'être bébé.mp3
Goodbye Fly,Joris Voorn,VA - Hed Kandi Ibiza 2012 (2012),,,81%,Retro Dance & Pop-Rock,45.Joris Voorn - Goodbye Fly.mp3
Griffin (Original Mix),Julian Calor,Beatport Progressive House Top100 (February 14),,,81%,Retro Dance & Pop-Rock,Julian Calor - Griffin (Original Mix).mp3
Storm (Original Mix),Julian Calor,Top 100 Beatport - April 2014,,,81%,Retro Dance & Pop-Rock,66 - Julian Calor - Storm (Original Mix).mp3
Stars (Original Mix),Jus Jack,Beatport Progressive House Top100 (February 14),,,81%,Retro Dance & Pop-Rock,Jus Jack - Stars (Original Mix).mp3
What Goes Around...Comes Around,Justin Timberlake,Justin Timberlake,,,81%,Retro Dance & Pop-Rock,What Goes Around...Comes Around.mp3
After The Firealternate Version,Kabukie Ft Cleveland Watkiss,Supperclub present Nomads  1_2_3_4 by Ramasutra [mp3 Flac],,,81%,Buddha Bar Lounge,06 - Kabukie Ft Cleveland Watkiss - After The Firealternate Version.mp3
Your Own Reality (Energy mix),Kai Tracid,Discoteca Anni 90,,,81%,Retro Dance & Pop-Rock,Kai Tracid - Your Own Reality (Energy mix).mp3
Black Music,Kelvin K,Best Of House 16,,,81%,Retro Dance & Pop-Rock,Kelvin K - Black Music.mp3
Dirty Basement,Kelvin K,Best Of House 16,,,81%,Retro Dance & Pop-Rock,Kelvin K - Dirty Basement.mp3
Driving Home,Kelvin K,Best Of House 16,,,81%,Retro Dance & Pop-Rock,Kelvin K - Driving Home.mp3
G's Groove,Kelvin K,Best Of House 16,,,81%,Retro Dance & Pop-Rock,Kelvin K - G's Groove.mp3
Hazey,Kelvin K,Best Of House 16,,,81%,Retro Dance & Pop-Rock,Kelvin K - Hazey.mp3
What It Was,Kelvin K,Best Of House 16,,,81%,Retro Dance & Pop-Rock,Kelvin K - What It Was.mp3
Heatwave Jackin (Joey Youngman Remix),Kelvin K & John Gray,Best Of House 16,,,81%,Retro Dance & Pop-Rock,Kelvin K & John Gray - Heatwave Jackin (Joey Youngman Remix).mp3
Too Late (Original Mix),"Ken Loi, Zashanell & Infinitee",Beatport Progressive House Top100 (February 14),,,81%,Retro Dance & Pop-Rock,"Ken Loi, Zashanell & Infinitee - Too Late (Original Mix).mp3"
All I Really Want,Kim Lukas,Discoteca Anni 90,,,81%,Retro Dance & Pop-Rock,Kim Lukas - All I Really Want.mp3
Drunk! (Original Mix),KitSch 2.0 & Ken Roll,Beatport Progressive House Top100 (February 14),,,81%,Retro Dance & Pop-Rock,KitSch 2.0 & Ken Roll - Drunk! (Original Mix).mp3
Megalodon (Original Mix),KSHMR,Top 100 Beatport - April 2014,,,81%,Retro Dance & Pop-Rock,57 - KSHMR - Megalodon (Original Mix).mp3
Be My Lover,La Bouche,Discoteca Anni 90,,,81%,Retro Dance & Pop-Rock,La Bouche - Be My Lover.mp3
Kamikaze (Original Mix),LA Riots & Polina,Top 100 Beatport - April 2014,,,81%,Retro Dance & Pop-Rock,69 - LA Riots & Polina - Kamikaze (Original Mix).mp3
Inside To Outside (Turning),Lady Violet,Discoteca Anni 90,,,81%,Retro Dance & Pop-Rock,Lady Violet - Inside To Outside (Turning).mp3
Collide (Original Mix),Laidback Luke & Project 46 feat. Collin Mcloughlin,Beatport Progressive House Top100 (February 14),,,81%,Retro Dance & Pop-Rock,Laidback Luke & Project 46 feat. Collin Mcloughlin - Collide (Original Mix).mp3
Young & Beautiful (Remix),Lana Del Rey vs Cedric Gervais,Beatport Progressive House Top100 (February 14),,,81%,Retro Dance & Pop-Rock,Lana Del Rey vs Cedric Gervais - Young & Beautiful (Remix).mp3
Cut To The Chorus,Lance DeSardi,Best Of House 16,,,81%,Retro Dance & Pop-Rock,Lance DeSardi - Cut To The Chorus.mp3
Transition,Lee M Kelsall,VA - Hed Kandi Ibiza 2012 (2012),,,81%,Retro Dance & Pop-Rock,31.Lee M Kelsall - Transition.mp3
01 Papercut,Linkin Park,Linken Park,,,81%,Retro Dance & Pop-Rock,1-01 Papercut.mp3
02 One Step Closer,Linkin Park,Linken Park,,,81%,Retro Dance & Pop-Rock,1-02 One Step Closer.mp3
03 With You,Linkin Park,Linken Park,,,81%,Retro Dance & Pop-Rock,1-03 With You.mp3
04 Points Of Authority,Linkin Park,Linken Park,,,81%,Retro Dance & Pop-Rock,1-04 Points Of Authority.mp3
05 Crawling,Linkin Park,Linken Park,,,81%,Retro Dance & Pop-Rock,1-05 Crawling.mp3
06 Runaway,Linkin Park,Linken Park,,,81%,Retro Dance & Pop-Rock,1-06 Runaway.mp3
08 In The End,Linkin Park,Linken Park,,,81%,Retro Dance & Pop-Rock,1-08 In The End.mp3
09 A Place For My Head,Linkin Park,Linken Park,,,81%,Retro Dance & Pop-Rock,1-09 A Place For My Head.mp3
10 Forgotten,Linkin Park,Linken Park,,,81%,Retro Dance & Pop-Rock,1-10 Forgotten.mp3
11 Cure For The Itch,Linkin Park,Linken Park,,,81%,Retro Dance & Pop-Rock,1-11 Cure For The Itch.mp3
12 Pushing Me Away,Linkin Park,Linken Park,,,81%,Retro Dance & Pop-Rock,1-12 Pushing Me Away.mp3
Breaking The Habit,Linkin Park,Linken Park,,,81%,Retro Dance & Pop-Rock,09 - Breaking The Habit.mp3
Burn It Down,Linkin Park,Linken Park,,,81%,Retro Dance & Pop-Rock,01 Burn It Down.mp3
Don't Say,Linkin Park,Linken Park,,,81%,Retro Dance & Pop-Rock,02 - Don't Say.mp3
Easier To Run,Linkin Park,Linken Park,,,81%,Retro Dance & Pop-Rock,06 - Easier To Run.mp3
Faint,Linkin Park,Linken Park,,,81%,Retro Dance & Pop-Rock,07 - Faint.mp3
Figure.09,Linkin Park,Linken Park,,,81%,Retro Dance & Pop-Rock,08 - Figure.09.mp3
Foreword,Linkin Park,Linken Park,,,81%,Retro Dance & Pop-Rock,01 - Foreword.mp3
From The Inside,Linkin Park,Linken Park,,,81%,Retro Dance & Pop-Rock,10 - From The Inside.mp3
Hit The Floor,Linkin Park,Linken Park,,,81%,Retro Dance & Pop-Rock,05 - Hit The Floor.mp3
Lying From You,Linkin Park,Linken Park,,,81%,Retro Dance & Pop-Rock,04 - Lying From You.mp3
Nobody's Listening,Linkin Park,Linken Park,,,81%,Retro Dance & Pop-Rock,11 - Nobody's Listening.mp3
Numb,Linkin Park,Linken Park,,,81%,Retro Dance & Pop-Rock,13 - Numb.mp3
Session,Linkin Park,Linken Park,,,81%,Retro Dance & Pop-Rock,12 - Session.mp3
Somewhere I Belong,Linkin Park,Linken Park,,,81%,Retro Dance & Pop-Rock,03 - Somewhere I Belong.mp3
Always (Lazy Dog Deep Music Mix),Lisa Shaw,Lisa Shaw,,,81%,Retro Dance & Pop-Rock,Lisa Shaw - Always (Lazy Dog Deep House Music Mix).mp3
Cherry (Jay's Nude Vocal),Lisa Shaw,Lisa Shaw,,,81%,Retro Dance & Pop-Rock,Lisa Shaw - Cherry (Jay's Nude Vocal).mp3
Grown Apart,Lisa Shaw,Lisa Shaw,,,81%,Retro Dance & Pop-Rock,Lisa Shaw - Grown Apart.mp3
Honey,Lisa Shaw,Lisa Shaw,,,81%,Retro Dance & Pop-Rock,Lisa Shaw - Honey.mp3
If i could,Lisa Shaw,Lisa Shaw,,,81%,Retro Dance & Pop-Rock,Lisa Shaw - If i could.mp3
Let It Ride [JimpsterMainVocal],Lisa Shaw,Lisa Shaw,,,81%,Retro Dance & Pop-Rock,Lisa Shaw ~ Let It Ride [JimpsterMainVocal].mp3
Like I Want To,Lisa Shaw,Lisa Shaw,,,81%,Retro Dance & Pop-Rock,Lisa Shaw - Like I Want To.mp3
When I,Lisa Shaw,Lisa Shaw,,,81%,Retro Dance & Pop-Rock,Lisa Shaw - When I.mp3
Do it for you,Lisa Shaw & Miguel Migs,Lisa Shaw,,,81%,Retro Dance & Pop-Rock,Lisa Shaw & Miguel Migs - Do it for you.mp3
all_night_high,lisa_shaw,Lisa Shaw,,,81%,Retro Dance & Pop-Rock,07-lisa_shaw-all_night_high.mp3
better_days,lisa_shaw,Lisa Shaw,,,81%,Retro Dance & Pop-Rock,01-lisa_shaw-better_days.mp3
can_you_see_him,lisa_shaw,Lisa Shaw,,,81%,Retro Dance & Pop-Rock,09-lisa_shaw-can_you_see_him.mp3
feel,lisa_shaw,Lisa Shaw,,,81%,Retro Dance & Pop-Rock,08-lisa_shaw-feel.mp3
find_the_way,lisa_shaw,Lisa Shaw,,,81%,Retro Dance & Pop-Rock,03-lisa_shaw-find_the_way.mp3
free,lisa_shaw,Lisa Shaw,,,81%,Retro Dance & Pop-Rock,05-lisa_shaw-free.mp3
im_okay,lisa_shaw,Lisa Shaw,,,81%,Retro Dance & Pop-Rock,10-lisa_shaw-im_okay.mp3
music_in_you,lisa_shaw,Lisa Shaw,,,81%,Retro Dance & Pop-Rock,06-lisa_shaw-music_in_you.mp3
sky_high,lisa_shaw,Lisa Shaw,,,81%,Retro Dance & Pop-Rock,13-lisa_shaw-sky_high.mp3
tomorrow,lisa_shaw,Lisa Shaw,,,81%,Retro Dance & Pop-Rock,11-lisa_shaw-tomorrow.mp3
Stand Up (Hott 22 Remix),Loleatta Holloway,Best Of House 16,,,81%,Retro Dance & Pop-Rock,Loleatta Holloway - Stand Up (Hott 22 Remix).mp3
Shinobi vs. Dragon Ninja,Lostprophets,Lostprophets,,,81%,Retro Dance & Pop-Rock,Shinobi vs. Dragon Ninja.mp3
On Fire (Original Mix),Luke Bond feat. Roxanne Emery,Beatport Progressive House Top100 (February 14),,,81%,Retro Dance & Pop-Rock,Luke Bond feat. Roxanne Emery - On Fire (Original Mix).mp3
Slapper (Original Mix),Lunde Bros,Beatport Progressive House Top100 (February 14),,,81%,Retro Dance & Pop-Rock,Lunde Bros - Slapper (Original Mix).mp3
Conjure Drama (Original Mix),Maceo Plex,Top 100 Beatport - April 2014,,,81%,Retro Dance & Pop-Rock,28 - Maceo Plex - Conjure Drama (Original Mix).mp3
Lets Get Fucked Up (Original Mix),MAKJ & Lil Jon,Top 100 Beatport - April 2014,,,81%,Retro Dance & Pop-Rock,18 - MAKJ & Lil Jon - Lets Get Fucked Up (Original Mix).mp3
Beam (Dannic Mix),Mako feat. Angel Taylor,Top 100 Beatport - April 2014,,,81%,Retro Dance & Pop-Rock,93 - Mako feat. Angel Taylor - Beam (Dannic Mix).mp3
Back In The Jungle (Original Mix),Marco V,Beatport Progressive House Top100 (February 14),,,81%,Retro Dance & Pop-Rock,Marco V - Back In The Jungle (Original Mix).mp3
Ascension,Mario Fabriani,Best Of House 16,,,81%,Retro Dance & Pop-Rock,Mario Fabriani - Ascension.mp3
Clap To This,Mario Fabriani,Best Of House 16,,,81%,Retro Dance & Pop-Rock,Mario Fabriani - Clap To This.mp3
Belief (Chris Lake Edit),Mario Larrea feat. Jennifer Levy,VA - Hed Kandi Ibiza 2012 (2012),,,81%,Retro Dance & Pop-Rock,25.Mario Larrea feat. Jennifer Levy - Belief (Chris Lake Edit).mp3
5.15 A.M,Mark Knopfler,Mark Knopfler - Greatest Hits.2CDs,,,81%,Retro Dance & Pop-Rock,03. Mark Knopfler - 5.15 A.M.mp3
Beachcombing,Mark Knopfler,Mark Knopfler - Greatest Hits.2CDs,,,81%,Retro Dance & Pop-Rock,04. Mark Knopfler - Beachcombing.mp3
"Boom, Like That",Mark Knopfler,Mark Knopfler - Greatest Hits.2CDs,,,81%,Retro Dance & Pop-Rock,"05. Mark Knopfler - Boom, Like That.mp3"
Darling Pretty,Mark Knopfler,Mark Knopfler - Greatest Hits.2CDs,,,81%,Retro Dance & Pop-Rock,03. Mark Knopfler - Darling Pretty.mp3
Everybody Pays,Mark Knopfler,Mark Knopfler - Greatest Hits.2CDs,,,81%,Retro Dance & Pop-Rock,13. Mark Knopfler - Everybody Pays.mp3
Going Home - Theme Of The Local Hero,Mark Knopfler,Mark Knopfler - Greatest Hits.2CDs,,,81%,Retro Dance & Pop-Rock,16. Mark Knopfler - Going Home - Theme Of The Local Hero.mp3
Golden Heart,Mark Knopfler,Mark Knopfler - Greatest Hits.2CDs,,,81%,Retro Dance & Pop-Rock,07. Mark Knopfler - Golden Heart.mp3
Hard Cases,Mark Knopfler,Mark Knopfler - Greatest Hits.2CDs,,,81%,Retro Dance & Pop-Rock,11. Mark Knopfler - Hard Cases.mp3
He's The Man - A Shot At Glory,Mark Knopfler,Mark Knopfler - Greatest Hits.2CDs,,,81%,Retro Dance & Pop-Rock,08. Mark Knopfler - He's The Man - A Shot At Glory.mp3
Heart Full Of Holes,Mark Knopfler,Mark Knopfler - Greatest Hits.2CDs,,,81%,Retro Dance & Pop-Rock,10. Mark Knopfler - Heart Full Of Holes.mp3
Hill Farmer's Blues,Mark Knopfler,Mark Knopfler - Greatest Hits.2CDs,,,81%,Retro Dance & Pop-Rock,06. Mark Knopfler - Hill Farmer's Blues.mp3
Imelda,Mark Knopfler,Mark Knopfler - Greatest Hits.2CDs,,,81%,Retro Dance & Pop-Rock,07. Mark Knopfler - Imelda.mp3
Let It All Go,Mark Knopfler,Mark Knopfler - Greatest Hits.2CDs,,,81%,Retro Dance & Pop-Rock,11. Mark Knopfler - Let It All Go.mp3
Metroland,Mark Knopfler,Mark Knopfler - Greatest Hits.2CDs,,,81%,Retro Dance & Pop-Rock,08. Mark Knopfler - Metroland.mp3
Nobody's Got The Gun,Mark Knopfler,Mark Knopfler - Greatest Hits.2CDs,,,81%,Retro Dance & Pop-Rock,15. Mark Knopfler - Nobody's Got The Gun.mp3
Rudiger,Mark Knopfler,Mark Knopfler - Greatest Hits.2CDs,,,81%,Retro Dance & Pop-Rock,02. Mark Knopfler - Rudiger.mp3
Sailing To Philadelphia,Mark Knopfler,Mark Knopfler - Greatest Hits.2CDs,,,81%,Retro Dance & Pop-Rock,05. Mark Knopfler - Sailing To Philadelphia.mp3
Say Too Much,Mark Knopfler,Mark Knopfler - Greatest Hits.2CDs,,,81%,Retro Dance & Pop-Rock,10. Mark Knopfler - Say Too Much.mp3
Silvertown Blues,Mark Knopfler,Mark Knopfler - Greatest Hits.2CDs,,,81%,Retro Dance & Pop-Rock,14. Mark Knopfler - Silvertown Blues.mp3
Song For Sonny Liston,Mark Knopfler,Mark Knopfler - Greatest Hits.2CDs,,,81%,Retro Dance & Pop-Rock,12. Mark Knopfler - Song For Sonny Liston.mp3
The Ragpicker's Dream,Mark Knopfler,Mark Knopfler - Greatest Hits.2CDs,,,81%,Retro Dance & Pop-Rock,14. Mark Knopfler - The Ragpicker's Dream.mp3
The Trawlersman's Song,Mark Knopfler,Mark Knopfler - Greatest Hits.2CDs,,,81%,Retro Dance & Pop-Rock,09. Mark Knopfler - The Trawlersman's Song.mp3
This Is Us,Mark Knopfler,Mark Knopfler - Greatest Hits.2CDs,,,81%,Retro Dance & Pop-Rock,04. Mark Knopfler - This Is Us.mp3
True Love Will Never Fade,Mark Knopfler,Mark Knopfler - Greatest Hits.2CDs,,,81%,Retro Dance & Pop-Rock,01. Mark Knopfler - True Love Will Never Fade.mp3
Wag The Dog - Wag The Dog,Mark Knopfler,Mark Knopfler - Greatest Hits.2CDs,,,81%,Retro Dance & Pop-Rock,15. Mark Knopfler - Wag The Dog - Wag The Dog.mp3
What It Is,Mark Knopfler,Mark Knopfler - Greatest Hits.2CDs,,,81%,Retro Dance & Pop-Rock,02. Mark Knopfler - What It Is.mp3
Why Aye Man,Mark Knopfler,Mark Knopfler - Greatest Hits.2CDs,,,81%,Retro Dance & Pop-Rock,06. Mark Knopfler - Why Aye Man.mp3
You Don't Know You're Born,Mark Knopfler,Mark Knopfler - Greatest Hits.2CDs,,,81%,Retro Dance & Pop-Rock,13. Mark Knopfler - You Don't Know You're Born.mp3
Animals,Maroon 5,Maroon 5 - V  (Deluxe Version) 2014 [MP3@320kbps],,,81%,Retro Dance & Pop-Rock,02 Animals.mp3
Coming Back For You,Maroon 5,Maroon 5 - V  (Deluxe Version) 2014 [MP3@320kbps],,,81%,Retro Dance & Pop-Rock,09 Coming Back For You.mp3
Feelings,Maroon 5,Maroon 5 - V  (Deluxe Version) 2014 [MP3@320kbps],,,81%,Retro Dance & Pop-Rock,10 Feelings.mp3
In Your Pocket,Maroon 5,Maroon 5 - V  (Deluxe Version) 2014 [MP3@320kbps],,,81%,Retro Dance & Pop-Rock,07 In Your Pocket.mp3
It Was Always You,Maroon 5,Maroon 5 - V  (Deluxe Version) 2014 [MP3@320kbps],,,81%,Retro Dance & Pop-Rock,03 It Was Always You.mp3
Leaving California,Maroon 5,Maroon 5 - V  (Deluxe Version) 2014 [MP3@320kbps],,,81%,Retro Dance & Pop-Rock,06 Leaving California.mp3
Lost Stars,Maroon 5,Maroon 5 - V  (Deluxe Version) 2014 [MP3@320kbps],,,81%,Retro Dance & Pop-Rock,14 Lost Stars.mp3
Makes Me Wonder,Maroon 5,Maroon 5,,,81%,Retro Dance & Pop-Rock,Makes Me Wonder.mp3
Maps,Maroon 5,Maroon 5 - V  (Deluxe Version) 2014 [MP3@320kbps],,,81%,Retro Dance & Pop-Rock,01 Maps.mp3
Moves Like Jagger (feat. Christina Aguilera),Maroon 5,Maroon 5 - Moves Like Jagger (ft. Christina Aguilera) [2011-Single][MJN],,,81%,Retro Dance & Pop-Rock,Maroon 5 - Moves Like Jagger (feat. Christina Aguilera).mp3
My Heart Is Open (feat. Gwen Stefani),Maroon 5,Maroon 5 - V  (Deluxe Version) 2014 [MP3@320kbps],,,81%,Retro Dance & Pop-Rock,11 My Heart Is Open (feat. Gwen Stefani).mp3
New Love,Maroon 5,Maroon 5 - V  (Deluxe Version) 2014 [MP3@320kbps],,,81%,Retro Dance & Pop-Rock,08 New Love.mp3
Sex and Candy,Maroon 5,Maroon 5 - V  (Deluxe Version) 2014 [MP3@320kbps],,,81%,Retro Dance & Pop-Rock,13 Sex and Candy.mp3
Sugar,Maroon 5,Maroon 5 - V  (Deluxe Version) 2014 [MP3@320kbps],,,81%,Retro Dance & Pop-Rock,05 Sugar.mp3
Unkiss Me,Maroon 5,Maroon 5 - V  (Deluxe Version) 2014 [MP3@320kbps],,,81%,Retro Dance & Pop-Rock,04 Unkiss Me.mp3
Thats What You Are,Marshall Curtley,Supperclub present Nomads  1_2_3_4 by Ramasutra [mp3 Flac],,,81%,Buddha Bar Lounge,02 - Marshall Curtley - Thats What You Are.mp3
"Sing, Oh! (Zagalo Mix)",Marvellous Melodicos,Discoteca Anni 90,,,81%,Retro Dance & Pop-Rock,"Marvellous Melodicos - Sing, Oh! (Zagalo Mix).mp3"
The Sun And The Moon,Marvellous Melodicus,Discoteca Anni 90,,,81%,Retro Dance & Pop-Rock,Marvellous Melodicus - The Sun And The Moon.mp3
I Am Changing (Original Mix),Mastiksoul feat. Amanda Wilson & Ebbyman,Top 100 Beatport - April 2014,,,81%,Retro Dance & Pop-Rock,46 - Mastiksoul feat. Amanda Wilson & Ebbyman - I Am Changing (Original Mix).mp3
We're Not Alone (Hi Scandinavia!) (Kill the Buzz Remix),Matisse & Sadko feat. Ollie James,Top 100 Beatport - April 2014,,,81%,Retro Dance & Pop-Rock,48 - Matisse & Sadko feat. Ollie James - We're Not Alone (Hi Scandinavia!) (Kill the Buzz Remix).mp3
Grim (Original Mix),Max Vangeli & Danny Ray,Beatport Progressive House Top100 (February 14),,,81%,Retro Dance & Pop-Rock,Max Vangeli & Danny Ray - Grim (Original Mix).mp3
Der Bauch,Mc Sultan,Supperclub present Nomads  1_2_3_4 by Ramasutra [mp3 Flac],,,81%,Buddha Bar Lounge,10 - Mc Sultan - Der Bauch.mp3
Charger (Original Mix),Merk & Kremont vs Amersy,Beatport Progressive House Top100 (February 14),,,81%,Retro Dance & Pop-Rock,Merk & Kremont vs Amersy - Charger  (Original Mix).mp3
Artificial Nocture (Jacob van Hage Remix),Metric,Beatport Progressive House Top100 (February 14),,,81%,Retro Dance & Pop-Rock,Metric - Artificial Nocture (Jacob van Hage Remix).mp3
Show Me Love ( Festival Mix),Michael Mind Project,Top 100 Beatport - April 2014,,,81%,Retro Dance & Pop-Rock,31 - Michael Mind Project - Show Me Love (Official Festival Mix).mp3
Back Into Time (Original Mix),Micky More,VA - Hed Kandi Ibiza 2012 (2012),,,81%,Retro Dance & Pop-Rock,04.Micky More - Back Into Time (Original Mix).mp3
Find What's Mine (Mig's Transporters Vocal),Miguel Migs,Miguel Migs,,,81%,Retro Dance & Pop-Rock,Miguel Migs - Find What's Mine (Mig's Transporters Vocal).mp3
So far,MIguel Migs,Miguel Migs,,,81%,Retro Dance & Pop-Rock,MIguel Migs - So far.mp3
The Night,Miguel Migs,Miguel Migs,,,81%,Retro Dance & Pop-Rock,Miguel Migs - The Night.MP3
The Night (Album Version),Miguel Migs,Miguel Migs,,,81%,Retro Dance & Pop-Rock,Miguel Migs - The Night (Album Version).mp3
Carnaval (Original Mix),Mike Candys,Beatport Progressive House Top100 (February 14),,,81%,Retro Dance & Pop-Rock,Mike Candys - Carnaval (Original Mix).mp3
Finally (Original Mix),"Mikkas, Amba Shepherd","Top 20 Electro, Tech & Progressive House Charts - Feb 2013 - iCORM",,,81%,Retro Dance & Pop-Rock,"016. Mikkas, Amba Shepherd - Finally (Original Mix).mp3"
"Eins, Zwei, Polizei",Mo-Do,Discoteca Anni 90,,,81%,Retro Dance & Pop-Rock,"Mo-Do - Eins, Zwei, Polizei.mp3"
Super Gut,Mo-Do,Discoteca Anni 90,,,81%,Retro Dance & Pop-Rock,Mo-Do - Super Gut.mp3
and_the_void_pacific_choir-if_only_a_correction_of_all_weve_been_(the_yellowheads_skober_remix)-2107662f,Moby,Progressive techno,,,81%,Buddha Bar Lounge,01-moby_and_the_void_pacific_choir-if_only_a_correction_of_all_weve_been_(the_yellowheads_skober_remix)-2107662f.mp3
Delay (Original Mix),Moby & Lucky Date,Top 100 Beatport - April 2014,,,81%,Buddha Bar Lounge,56 - Moby & Lucky Date - Delay (Original Mix).mp3
If You Wanna Party,Molella Feat. The Outhere Brothers,Discoteca Anni 90,,,81%,Retro Dance & Pop-Rock,Molella Feat. The Outhere Brothers - If You Wanna Party.mp3
Taito (Original Mix),Mord Fustang,"Top 20 Electro, Tech & Progressive House Charts - Feb 2013 - iCORM",,,81%,Retro Dance & Pop-Rock,001. Mord Fustang - Taito (Original Mix).mp3
Giorgio,moroder,Daft Punk - Random Access Memories (2013) [MP3 192],,,81%,Retro Dance & Pop-Rock,03 - Giorgio by moroder.mp3
Don't Go Lose It (Original Mix),MOTi,Beatport Progressive House Top100 (February 14),,,81%,Retro Dance & Pop-Rock,MOTi - Don't Go Lose It (Original Mix).mp3
Reaper,My Digital Enemy,VA - Hed Kandi Ibiza 2012 (2012),,,81%,Retro Dance & Pop-Rock,12.My Digital Enemy - Reaper.mp3
Ware's The (Roter & Lewis Vocal Mix),My Digital Enemy,VA - Hed Kandi Ibiza 2012 (2012),,,81%,Retro Dance & Pop-Rock,09.My Digital Enemy - Ware's The House (Roter & Lewis Vocal Mix).mp3
07,Myself,Linken Park,,,81%,Retro Dance & Pop-Rock,1-07 By Myself.mp3
Berimballo,Mysterious Traveller,Supperclub present Nomads  1_2_3_4 by Ramasutra [mp3 Flac],,,81%,Buddha Bar Lounge,11 - Mysterious Traveller - Berimballo.mp3
Stayin' Alive,N,Discoteca Anni 90,,,81%,Retro Dance & Pop-Rock,N-Trance - Stayin' Alive.mp3
The Next Life (The Timewriter Remix),Nacho Marco,Best Of House 16,,,81%,Retro Dance & Pop-Rock,Nacho Marco - The Next Life (The Timewriter Remix).mp3
Rust! (Original Mix),Nari & Milani vs. Kavido,Top 100 Beatport - April 2014,,,81%,Retro Dance & Pop-Rock,82 - Nari & Milani vs. Kavido - Rust! (Original Mix).mp3
Feelin' Alright,Natural Rhythm,Best Of House 16,,,81%,Retro Dance & Pop-Rock,Natural Rhythm - Feelin' Alright.mp3
Horse With No Name,Neil Young,Neil Young,,,81%,Retro Dance & Pop-Rock,Horse With No Name.mp3
Not Taking This No More (Yves Larock Remix),NERVO & Ivan Gough ft Beverley Knight,Beatport Progressive House Top100 (February 14),,,81%,Retro Dance & Pop-Rock,NERVO & Ivan Gough ft Beverley Knight - Not Taking This No More (Yves Larock Remix).mp3
Free Souls,Nickodemus & Osiris Feat. Mino Cinelu,Supperclub present Nomads  1_2_3_4 by Ramasutra [mp3 Flac],,,81%,Buddha Bar Lounge,02 - Nickodemus & Osiris Feat. Mino Cinelu - Free Souls.mp3
Legacy (Original Mix),Nicky Romero vs Krewella,Beatport Progressive House Top100 (February 14),,,81%,Retro Dance & Pop-Rock,Nicky Romero vs Krewella - Legacy (Original Mix).mp3
Still The Same Man (Original Club Mix),"Nicky Romero, Nilson, John Christian","Top 20 Electro, Tech & Progressive House Charts - Feb 2013 - iCORM",,,81%,Retro Dance & Pop-Rock,"008. Nicky Romero, Nilson, John Christian - Still The Same Man (Original Club Mix).mp3"
Moving On (Fred Everything Movin' Dub),Nigel Hayes,Best Of House 16,,,81%,Retro Dance & Pop-Rock,Nigel Hayes - Moving On (Fred Everything Movin' Dub).mp3
About A Girl,Nirvana,Nirvana - Greatest Hits (2002) vtwin88cube,,,81%,Retro Dance & Pop-Rock,02.About A Girl.mp3
All Apologies,Nirvana,Nirvana - Greatest Hits (2002) vtwin88cube,,,81%,Retro Dance & Pop-Rock,13.All Apologies.mp3
Been A Son,Nirvana,Nirvana - Greatest Hits (2002) vtwin88cube,,,81%,Retro Dance & Pop-Rock,03.Been A Son.mp3
Come As You Are,Nirvana,Nirvana - Greatest Hits (2002) vtwin88cube,,,81%,Retro Dance & Pop-Rock,06.Come As You Are.mp3
Dumb,Nirvana,Nirvana - Greatest Hits (2002) vtwin88cube,,,81%,Retro Dance & Pop-Rock,12.Dumb.mp3
In Bloom,Nirvana,Nirvana - Greatest Hits (2002) vtwin88cube,,,81%,Retro Dance & Pop-Rock,08.In Bloom.mp3
Lithium,Nirvana,Nirvana - Greatest Hits (2002) vtwin88cube,,,81%,Retro Dance & Pop-Rock,07.Lithium.mp3
Pennyroyal Tea,Nirvana,Nirvana - Greatest Hits (2002) vtwin88cube,,,81%,Retro Dance & Pop-Rock,10.Pennyroyal Tea.mp3
Rape Me,Nirvana,Nirvana - Greatest Hits (2002) vtwin88cube,,,81%,Retro Dance & Pop-Rock,11.Rape Me.mp3
Sliver,Nirvana,Nirvana - Greatest Hits (2002) vtwin88cube,,,81%,Retro Dance & Pop-Rock,04.Sliver.mp3
Smells Like Teen Spirit,Nirvana,Nirvana - Greatest Hits (2002) vtwin88cube,,,81%,Retro Dance & Pop-Rock,05.Smells Like Teen Spirit.mp3
The Man Who Sold The World,Nirvana,Nirvana - Greatest Hits (2002) vtwin88cube,,,81%,Retro Dance & Pop-Rock,14.The Man Who Sold The World.mp3
You Know You're Right,Nirvana,Nirvana - Greatest Hits (2002) vtwin88cube,,,81%,Retro Dance & Pop-Rock,01.You Know You're Right.mp3
Sunset,Nitin Sawhney,Supperclub present Nomads  1_2_3_4 by Ramasutra [mp3 Flac],,,81%,Buddha Bar Lounge,03 - Nitin Sawhney - Sunset.mp3
Girl Get Down,No Artificial Colours,VA - Hed Kandi Ibiza 2012 (2012),,,81%,Retro Dance & Pop-Rock,33.No Artificial Colours - Girl Get Down.mp3
That Was Easy (Original Mix),Norin & Rad,Beatport Progressive House Top100 (February 14),,,81%,Retro Dance & Pop-Rock,Norin & Rad - That Was Easy (Original Mix).mp3
Thundercat (Original Mix),Norin & Rad,Beatport Progressive House Top100 (February 14),,,81%,Retro Dance & Pop-Rock,Norin & Rad - Thundercat (Original Mix).mp3
Policrom (Audiojack Remix),NTFO,VA - Hed Kandi Ibiza 2012 (2012),,,81%,Retro Dance & Pop-Rock,34.NTFO - Policrom (Audiojack Remix).mp3
Puerto Rico,Olav Basoski,VA - Hed Kandi Ibiza 2012 (2012),,,81%,Retro Dance & Pop-Rock,02.Olav Basoski - Puerto Rico.mp3
Gecko (Original Mix),Oliver Heldens,Top 100 Beatport - April 2014,,,81%,Retro Dance & Pop-Rock,24 - Oliver Heldens - Gecko (Original Mix).mp3
Bom Bay,Out Of Character,Supperclub present Nomads  1_2_3_4 by Ramasutra [mp3 Flac],,,81%,Buddha Bar Lounge,13 - Out Of Character - Bom Bay.mp3
You Want My Love (Din Don Da Da),Paps 'N' Skar,Discoteca Anni 90,,,81%,Retro Dance & Pop-Rock,Paps 'N' Skar - You Want My Love (Din Don Da Da).mp3
When U Come Around (Club Mix),Pat Farrell feat. John Anselm,Beatport Progressive House Top100 (February 14),,,81%,Retro Dance & Pop-Rock,Pat Farrell feat. John Anselm - When U Come Around (Club Mix).mp3
Paranoid (Original Mix),Plissken,Beatport Progressive House Top100 (February 14),,,81%,Retro Dance & Pop-Rock,Plissken - Paranoid (Original Mix).mp3
Poka (Alex Arnout Remix),pothOles,Best Of House 16,,,81%,Retro Dance & Pop-Rock,pothOles - Poka (Alex Arnout Remix).mp3
Topless,Poussez,Best Of House 16,,,81%,Retro Dance & Pop-Rock,Poussez - Topless.mp3
Smoke (Original Mix),Preon feat. Carly Lind,Beatport Progressive House Top100 (February 14),,,81%,Retro Dance & Pop-Rock,Preon feat. Carly Lind - Smoke (Original Mix).mp3
Park Yong Suk,Queen,Delightful Girl Choon Hyang,,,81%,Retro Dance & Pop-Rock,Queen - Park Yong Suk.mp3
Jackpot (Original Mix),"Quintino, Ralvero","Top 20 Electro, Tech & Progressive House Charts - Feb 2013 - iCORM",,,81%,Retro Dance & Pop-Rock,"013. Quintino, Ralvero - Jackpot (Original Mix).mp3"
Flashlight (Original Mix),R3hab & Deorro,Top 100 Beatport - April 2014,,,81%,Retro Dance & Pop-Rock,03 - R3hab & Deorro - Flashlight (Original Mix).mp3
Revolution (Vocal Mix),"R3hab, NERVO & Ummet Ozcan",Top 100 Beatport - April 2014,,,81%,Retro Dance & Pop-Rock,"27 - R3hab, NERVO & Ummet Ozcan - Revolution (Vocal Mix).mp3"
Your Song,Radar,Supperclub present Nomads  1_2_3_4 by Ramasutra [mp3 Flac],,,81%,Buddha Bar Lounge,08 - Radar - Your Song.mp3
The Sweetest Sin (Original Mix) [Ame Nue Brilliants],RAEVE,Indie,,,81%,Retro Dance & Pop-Rock,RAEVE-The Sweetest Sin (Original Mix) [Ame Nue Brilliants] www.myfreemp3.re .mp3
Bomba (DJ Ricci Techno-Espana Mix),Ramirez,Discoteca Anni 90,,,81%,Retro Dance & Pop-Rock,Ramirez - Bomba (DJ Ricci Techno-Espana Mix).mp3
Ouni,Ravi Prasad,Supperclub present Nomads  1_2_3_4 by Ramasutra [mp3 Flac],,,81%,Buddha Bar Lounge,13 - Ravi Prasad - Ouni.mp3
I Like To Move It,Reel 2 Real,Discoteca Anni 90,,,81%,Retro Dance & Pop-Rock,Reel 2 Real - I Like To Move It.mp3
Pantheon (Extended Mix),Reepublic,Beatport Progressive House Top100 (February 14),,,81%,Retro Dance & Pop-Rock,Reepublic - Pantheon (Extended Mix).mp3
River Flows in you (Club Remix),River Flows in you,River Flows in you (Club Remix),,,81%,Retro Dance & Pop-Rock,River Flows in you (Club Remix).mp3
Epic Drop (Original Mix),Rob Q,Beatport Progressive House Top100 (February 14),,,81%,Retro Dance & Pop-Rock,Rob Q - Epic Drop (Original Mix).mp3
Here (Original Mix),"Robbie Rivera, Delayers & Maurizio Gubellini",Top 100 Beatport - April 2014,,,81%,Retro Dance & Pop-Rock,"87 - Robbie Rivera, Delayers & Maurizio Gubellini - Here (Original Mix).mp3"
Get On It,Ronan,Ronan,,,81%,Retro Dance & Pop-Rock,Ronan - Get On It.mp3
Funky Thing (Jay Js Shifted Up Remix),Ronan Ft Morrisson,Ronan,,,81%,Retro Dance & Pop-Rock,Ronan Ft Morrisson - Funky Thing (Jay Js Shifted Up Remix).mp3
Follow The Sound (Original Mix),Roul and Doors,Beatport Progressive House Top100 (February 14),,,81%,Retro Dance & Pop-Rock,Roul and Doors - Follow The Sound (Original Mix).mp3
Joyenergizer (Original Mix),Sander Van Doorn,"Top 20 Electro, Tech & Progressive House Charts - Feb 2013 - iCORM",,,81%,Retro Dance & Pop-Rock,004. Sander Van Doorn - Joyenergizer (Original Mix).mp3
Guitar Track (Original Mix),Sander van Doorn & Firebeatz,Top 100 Beatport - April 2014,,,81%,Retro Dance & Pop-Rock,07 - Sander van Doorn & Firebeatz - Guitar Track (Original Mix).mp3
La Primavera (Original 12''),Sash!,Discoteca Anni 90,,,81%,Retro Dance & Pop-Rock,Sash! - La Primavera (Original 12'').mp3
Stay,Sash! feat. La trec,Discoteca Anni 90,,,81%,Retro Dance & Pop-Rock,Sash! feat. La trec - Stay.mp3
Ecuador,Sash! feat. Rodriguez,Discoteca Anni 90,,,81%,Retro Dance & Pop-Rock,Sash! feat. Rodriguez - Ecuador.mp3
Achterwaarts (Original Mix),Scheibe,"Top 20 Electro, Tech & Progressive House Charts - Feb 2013 - iCORM",,,81%,Retro Dance & Pop-Rock,020. Scheibe - Achterwaarts (Original Mix).mp3
Good Fellas,Schwarz & Funk,Best Of House 16,,,81%,Retro Dance & Pop-Rock,Schwarz & Funk - Good Fellas.mp3
How Much Is The Fish,Scooter,Discoteca Anni 90,,,81%,Retro Dance & Pop-Rock,Scooter - How Much Is The Fish.mp3
Electric Saigon,Seductive Souls,Supperclub present Nomads  1_2_3_4 by Ramasutra [mp3 Flac],,,81%,Buddha Bar Lounge,07 - Seductive Souls - Electric Saigon.mp3
The Future is in the Future,Señor Smoke,Señor Smoke,,,81%,Retro Dance & Pop-Rock,15-The Future is in the Future.mp3
I Am (Deorro Remix),Sick Individuals & Axwell feat. Taylr Renee,Top 100 Beatport - April 2014,,,81%,Retro Dance & Pop-Rock,21 - Sick Individuals & Axwell feat. Taylr Renee - I Am (Deorro Remix).mp3
I Am (Original Mix),Sick Individuals & Axwell ft. Taylr Renee,Beatport Progressive House Top100 (February 14),,,81%,Retro Dance & Pop-Rock,Sick Individuals & Axwell ft. Taylr Renee - I Am (Original Mix).mp3
Thunderbolt (Original Mix),"Sidney Samson, Justin Prime",Top 100 Beatport - April 2014,,,81%,Retro Dance & Pop-Rock,"61 - Sidney Samson, Justin Prime - Thunderbolt (Original Mix).mp3"
Grey Area (Burnski & Robert James Remix),Simon Baker,Best Of House 16,,,81%,Retro Dance & Pop-Rock,Simon Baker - Grey Area (Burnski & Robert James Remix).mp3
Hope (Original Mix),Sir Felix,Indie,,,81%,Retro Dance & Pop-Rock,Sir Felix-Hope (Original Mix) www.myfreemp3.re .mp3
Pass Line (Sake Mix),Smitty & Davenport,Best Of House 16,,,81%,Retro Dance & Pop-Rock,Smitty & Davenport - Pass Line (Sake Mix).mp3
Complicated (Soulful Mix),Soul Deep Collective Feat. Rainy Payne,Best Of House 16,,,81%,Retro Dance & Pop-Rock,Soul Deep Collective Feat. Rainy Payne - Complicated (Soulful Mix).mp3
Someone Like You (Lifted Edit),Soulmagic,VA - Hed Kandi Ibiza 2012 (2012),,,81%,Retro Dance & Pop-Rock,01.Soulmagic - Someone Like You (Lifted Edit).mp3
Let The Love (Original Mix),"Starkillers, Dmitry KO & Amba Shepherd",Beatport Progressive House Top100 (February 14),,,81%,Retro Dance & Pop-Rock,"Starkillers, Dmitry KO & Amba Shepherd - Let The Love (Original Mix).mp3"
I Wont Hold You Back (Deep Mix),Stefan Rio,Indie,,,81%,Retro Dance & Pop-Rock,Stefan Rio-I Wont Hold You Back (Deep House Mix) www.myfreemp3.re .mp3
Freak (Original Mix),"Steve Aoki, Diplo & Deorro feat. Steve Bays",Top 100 Beatport - April 2014,,,81%,Retro Dance & Pop-Rock,"70 - Steve Aoki, Diplo & Deorro feat. Steve Bays - Freak (Original Mix).mp3"
Field of Gold,Sting,Sting,,,81%,Retro Dance & Pop-Rock,Field of Gold.mp3
Summertime Sadness,Summertime Sadness,Summertime Sadness - Single,,,81%,Retro Dance & Pop-Rock,01 Summertime Sadness.mp3
Calcutta,Sunil,Supperclub present Nomads  1_2_3_4 by Ramasutra [mp3 Flac],,,81%,Buddha Bar Lounge,05 - Sunil - Calcutta.mp3
Full (Original Mix),Swanky Tunes,Top 100 Beatport - April 2014,,,81%,Retro Dance & Pop-Rock,75 - Swanky Tunes - Full House (Original Mix).mp3
Who We Are (Michael Calfan Remix),Switchfoot,Beatport Progressive House Top100 (February 14),,,81%,Retro Dance & Pop-Rock,Switchfoot - Who We Are (Michael Calfan Remix).mp3
Remedy,Tactics,Best Of House 16,,,81%,Retro Dance & Pop-Rock,Tactics - Remedy.mp3
Blue Smoke (Bablak Remix) [Stellar Fountain],Temporarily Unknown,Progressive techno,,,81%,Retro Dance & Pop-Rock,Temporarily Unknown - Blue Smoke (Bablak Remix) [Stellar Fountain].mp3
Blue Smoke (Francisco Garcia Devrient Remix),Temporarily Unknown,Progressive techno,,,81%,Retro Dance & Pop-Rock,Temporarily Unknown - Blue Smoke (Francisco Garcia Devrient Remix).mp3
Rosie And Hannah,Terry Francis,Best Of House 16,,,81%,Retro Dance & Pop-Rock,Terry Francis - Rosie And Hannah House.mp3
Fire,The 8th Note,VA - Hed Kandi Ibiza 2012 (2012),,,81%,Retro Dance & Pop-Rock,23.The 8th Note - Fire.mp3
#selfie (Club Mix),The Chainsmokers,Top 100 Beatport - April 2014,,,81%,Retro Dance & Pop-Rock,17 - The Chainsmokers - #selfie (Club Mix).mp3
Do It Again,The Chemical Brothers,Chemical Brothers feat. Ali Love,,,81%,Retro Dance & Pop-Rock,Do It Again.mp3
Analyse,The Cranberries,The Cranberries - 20th Century Masters The Best Of The Cranberries (2005) 320 vtwin88cube,,,81%,Retro Dance & Pop-Rock,11.Analyse.mp3
Animal Instinct,The Cranberries,The Cranberries - 20th Century Masters The Best Of The Cranberries (2005) 320 vtwin88cube,,,81%,Retro Dance & Pop-Rock,09.Animal Instinct.mp3
Dreams,The Cranberries,The Cranberries - 20th Century Masters The Best Of The Cranberries (2005) 320 vtwin88cube,,,81%,Retro Dance & Pop-Rock,01.Dreams.mp3
Free To Decide,The Cranberries,The Cranberries - 20th Century Masters The Best Of The Cranberries (2005) 320 vtwin88cube,,,81%,Retro Dance & Pop-Rock,07.Free To Decide.mp3
I Can't Be With You,The Cranberries,The Cranberries - 20th Century Masters The Best Of The Cranberries (2005) 320 vtwin88cube,,,81%,Retro Dance & Pop-Rock,05.I Can't Be With You.mp3
Linger,The Cranberries,The Cranberries - 20th Century Masters The Best Of The Cranberries (2005) 320 vtwin88cube,,,81%,Retro Dance & Pop-Rock,02.Linger.mp3
Ode To My Family,The Cranberries,The Cranberries - 20th Century Masters The Best Of The Cranberries (2005) 320 vtwin88cube,,,81%,Retro Dance & Pop-Rock,04.Ode To My Family.mp3
Salvation,The Cranberries,The Cranberries - 20th Century Masters The Best Of The Cranberries (2005) 320 vtwin88cube,,,81%,Retro Dance & Pop-Rock,06.Salvation.mp3
When You're Gone,The Cranberries,The Cranberries - 20th Century Masters The Best Of The Cranberries (2005) 320 vtwin88cube,,,81%,Retro Dance & Pop-Rock,08.When You're Gone.mp3
Zombie,The Cranberries,The Cranberries - 20th Century Masters The Best Of The Cranberries (2005) 320 vtwin88cube,,,81%,Retro Dance & Pop-Rock,03.Zombie.mp3
Make It Hot,The Girth,Best Of House 16,,,81%,Retro Dance & Pop-Rock,The Girth - Make It Hot.mp3
Young Folks,The Kooks,The Kooks,,,81%,Retro Dance & Pop-Rock,Young Folks.mp3
Work It (Club Mix),The New Iberican League & Roland Clark,VA - Hed Kandi Ibiza 2012 (2012),,,81%,Retro Dance & Pop-Rock,13.The New Iberican League & Roland Clark - Work It (Club Mix).mp3
Turn My World Around (Club Mix),The New Iberican League feat. Shena,VA - Hed Kandi Ibiza 2012 (2012),,,81%,Retro Dance & Pop-Rock,30.The New Iberican League feat. Shena - Turn My World Around (Club Mix).mp3
No Power (Pressure Remix),The Rurals,Best Of House 16,,,81%,Retro Dance & Pop-Rock,The Rurals - No Power (Pressure Remix).mp3
Dead Man Walking,The Script,The Script Science and faith album,,,81%,Retro Dance & Pop-Rock,The Script - Dead Man Walking.mp3
exit wounds,The script,The Script Science and faith album,,,81%,Retro Dance & Pop-Rock,The script - exit wounds.mp3
For the First Time,The Script,The Script Science and faith album,,,81%,Retro Dance & Pop-Rock,The Script - For the First Time.mp3
Long Gone and Moved On,The Script,The Script Science and faith album,,,81%,Retro Dance & Pop-Rock,The Script - Long Gone and Moved On.mp3
Nothing,The Script,The Script Science and faith album,,,81%,Retro Dance & Pop-Rock,The Script - Nothing.mp3
Science _ Faith,The Script,The Script Science and faith album,,,81%,Retro Dance & Pop-Rock,The Script - Science _ Faith.mp3
This is Love,The Script,The Script Science and faith album,,,81%,Retro Dance & Pop-Rock,The Script - This is Love.mp3
Walk Away,The Script,The Script Science and faith album,,,81%,Retro Dance & Pop-Rock,The Script - Walk Away.mp3
You Won't Feel A Thing,The Script,The Script Science and faith album,,,81%,Retro Dance & Pop-Rock,The Script - You Won't Feel A Thing.mp3
The Beginning (Original),Thomas Gold,VA - Hed Kandi Ibiza 2012 (2012),,,81%,Retro Dance & Pop-Rock,22.Thomas Gold - The Beginning (Original).mp3
Remember (Original MIx),Thomas Gold feat. Kaelyn Behr,Beatport Progressive House Top100 (February 14),,,81%,Retro Dance & Pop-Rock,Thomas Gold feat. Kaelyn Behr - Remember (Original MIx).mp3
Don't Hold Us (Original Mix),Thomas Newson feat. Angelika Vee,Top 100 Beatport - April 2014,,,81%,Retro Dance & Pop-Rock,39 - Thomas Newson feat. Angelika Vee - Don't Hold Us (Original Mix).mp3
Come Back Down (Original Mix),TJR feat. Benji Madden,Top 100 Beatport - April 2014,,,81%,Retro Dance & Pop-Rock,30 - TJR feat. Benji Madden - Come Back Down (Original Mix).mp3
Rocket (Original Mix),Tom Staar,Beatport Progressive House Top100 (February 14),,,81%,Retro Dance & Pop-Rock,Tom Staar - Rocket (Original Mix).mp3
Synchronize (Original Mix),Tom Swoon & Paris Blohm feat Hadouken!,Beatport Progressive House Top100 (February 14),,,81%,Retro Dance & Pop-Rock,Tom Swoon & Paris Blohm feat Hadouken! - Synchronize (Original Mix).mp3
Take It Higher,Tommy Largo,Best Of House 16,,,81%,Retro Dance & Pop-Rock,Tommy Largo - Take It Higher.mp3
Blowin' Up (Carl Hanaghan & My Digital Enemy Remix Edit),Treasure Fingers & Codes feat. Amy Douglas,VA - Hed Kandi Ibiza 2012 (2012),,,81%,Retro Dance & Pop-Rock,11.Treasure Fingers & Codes feat. Amy Douglas - Blowin' Up (Carl Hanaghan & My Digital Enemy Remix Edit).mp3
Imprint Of Pleasure (Original Mix),Tube & Berger,"Top 20 Electro, Tech & Progressive House Charts - Feb 2013 - iCORM",,,81%,Retro Dance & Pop-Rock,002. Tube & Berger - Imprint Of Pleasure (Original Mix).mp3
City Lights (Original Mix),Tuccillo,"Top 20 Electro, Tech & Progressive House Charts - Feb 2013 - iCORM",,,81%,Retro Dance & Pop-Rock,011. Tuccillo - City Lights (Original Mix).mp3
Hey Mister (Original Mix),Tujamo,Top 100 Beatport - April 2014,,,81%,Retro Dance & Pop-Rock,78 - Tujamo - Hey Mister (Original Mix).mp3
Raise Your Hands (Original Mix),Ummet Ozcan,Top 100 Beatport - April 2014,,,81%,Retro Dance & Pop-Rock,36 - Ummet Ozcan - Raise Your Hands (Original Mix).mp3
Chang Tzelzeb Bring Me Peace Remix,United Peace Voices,Supperclub present Nomads  1_2_3_4 by Ramasutra [mp3 Flac],,,81%,Buddha Bar Lounge,04 - United Peace Voices - Chang Tzelzeb Bring Me Peace Remix.mp3
Aqui No Ma,Upbustle And Out,Supperclub present Nomads  1_2_3_4 by Ramasutra [mp3 Flac],,,81%,Buddha Bar Lounge,09 - Upbustle And Out - Aqui No Ma.mp3
[Untitled Hidden Track],Various Artists,Away from the Sun,,,81%,Retro Dance & Pop-Rock,12 [Untitled Hidden Track].mp3
Aganju [John Beltran Remix],Various Artists,Buddha Bar Vol. 7,,,81%,Buddha Bar Lounge,12 Aganju [John Beltran Remix].mp3
An Angel's Prayer (feat. Roland Clack),Various Artists,VA - Hed Kandi Miami 2013 [2013-Album] WEB-DL Mp3 CBR 320Kbps NimitMak SilverRG,,,81%,Retro Dance & Pop-Rock,29 An Angel's Prayer (feat. Roland Clack).mp3
An Indian Summer,Various Artists,Buddha Bar Vol. 7,,,81%,Buddha Bar Lounge,04 An Indian Summer.mp3
Away From the Sun,Various Artists,Away from the Sun,,,81%,Retro Dance & Pop-Rock,02 Away From the Sun.mp3
Be Free (Carl Hanaghan Reconstruction),Various Artists,VA - Hed Kandi Miami 2013 [2013-Album] WEB-DL Mp3 CBR 320Kbps NimitMak SilverRG,,,81%,Retro Dance & Pop-Rock,13 Be Free (Carl Hanaghan Reconstruction).mp3
Better Days (feat. Pryce Oliver),Various Artists,VA - Hed Kandi Miami 2013 [2013-Album] WEB-DL Mp3 CBR 320Kbps NimitMak SilverRG,,,81%,Retro Dance & Pop-Rock,21 Better Days (feat. Pryce Oliver).mp3
Big Eyed Fish,Various Artists,Busted Stuff,,,81%,Retro Dance & Pop-Rock,10 Big Eyed Fish.mp3
Born Free,Various Artists,VA - Hed Kandi Miami 2013 [2013-Album] WEB-DL Mp3 CBR 320Kbps NimitMak SilverRG,,,81%,Retro Dance & Pop-Rock,12 Born Free.mp3
Breathe,Various Artists,Buddha Bar Vol. 7,,,81%,Buddha Bar Lounge,01 Breathe.mp3
Busted Stuff,Various Artists,Busted Stuff,,,81%,Retro Dance & Pop-Rock,01 Busted Stuff.mp3
Can You Feel It,Various Artists,VA - Hed Kandi Miami 2013 [2013-Album] WEB-DL Mp3 CBR 320Kbps NimitMak SilverRG,,,81%,Retro Dance & Pop-Rock,28 Can You Feel It.mp3
Captain,Various Artists,Busted Stuff,,,81%,Retro Dance & Pop-Rock,05 Captain.mp3
Changes,Various Artists,Away from the Sun,,,81%,Retro Dance & Pop-Rock,09 Changes.mp3
Clockwork [Shantel vs. Mahala Rai Banda Remix],Various Artists,Buddha Bar Vol. 7,,,81%,Buddha Bar Lounge,12 Clockwork [Shantel vs. Mahala Rai Banda Remix].mp3
Core Nire [Azoia Remix],Various Artists,Buddha Bar Vol. 7,,,81%,Buddha Bar Lounge,14 Core Nire [Azoia Remix].mp3
Danger! High Voltage,Various Artists,Fire,,,81%,Retro Dance & Pop-Rock,04-Danger! High Voltage.mp3
Dangerous Game,Various Artists,Away from the Sun,,,81%,Retro Dance & Pop-Rock,08 Dangerous Game.mp3
Digging a Ditch,Various Artists,Busted Stuff,,,81%,Retro Dance & Pop-Rock,09 Digging a Ditch.mp3
Distracted Minds,Various Artists,Buddha Bar Vol. 7,,,81%,Buddha Bar Lounge,15 Distracted Minds.mp3
Dreaming (feat. Mr. Bailey),Various Artists,VA - Hed Kandi Miami 2013 [2013-Album] WEB-DL Mp3 CBR 320Kbps NimitMak SilverRG,,,81%,Retro Dance & Pop-Rock,03 Dreaming (feat. Mr. Bailey).mp3
Drum'n Boogaloo [Full Vocal Mix],Various Artists,Buddha Bar Vol. 7,,,81%,Buddha Bar Lounge,11 Drum'n Boogaloo [Full Vocal Mix].mp3
Flute Fantasy,Various Artists,Buddha Bar Vol. 7,,,81%,Buddha Bar Lounge,04 Flute Fantasy.mp3
Going Down In Flames,Various Artists,Away from the Sun,,,81%,Retro Dance & Pop-Rock,10 Going Down In Flames.mp3
Grace Is Gone,Various Artists,Busted Stuff,,,81%,Retro Dance & Pop-Rock,07 Grace Is Gone.mp3
Grey Street,Various Artists,Busted Stuff,,,81%,Retro Dance & Pop-Rock,02 Grey Street.mp3
Happy Dreamer,Various Artists,Buddha Bar Vol. 7,,,81%,Buddha Bar Lounge,16 Happy Dreamer.mp3
Hed kandi Beach 2011 Mix Selections,Various Artists,Hed Kandi,,,81%,Retro Dance & Pop-Rock,Hed kandi Beach house 2011 Mix Selections.mp3
hedKandi Sydney Live 2011,Various Artists,Hed Kandi,,,81%,Retro Dance & Pop-Rock,hedKandi Sydney Live 2011.mp3
Here Without You,Various Artists,Away from the Sun,,,81%,Retro Dance & Pop-Rock,06 Here Without You.mp3
Huong Vietnam,Various Artists,Buddha Bar Vol. 7,,,81%,Buddha Bar Lounge,02 Huong Vietnam.mp3
I Buy the Drugs,Various Artists,Switzerland,,,81%,Retro Dance & Pop-Rock,02-I Buy the Drugs.mp3
I Feel You,Various Artists,Away from the Sun,,,81%,Retro Dance & Pop-Rock,07 I Feel You.mp3
I Love America (David Penn & Rober Gaez Remix),Various Artists,VA - Hed Kandi Miami 2013 [2013-Album] WEB-DL Mp3 CBR 320Kbps NimitMak SilverRG,,,81%,Retro Dance & Pop-Rock,20 I Love America (David Penn & Rober Gaez Remix).mp3
In My Own World Original Mix,Various Artists,Indie,,,81%,Retro Dance & Pop-Rock,In My Own World Original Mix.mp3
It_s Alright (Main Mix),Various Artists,VA - Hed Kandi Miami 2013 [2013-Album] WEB-DL Mp3 CBR 320Kbps NimitMak SilverRG,,,81%,Retro Dance & Pop-Rock,07 It_s Alright (Main Mix).mp3
Joy on a Stick,Various Artists,Buddha Bar Vol. 7,,,81%,Buddha Bar Lounge,07 Joy on a Stick.mp3
Jumpin (Iban Reus Remix),Various Artists,VA - Hed Kandi Miami 2013 [2013-Album] WEB-DL Mp3 CBR 320Kbps NimitMak SilverRG,,,81%,Retro Dance & Pop-Rock,24 Jumpin (Iban Reus Remix).mp3
Keep On Groovin' (feat. Onix Lan),Various Artists,VA - Hed Kandi Miami 2013 [2013-Album] WEB-DL Mp3 CBR 320Kbps NimitMak SilverRG,,,81%,Retro Dance & Pop-Rock,10 Keep On Groovin' (feat. Onix Lan).mp3
Kit Kat Jam,Various Artists,Busted Stuff,,,81%,Retro Dance & Pop-Rock,08 Kit Kat Jam.mp3
Let Me Tell You Something (Sandy Rivera’s Mix),Various Artists,VA - Hed Kandi Miami 2013 [2013-Album] WEB-DL Mp3 CBR 320Kbps NimitMak SilverRG,,,81%,Retro Dance & Pop-Rock,18 Let Me Tell You Something  (Sandy Rivera’s Mix).mp3
Light My Heart,Various Artists,Buddha Bar Vol. 7,,,81%,Buddha Bar Lounge,11 Light My Heart.mp3
Light Signs,Various Artists,Buddha Bar Vol. 7,,,81%,Buddha Bar Lounge,03 Light Signs.mp3
Living From The Mind (Miami Central Mix),Various Artists,VA - Hed Kandi Miami 2013 [2013-Album] WEB-DL Mp3 CBR 320Kbps NimitMak SilverRG,,,81%,Retro Dance & Pop-Rock,06 Living From The Mind (Miami Central Mix).mp3
Lovasok a Szakadek Fele,Various Artists,Buddha Bar Vol. 7,,,81%,Buddha Bar Lounge,07 Lovasok a Szakadek Fele.mp3
Love You Feel 2013 (Grayson P. Remix),Various Artists,VA - Hed Kandi Miami 2013 [2013-Album] WEB-DL Mp3 CBR 320Kbps NimitMak SilverRG,,,81%,Retro Dance & Pop-Rock,09 Love You Feel 2013 (Grayson P. Remix).mp3
Magma Mama,Various Artists,Buddha Bar Vol. 7,,,81%,Buddha Bar Lounge,13 Magma Mama.mp3
Mama Guela [Stuhr Remix],Various Artists,Buddha Bar Vol. 7,,,81%,Buddha Bar Lounge,13 Mama Guela [Stuhr Remix].mp3
Medusa,Various Artists,Buddha Bar Vol. 7,,,81%,Buddha Bar Lounge,10 Medusa.mp3
Miami Heat (Edit),Various Artists,VA - Hed Kandi Miami 2013 [2013-Album] WEB-DL Mp3 CBR 320Kbps NimitMak SilverRG,,,81%,Retro Dance & Pop-Rock,05 Miami Heat (Edit).mp3
Mo Ashibi [Jason Bentley Remix],Various Artists,Buddha Bar Vol. 7,,,81%,Buddha Bar Lounge,05 Mo Ashibi [Jason Bentley Remix].mp3
More of You (feat. Rasul) (Soulmagic Classic remix),Various Artists,VA - Hed Kandi Miami 2013 [2013-Album] WEB-DL Mp3 CBR 320Kbps NimitMak SilverRG,,,81%,Retro Dance & Pop-Rock,04 More of You (feat. Rasul) (Soulmagic Classic remix).mp3
Moussoulou,Various Artists,Buddha Bar Vol. 7,,,81%,Buddha Bar Lounge,10 Moussoulou.mp3
Night Vision,Various Artists,Switzerland,,,81%,Retro Dance & Pop-Rock,04-Night Vision.mp3
Ohm Suaa,Various Artists,Buddha Bar Vol. 7,,,81%,Buddha Bar Lounge,02 Ohm Suaa.mp3
Perfume,Various Artists,Buddha Bar Vol. 7,,,81%,Buddha Bar Lounge,06 Perfume.mp3
Postales,Various Artists,Buddha Bar Vol. 7,,,81%,Buddha Bar Lounge,08 Postales.mp3
Prozak,Various Artists,VA - Hed Kandi Miami 2013 [2013-Album] WEB-DL Mp3 CBR 320Kbps NimitMak SilverRG,,,81%,Retro Dance & Pop-Rock,16 Prozak.mp3
Raven,Various Artists,Busted Stuff,,,81%,Retro Dance & Pop-Rock,06 Raven.mp3
Reach Out To Me (feat. Inaya Day),Various Artists,VA - Hed Kandi Miami 2013 [2013-Album] WEB-DL Mp3 CBR 320Kbps NimitMak SilverRG,,,81%,Retro Dance & Pop-Rock,02 Reach Out To Me (feat. Inaya Day).mp3
Ritmo Caliente,Various Artists,Buddha Bar Vol. 7,,,81%,Buddha Bar Lounge,09 Ritmo Caliente.mp3
Running Out Of Days,Various Artists,Away from the Sun,,,81%,Retro Dance & Pop-Rock,05 Running Out Of Days.mp3
Sarah Yellin,Various Artists,Away from the Sun,,,81%,Retro Dance & Pop-Rock,11 Sarah Yellin'.mp3
Shake It Up (Punjaab Radio Mix),Various Artists,Basic Instinct,,,81%,Retro Dance & Pop-Rock,Shake It Up (Punjaab Radio Mix).mp3
So In Love With You,Various Artists,VA - Hed Kandi Miami 2013 [2013-Album] WEB-DL Mp3 CBR 320Kbps NimitMak SilverRG,,,81%,Retro Dance & Pop-Rock,25 So In Love With You.mp3
Sometimes (Jerome Robins 1999 Mix),Various Artists,VA - Hed Kandi Miami 2013 [2013-Album] WEB-DL Mp3 CBR 320Kbps NimitMak SilverRG,,,81%,Retro Dance & Pop-Rock,11 Sometimes (Jerome Robins 1999 Mix).mp3
Sous le Soleil de Bodega [Bodega Di Moko],Various Artists,Buddha Bar Vol. 7,,,81%,Buddha Bar Lounge,14 Sous le Soleil de Bodega [Bodega Di Moko].mp3
Spirit of Drums [Sumo Afrobounce Remix],Various Artists,Buddha Bar Vol. 7,,,81%,Buddha Bar Lounge,03 Spirit of Drums [Sumo Afrobounce Remix].mp3
Stood for Love (Simon Barbaresi Hot Mix),Various Artists,VA - Hed Kandi Miami 2013 [2013-Album] WEB-DL Mp3 CBR 320Kbps NimitMak SilverRG,,,81%,Retro Dance & Pop-Rock,08 Stood for Love (Simon Barbaresi Hot Mix).mp3
Take Me Inside [Christophe Goze Mix],Various Artists,Buddha Bar Vol. 7,,,81%,Buddha Bar Lounge,05 Take Me Inside [Christophe Goze Mix].mp3
The End (feat. Tess Leah) [Edit],Various Artists,VA - Hed Kandi Miami 2013 [2013-Album] WEB-DL Mp3 CBR 320Kbps NimitMak SilverRG,,,81%,Retro Dance & Pop-Rock,30 The End (feat. Tess Leah) [Edit].mp3
The Moment,Various Artists,Buddha Bar Vol. 7,,,81%,Buddha Bar Lounge,09 The Moment.mp3
The Road I'm On,Various Artists,Away from the Sun,,,81%,Retro Dance & Pop-Rock,03 The Road I'm On.mp3
The Song,Various Artists,Buddha Bar Vol. 7,,,81%,Buddha Bar Lounge,01 The Song.mp3
The Touch (Vocal Mix),Various Artists,VA - Hed Kandi Miami 2013 [2013-Album] WEB-DL Mp3 CBR 320Kbps NimitMak SilverRG,,,81%,Retro Dance & Pop-Rock,14 The Touch (Vocal Mix).mp3
The Whistle (feat. Rudy),Various Artists,VA - Hed Kandi Miami 2013 [2013-Album] WEB-DL Mp3 CBR 320Kbps NimitMak SilverRG,,,81%,Retro Dance & Pop-Rock,26 The Whistle (feat. Rudy).mp3
The Whistle Song (Supernova Remix),Various Artists,VA - Hed Kandi Miami 2013 [2013-Album] WEB-DL Mp3 CBR 320Kbps NimitMak SilverRG,,,81%,Retro Dance & Pop-Rock,15 The Whistle Song (Supernova Remix).mp3
Ticket To Heaven,Various Artists,Away from the Sun,,,81%,Retro Dance & Pop-Rock,04 Ticket To Heaven.mp3
Underground (Dennis Ferrer Remix),Various Artists,VA - Hed Kandi Miami 2013 [2013-Album] WEB-DL Mp3 CBR 320Kbps NimitMak SilverRG,,,81%,Retro Dance & Pop-Rock,17 Underground (Dennis Ferrer Remix).mp3
Uzoamaka,Various Artists,Buddha Bar Vol. 7,,,81%,Buddha Bar Lounge,08 Uzoamaka.mp3
West End Girls,Various Artists,VA - Hed Kandi Miami 2013 [2013-Album] WEB-DL Mp3 CBR 320Kbps NimitMak SilverRG,,,81%,Retro Dance & Pop-Rock,19 West End Girls.mp3
When I'm Gone,Various Artists,Away from the Sun,,,81%,Retro Dance & Pop-Rock,01 When I'm Gone.mp3
Where Are You Going,Various Artists,Busted Stuff,,,81%,Retro Dance & Pop-Rock,03 Where Are You Going.mp3
You & Me,Various Artists,VA - Hed Kandi Miami 2013 [2013-Album] WEB-DL Mp3 CBR 320Kbps NimitMak SilverRG,,,81%,Retro Dance & Pop-Rock,01 You & Me.mp3
You Made Me Do It (Grant Nelson Remix),Various Artists,VA - Hed Kandi Miami 2013 [2013-Album] WEB-DL Mp3 CBR 320Kbps NimitMak SilverRG,,,81%,Retro Dance & Pop-Rock,22 You Made Me Do It (Grant Nelson Remix).mp3
You Never Know,Various Artists,Busted Stuff,,,81%,Retro Dance & Pop-Rock,04 You Never Know.mp3
24 Hours,Vengaboys,Vengaboys - The party album!,,,81%,Retro Dance & Pop-Rock,15 24 Hours.mp3
All Night Passion,Vengaboys,Vengaboys - The party album!,,,81%,Retro Dance & Pop-Rock,14 All Night Passion.mp3
"Boom, Boom, Boom, Boom!!",Vengaboys,Discoteca Anni 90,,,81%,Retro Dance & Pop-Rock,"Vengaboys - Boom, Boom, Boom, Boom!!.mp3"
Forever as One,Vengaboys,Vengaboys - The platinum album,,,81%,Retro Dance & Pop-Rock,09 Forever as One.mp3
Ho Ho,Vengaboys,Vengaboys - The party album!,,,81%,Retro Dance & Pop-Rock,03 Ho Ho Vengaboys.mp3
Kiss (When the Sun Don't Shine),Vengaboys,Vengaboys - The platinum album,,,81%,Retro Dance & Pop-Rock,03 Kiss (When the Sun Don't Shine).mp3
Movin' Around,Vengaboys,Vengaboys - The party album!,,,81%,Retro Dance & Pop-Rock,08 Movin' Around.mp3
Opus 3 in D#,Vengaboys,Vengaboys - The platinum album,,,81%,Retro Dance & Pop-Rock,10 Opus 3 in D#.mp3
Overwhelm Yourself,Vengaboys,Vengaboys - The party album!,,,81%,Retro Dance & Pop-Rock,09 Overwhelm Yourself.mp3
Parada De Tettas,Vengaboys,Vengaboys - The party album!,,,81%,Retro Dance & Pop-Rock,06 Parada De Tettas.mp3
Paradise,Vengaboys,Vengaboys - The party album!,,,81%,Retro Dance & Pop-Rock,12 Paradise.mp3
Skinnydippin,Vengaboys,Vengaboys - The platinum album,,,81%,Retro Dance & Pop-Rock,08 Skinnydippin'.mp3
Superfly Slick Dick,Vengaboys,Vengaboys - The party album!,,,81%,Retro Dance & Pop-Rock,13 Superfly Slick Dick.mp3
The Vengabeat,Vengaboys,Vengaboys - The party album!,,,81%,Retro Dance & Pop-Rock,11 The Vengabeat.mp3
To Brazil! (Medium Radio),Vengaboys,Vengaboys - The party album!,,,81%,Retro Dance & Pop-Rock,07 To Brazil! (Medium Radio).mp3
To The Rhythm,Vengaboys,Vengaboys - The party album!,,,81%,Retro Dance & Pop-Rock,16 To The Rhythm.mp3
Uncle John from Jamaica,Vengaboys,Vengaboys - The platinum album,,,81%,Retro Dance & Pop-Rock,04 Uncle John from Jamaica.mp3
Up & Down,Vengaboys,Discoteca Anni 90,,,81%,Retro Dance & Pop-Rock,Vengaboys - Up & Down.mp3
We Like To Party!,Vengaboys,Discoteca Anni 90,,,81%,Retro Dance & Pop-Rock,Vengaboys - We Like To Party!.mp3
We're Going To Ibiza,Vengaboys,Discoteca Anni 90,,,81%,Retro Dance & Pop-Rock,Vengaboys - We're Going To Ibiza.mp3
You And Me,Vengaboys,Vengaboys - The party album!,,,81%,Retro Dance & Pop-Rock,10 You And Me.mp3
Your Place or Mine,Vengaboys,Vengaboys - The platinum album,,,81%,Retro Dance & Pop-Rock,07 Your Place or Mine_.mp3
Lowdown (Original Mix),Vicetone,Beatport Progressive House Top100 (February 14),,,81%,Retro Dance & Pop-Rock,Vicetone - Lowdown (Original Mix).mp3
White Lies (Original Mix),Vicetone feat Chloe Angelides,Top 100 Beatport - April 2014,,,81%,Retro Dance & Pop-Rock,63 - Vicetone feat Chloe Angelides - White Lies (Original Mix).mp3
The Code (Original Mix),"W&W, Ummet Ozcan","Top 20 Electro, Tech & Progressive House Charts - Feb 2013 - iCORM",,,81%,Retro Dance & Pop-Rock,"003. W&W, Ummet Ozcan - The Code (Original Mix).mp3"
King Of My Castle,Wamdue Project,Discoteca Anni 90,,,81%,Retro Dance & Pop-Rock,Wamdue Project - King Of My Castle.mp3
Just One Day,Water And Fay Lovsky,Supperclub present Nomads  1_2_3_4 by Ramasutra [mp3 Flac],,,81%,Buddha Bar Lounge,01 - Water And Fay Lovsky - Just One Day.mp3
Lovin' Times (Extended Mix),Web,Discoteca Anni 90,,,81%,Retro Dance & Pop-Rock,Web - Lovin' Times (Extended Mix).mp3
Saturday Night,Whigfield,Discoteca Anni 90,,,81%,Retro Dance & Pop-Rock,Whigfield - Saturday Night.mp3
I've Said Enough,White Collar Criminals,Best Of House 16,,,81%,Retro Dance & Pop-Rock,White Collar Criminals - I've Said Enough.mp3
Ah Yeah! (Original Mix),Will Sparks,"Top 20 Electro, Tech & Progressive House Charts - Feb 2013 - iCORM",,,81%,Retro Dance & Pop-Rock,007. Will Sparks - Ah Yeah! (Original Mix).mp3
Never (Yves Murasca Nu Afrocan Main Mix),Yves Murasca,VA - Hed Kandi Ibiza 2012 (2012),,,81%,Retro Dance & Pop-Rock,26.Yves Murasca - Never (Yves Murasca Nu Afrocan Main Mix).mp3
Romantic,Zeb,Supperclub present Nomads  1_2_3_4 by Ramasutra [mp3 Flac],,,81%,Buddha Bar Lounge,03 - Zeb - Romantic.mp3
